osmid,y,x,street_count,ref,highway,geometry,bank_amenity,bank_node,bank_dist,courthouse_amenity,courthouse_node,courthouse_dist,hospital_amenity,hospital_node,hospital_dist,marketplace_amenity,marketplace_node,marketplace_dist,police_amenity,police_node,police_dist,school_amenity,school_node,school_dist,university_amenity,university_node,university_dist
182439911,-12.3442095,-76.8125877,1,,,POINT (-76.81258769999999 -12.3442095),,,,,,,,,,171652088,1826469973,,319488480,1826469898,,5593357481,1832652904,,,,
258066779,-12.3711599,-76.784901,3,45A,motorway_junction,POINT (-76.784901 -12.3711599),,,,,,,,,,171652088,1826469973,2261.3200000000006,319488480,1826469898,2535.185000000001,5593356863,6450999546,1756.0180000000003,,,
258066780,-12.3765219,-76.7793541,2,,,POINT (-76.77935410000001 -12.3765219),,,,,,,,,,171652088,1826469973,,319488480,1826469898,,5593356863,6450999546,,,,
258066956,-12.3435387,-76.8132658,1,,,POINT (-76.8132658 -12.3435387),,,,,,,,,,171652088,1826469973,3712.0109999999995,319488480,1826469898,3607.6059999999993,5593357481,1832652904,5607.8640000000005,,,
472561534,-12.3743663,-76.781928,4,,,POINT (-76.78192799999999 -12.3743663),,,,,,,,,,171652088,1826469973,1801.3550000000002,319488480,1826469898,2075.2200000000003,5593356863,6450999546,1296.053,,,
472561535,-12.373936,-76.7815108,4,,,POINT (-76.78151080000001 -12.373936),,,,,,,,,,171652088,1826469973,1867.2540000000004,319488480,1826469898,2141.1190000000006,5593356863,6450999546,1361.9520000000002,,,
472561556,-12.3758083,-76.7833245,4,,,POINT (-76.78332450000001 -12.3758083),,,,,,,,,,171652088,1826469973,1610.0260000000003,319488480,1826469898,1883.8910000000003,5593356863,6450999546,1104.7240000000002,,,
472561566,-12.3754584,-76.7829833,3,,,POINT (-76.7829833 -12.3754584),,,,,,,,,,171652088,1826469973,1634.3700000000003,319488480,1826469898,1908.2350000000004,5593356863,6450999546,1129.0680000000002,,,
472561575,-12.3745947,-76.7821498,3,,,POINT (-76.7821498 -12.3745947),,,,,,,,,,171652088,1826469973,1766.3500000000004,319488480,1826469898,2040.2150000000004,5593356863,6450999546,1261.0480000000002,,,
472561604,-12.3737516,-76.7787796,3,,,POINT (-76.77877959999999 -12.3737516),,,,,,,,,,171652088,1826469973,2190.9770000000003,319488480,1826469898,2464.8420000000006,5593356863,6450999546,1685.6750000000002,,,
472561673,-12.3737336,-76.7813017,3,,,POINT (-76.7813017 -12.3737336),,,,,,,,,,171652088,1826469973,1899.2270000000003,319488480,1826469898,2173.0920000000006,5593356863,6450999546,1393.9250000000002,,,
472561684,-12.3746953,-76.7816058,3,,,POINT (-76.78160579999999 -12.3746953),,,,,,,,,,171652088,1826469973,,319488480,1826469898,,5593356863,6450999546,,,,
472561687,-12.374688,-76.7820784,3,,,POINT (-76.7820784 -12.374688),,,,,,,,,,171652088,1826469973,1984.4110000000003,319488480,1826469898,2258.2760000000003,5593356863,6450999546,1479.1090000000002,,,
472562546,-12.3744656,-76.781832,4,,,POINT (-76.78183199999999 -12.3744656),,,,,,,,,,171652088,1826469973,1947.9730000000002,319488480,1826469898,2221.838,5593356863,6450999546,1442.671,,,
472562901,-12.375599,-76.7830008,3,,,POINT (-76.7830008 -12.375599),,,,,,,,,,171652088,1826469973,2126.882,319488480,1826469898,2400.7470000000003,5593356863,6450999546,1621.5800000000002,,,
472563084,-12.3765224,-76.7791575,2,45B,motorway_junction,POINT (-76.7791575 -12.3765224),,,,,,,,,,171652088,1826469973,2252.2630000000004,319488480,1826469898,2526.1280000000006,5593356863,6450999546,1746.9610000000002,,,
472563103,-12.3742491,-76.781177,4,,,POINT (-76.781177 -12.3742491),,,,,,,,,,171652088,1826469973,1917.5870000000002,319488480,1826469898,2191.4520000000007,5593356863,6450999546,1412.285,,,
472563105,-12.3740388,-76.7814173,4,,,POINT (-76.7814173 -12.3740388),,,,,,,,,,171652088,1826469973,1882.5440000000003,319488480,1826469898,2156.4090000000006,5593356863,6450999546,1377.2420000000002,,,
472563136,-12.3737798,-76.7816207,3,,,POINT (-76.7816207 -12.3737798),,,,,,,,,,171652088,1826469973,,319488480,1826469898,,5593356863,6450999546,,,,
472563141,-12.3720317,-76.7838208,3,,,POINT (-76.7838208 -12.3720317),,,,,,,,,,171652088,1826469973,,319488480,1826469898,,5593356863,6450999546,,,,
472563248,-12.3741387,-76.7821974,3,,,POINT (-76.7821974 -12.3741387),,,,,,,,,,171652088,1826469973,1818.4210000000003,319488480,1826469898,2092.286,5593356863,6450999546,1313.1190000000001,,,
495241573,-12.3609189,-76.7976464,3,,,POINT (-76.7976464 -12.3609189),,,,,,,,,,171652088,1826469973,2233.022,319488480,1826469898,1959.1569999999997,5593357482,1826469851,1486.3609999999999,,,
495284663,-12.3758728,-76.7832472,4,,,POINT (-76.78324720000001 -12.3758728),,,,,,,,,,171652088,1826469973,1621.0680000000002,319488480,1826469898,1894.9330000000002,5593356863,6450999546,1115.766,,,
495284701,-12.3753513,-76.7838631,3,,,POINT (-76.7838631 -12.3753513),,,,,,,,,,171652088,1826469973,1532.5390000000002,319488480,1826469898,1806.4040000000002,5593356863,6450999546,1027.237,,,
495285658,-12.3761748,-76.7829221,3,,,POINT (-76.78292209999999 -12.3761748),,,,,,,,,,171652088,1826469973,1669.7960000000003,319488480,1826469898,1943.6610000000003,5593356863,6450999546,1164.4940000000001,,,
1273492994,-12.3750654,-76.786449,4,,,POINT (-76.786449 -12.3750654),,,,,,,,,,171652088,1826469973,1321.851,319488480,1826469898,1595.7160000000001,5593356863,6450999546,842.41,,,
1273504411,-12.3674282,-76.7928905,3,,,POINT (-76.7928905 -12.3674282),,,,,,,,,,171652088,1826469973,175.17,319488480,1826469898,449.035,5593356867,1826469989,185.85,,,
1273506491,-12.3747481,-76.787714,5,,,POINT (-76.78771399999999 -12.3747481),,,,,,,,,,171652088,1826469973,1279.112,319488480,1826469898,1547.428,5593356863,6450999546,799.6709999999999,,,
1273563923,-12.3750739,-76.7854343,4,,,POINT (-76.78543430000001 -12.3750739),,,,,,,,,,171652088,1826469973,1399.034,319488480,1826469898,1672.8990000000001,5593356863,6450999546,893.7320000000001,,,
1273682145,-12.3752998,-76.7857729,4,,,POINT (-76.7857729 -12.3752998),,,,,,,,,,171652088,1826469973,1430.199,319488480,1826469898,1704.064,5593356863,6450999546,934.128,,,
1273688948,-12.3748044,-76.7850741,3,,,POINT (-76.7850741 -12.3748044),,,,,,,,,,171652088,1826469973,1358.546,319488480,1826469898,1632.4110000000003,5593356863,6450999546,853.244,,,
1273699719,-12.3751526,-76.7882409,3,,,POINT (-76.78824090000001 -12.3751526),,,,,,,,,,171652088,1826469973,1351.9,319488480,1826469898,1620.2160000000001,5593356863,6450999546,872.459,,,
1273783324,-12.3746903,-76.7857066,3,,,POINT (-76.7857066 -12.3746903),,,,,,,,,,171652088,1826469973,1347.116,319488480,1826469898,1620.981,5593356863,6450999546,841.814,,,
1273795547,-12.3754678,-76.7886517,3,,,POINT (-76.7886517 -12.3754678),,,,,,,,,,171652088,1826469973,1396.5049999999999,319488480,1826469898,1664.4399999999998,5593356863,6450999546,927.713,,,
1273801757,-12.3748861,-76.7887764,3,,,POINT (-76.7887764 -12.3748861),,,,,,,,,,171652088,1826469973,1310.095,319488480,1826469898,1578.03,5593356863,6450999546,841.3029999999999,,,
1273847029,-12.3681943,-76.7939357,4,,,POINT (-76.79393570000001 -12.3681943),,,,,,,,,,171652088,1826469973,290.236,319488480,1826469898,558.1709999999999,4834711721,1826470005,109.676,,,
1273865134,-12.3595896,-76.7975625,3,,,POINT (-76.7975625 -12.3595896),,,,,,,,,,171652088,1826469973,2277.892,319488480,1826469898,2004.0269999999996,5593357482,1826469851,1531.2309999999998,,,
1273876607,-12.3551456,-76.8042086,3,,,POINT (-76.8042086 -12.3551456),,,,,,,,,,171652088,1826469973,3236.7320000000004,319488480,1826469898,2962.867,5593357478,7059096563,1904.7990000000002,,,
1273963532,-12.3678043,-76.7934405,4,,,POINT (-76.7934405 -12.3678043),,,,,,,,,,171652088,1826469973,224.56300000000002,319488480,1826469898,492.754,4834711721,1826470005,178.767,,,
1273969673,-12.3609657,-76.7968122,3,,,POINT (-76.79681220000001 -12.3609657),,,,,,,,,,171652088,1826469973,2362.966,319488480,1826469898,2089.1009999999997,5593357482,1826469851,1616.3049999999998,,,
1273971664,-12.3598092,-76.7977879,3,,,POINT (-76.7977879 -12.3598092),,,,,,,,,,171652088,1826469973,2243.314,319488480,1826469898,1969.4489999999996,5593357482,1826469851,1496.6529999999998,,,
1273986413,-12.3638124,-76.7977567,3,,,POINT (-76.79775669999999 -12.3638124),,,,,,,,,,171652088,1826469973,632.6089999999999,319488480,1826469898,358.744,5593356806,1826469927,394.204,,,
1817713691,-12.3743664,-76.7871565,4,,,POINT (-76.78715649999999 -12.3743664),,,,,,,,,,171652088,1826469973,1220.084,319488480,1826469898,1491.9530000000002,5593356863,6450999546,740.6429999999999,,,
1817713693,-12.3744595,-76.7854072,3,,,POINT (-76.78540719999999 -12.3744595),,,,,,,,,,171652088,1826469973,1305.69,319488480,1826469898,1579.555,5593356863,6450999546,800.388,,,
1817713701,-12.3752252,-76.7874062,3,,,POINT (-76.78740620000001 -12.3752252),,,,,,,,,,171652088,1826469973,1341.818,319488480,1826469898,1610.1340000000002,5593356863,6450999546,862.3769999999998,,,
1817713705,-12.375317,-76.7884552,3,,,POINT (-76.7884552 -12.375317),,,,,,,,,,171652088,1826469973,1369.364,319488480,1826469898,1637.2990000000002,5593356863,6450999546,900.5719999999999,,,
1817713706,-12.3753291,-76.7868132,3,,,POINT (-76.7868132 -12.3753291),,,,,,,,,,171652088,1826469973,1371.0900000000001,319488480,1826469898,1644.9550000000002,5593356863,6450999546,891.649,,,
1817713710,-12.3755304,-76.7861165,4,,,POINT (-76.78611650000001 -12.3755304),,,,,,,,,,171652088,1826469973,1384.92,319488480,1826469898,1658.785,5593356863,6450999546,905.4789999999999,,,
1817713719,-12.3755993,-76.7871865,4,,,POINT (-76.7871865 -12.3755993),,,,,,,,,,171652088,1826469973,1389.7740000000001,319488480,1826469898,1658.0900000000004,5593356863,6450999546,910.333,,,
1817713721,-12.3755877,-76.7879236,3,,,POINT (-76.7879236 -12.3755877),,,,,,,,,,171652088,1826469973,1410.9750000000001,319488480,1826469898,1679.2910000000004,5593356863,6450999546,931.534,,,
1817713723,-12.3756543,-76.7901328,3,,,POINT (-76.79013279999999 -12.3756543),,,,,,,,,,171652088,1826469973,1337.7839999999999,319488480,1826469898,1575.515,5593356863,6450999546,964.453,,,
1817713724,-12.3757782,-76.7881877,3,,,POINT (-76.78818769999999 -12.3757782),,,,,,,,,,171652088,1826469973,1446.633,319488480,1826469898,1714.9490000000003,5593356863,6450999546,967.1919999999999,,,
1817713726,-12.3757847,-76.7864906,4,,,POINT (-76.78649059999999 -12.3757847),,,,,,,,,,171652088,1826469973,1432.6870000000001,319488480,1826469898,1706.5520000000004,5593356863,6450999546,953.246,,,
1817713730,-12.3758861,-76.7883429,3,,,POINT (-76.7883429 -12.3758861),,,,,,,,,,171652088,1826469973,1453.849,319488480,1826469898,1721.7839999999999,5593356863,6450999546,985.057,,,
1817713731,-12.3759822,-76.7893219,3,,,POINT (-76.7893219 -12.3759822),,,,,,,,,,171652088,1826469973,1429.896,319488480,1826469898,1697.831,5593356863,6450999546,961.104,,,
1817713733,-12.3760476,-76.7868839,4,,,POINT (-76.78688390000001 -12.3760476),,,,,,,,,,171652088,1826469973,1449.4820000000002,319488480,1826469898,1717.7980000000005,5593356863,6450999546,970.041,,,
1817713735,-12.376117,-76.7847143,3,,,POINT (-76.7847143 -12.376117),,,,,,,,,,171652088,1826469973,1538.9210000000003,319488480,1826469898,1812.7860000000003,5593356863,6450999546,1033.6190000000001,,,
1817713737,-12.3761364,-76.7879284,4,,,POINT (-76.7879284 -12.3761364),,,,,,,,,,171652088,1826469973,1490.0720000000001,319488480,1826469898,1758.3880000000001,5593356863,6450999546,1010.631,,,
1817713739,-12.3761818,-76.7841235,1,,,POINT (-76.78412350000001 -12.3761818),,,,,,,,,,171652088,1826469973,1543.2720000000002,319488480,1826469898,1817.1370000000004,5593356863,6450999546,1037.97,,,
1817713741,-12.3763583,-76.7850478,4,,,POINT (-76.7850478 -12.3763583),,,,,,,,,,171652088,1826469973,1571.13,319488480,1826469898,1844.9950000000001,5593356863,6450999546,1075.7450000000001,,,
1817713743,-12.3763713,-76.7890405,3,,,POINT (-76.7890405 -12.3763713),,,,,,,,,,171652088,1826469973,1482.868,319488480,1826469898,1750.803,5593356863,6450999546,1014.076,,,
1817713745,-12.3765024,-76.7844446,1,,,POINT (-76.7844446 -12.3765024),,,,,,,,,,171652088,1826469973,1590.8300000000002,319488480,1826469898,1864.6950000000004,5593356863,6450999546,1085.528,,,
1817713747,-12.3765879,-76.7853723,4,,,POINT (-76.78537230000001 -12.3765879),,,,,,,,,,171652088,1826469973,1527.6100000000001,319488480,1826469898,1801.4750000000001,5593356863,6450999546,1048.169,,,
1817713758,-12.3767512,-76.7887777,3,,,POINT (-76.7887777 -12.3767512),,,,,,,,,,171652088,1826469973,1533.85,319488480,1826469898,1801.785,5593356863,6450999546,1065.0580000000002,,,
1817713759,-12.37679,-76.784752,1,,,POINT (-76.784752 -12.37679),,,,,,,,,,171652088,1826469973,1628.8920000000003,319488480,1826469898,1902.7570000000003,5593356863,6450999546,1133.507,,,
1817713760,-12.376845,-76.7857397,4,,,POINT (-76.78573969999999 -12.376845),,,,,,,,,,171652088,1826469973,1576.0460000000003,319488480,1826469898,1849.9110000000003,5593356863,6450999546,1096.6050000000002,,,
1817713761,-12.3769499,-76.7894951,3,,,POINT (-76.7894951 -12.3769499),,,,,,,,,,171652088,1826469973,1497.6329999999998,319488480,1826469898,1735.3640000000003,5593356863,6450999546,1124.3020000000001,,,
1817713762,-12.376985,-76.785113,1,,,POINT (-76.785113 -12.376985),,,,,,,,,,171652088,1826469973,1579.9820000000002,319488480,1826469898,1853.8470000000004,5593356863,6450999546,1100.5410000000002,,,
1817713764,-12.3771375,-76.7885058,3,,,POINT (-76.7885058 -12.3771375),,,,,,,,,,171652088,1826469973,1585.977,319488480,1826469898,1853.912,5593356863,6450999546,1117.1850000000002,,,
1817713766,-12.377224,-76.7854712,1,,,POINT (-76.7854712 -12.377224),,,,,,,,,,171652088,1826469973,1627.295,319488480,1826469898,1901.16,5593356863,6450999546,1147.854,,,
1817713767,-12.3772351,-76.790008,3,,,POINT (-76.790008 -12.3772351),,,,,,,,,,171652088,1826469973,1561.7339999999997,319488480,1826469898,1799.465,5593356863,6450999546,1188.4030000000002,,,
1817713771,-12.3778066,-76.7889731,3,,,POINT (-76.78897310000001 -12.3778066),,,,,,,,,,171652088,1826469973,1608.4879999999998,319488480,1826469898,1846.2190000000003,5593356863,6450999546,1235.1570000000002,,,
1817713773,-12.3780213,-76.7894766,3,,,POINT (-76.7894766 -12.3780213),,,,,,,,,,171652088,1826469973,1666.4889999999998,319488480,1826469898,1904.22,5593356863,6450999546,1293.1580000000001,,,
1817713781,-12.3786912,-76.78741,1,,,POINT (-76.78740999999999 -12.3786912),,,,,,,,,,171652088,1826469973,1795.767,319488480,1826469898,2063.7019999999998,5593356863,6450999546,1326.9750000000001,,,
1817713787,-12.3788846,-76.7890878,3,,,POINT (-76.7890878 -12.3788846),,,,,,,,,,171652088,1826469973,1771.4669999999996,319488480,1826469898,2009.198,5593356863,6450999546,1398.1360000000002,,,
1817713791,-12.3799264,-76.7882175,4,,,POINT (-76.7882175 -12.3799264),,,,,,,,,,171652088,1826469973,1861.8489999999997,319488480,1826469898,2099.58,5593356863,6450999546,1488.5180000000003,,,
1817713792,-12.38094,-76.7880465,3,,,POINT (-76.78804649999999 -12.38094),,,,,,,,,,171652088,1826469973,1976.0759999999998,319488480,1826469898,2213.8070000000002,5593356863,6450999546,1602.7450000000001,,,
1817713793,-12.38117,-76.7880108,4,,,POINT (-76.7880108 -12.38117),,,,,,,,,,171652088,1826469973,2001.9429999999998,319488480,1826469898,2239.674,5593356863,6450999546,1628.612,,,
1826469732,-12.3526135,-76.8136714,3,,,POINT (-76.8136714 -12.3526135),,,,,,,,,,171652088,1826469973,2747.7010000000005,319488480,1826469898,2473.8360000000002,5593357481,1832652904,757.837,,,
1826469741,-12.3533397,-76.8123097,3,,,POINT (-76.8123097 -12.3533397),,,,,,,,,,171652088,1826469973,2579.0490000000004,319488480,1826469898,2305.184,5593357481,1832652904,590.625,,,
1826469743,-12.35342,-76.8101302,1,,,POINT (-76.8101302 -12.35342),,,,,,,,,,171652088,1826469973,2369.3660000000004,319488480,1826469898,2095.501,5593357481,1832652904,766.63,,,
1826469744,-12.3537244,-76.8102339,4,,,POINT (-76.8102339 -12.3537244),,,,,,,,,,171652088,1826469973,2333.693,319488480,1826469898,2059.828,5593357481,1832652904,730.957,,,
1826469745,-12.3538064,-76.8113241,3,,,POINT (-76.81132409999999 -12.3538064),,,,,,,,,,171652088,1826469973,2460.0780000000004,319488480,1826469898,2186.213,5593357481,1832652904,681.533,,,
1826469755,-12.3541011,-76.8093424,3,,,POINT (-76.80934240000001 -12.3541011),,,,,,,,,,171652088,1826469973,2228.1870000000004,319488480,1826469898,1954.3220000000001,5593357481,1832652904,836.463,,,
1826469757,-12.3542069,-76.8103773,3,,,POINT (-76.8103773 -12.3542069),,,,,,,,,,171652088,1826469973,2348.0080000000003,319488480,1826469898,2074.143,5593357481,1832652904,786.8240000000001,,,
1826469759,-12.3543016,-76.8083956,1,,,POINT (-76.8083956 -12.3543016),,,,,,,,,,171652088,1826469973,2152.8780000000006,319488480,1826469898,1879.0130000000004,5593357481,1832652904,964.3820000000001,,,
1826469761,-12.3545118,-76.8085067,4,,,POINT (-76.8085067 -12.3545118),,,,,,,,,,171652088,1826469973,2126.5730000000003,319488480,1826469898,1852.7080000000003,5593357481,1832652904,938.077,,,
1826469763,-12.3545909,-76.8095967,3,,,POINT (-76.8095967 -12.3545909),,,,,,,,,,171652088,1826469973,2253.0750000000003,319488480,1826469898,1979.21,5593357481,1832652904,881.7570000000001,,,
1826469765,-12.354629,-76.8075214,1,,,POINT (-76.8075214 -12.354629),,,,,,,,,,171652088,1826469973,2047.1870000000004,319488480,1826469898,1773.3220000000003,5593357481,1832652904,1072.147,,,
1826469767,-12.3548643,-76.8075945,4,,,POINT (-76.80759449999999 -12.3548643),,,,,,,,,,171652088,1826469973,2019.8450000000003,319488480,1826469898,1745.9800000000002,5593357481,1832652904,1044.805,,,
1826469769,-12.3549644,-76.808786,3,,,POINT (-76.808786 -12.3549644),,,,,,,,,,171652088,1826469973,2155.714,319488480,1826469898,1881.849,5593357481,1832652904,979.1179999999999,,,
1826469770,-12.3551753,-76.8066073,3,,,POINT (-76.8066073 -12.3551753),,,,,,,,,,171652088,1826469973,1907.1770000000006,319488480,1826469898,1633.3120000000004,5593357481,1832652904,1157.473,,,
1826469771,-12.3553179,-76.8077304,3,,,POINT (-76.8077304 -12.3553179),,,,,,,,,,171652088,1826469973,2034.5040000000004,319488480,1826469898,1760.6390000000001,5593357481,1832652904,1097.3590000000002,,,
1826469774,-12.3554411,-76.805831,3,,,POINT (-76.805831 -12.3554411),,,,,,,,,,171652088,1826469973,1817.7520000000004,319488480,1826469898,1543.8870000000002,5593357478,7059096563,509.80999999999995,,,
1826469776,-12.3556151,-76.80669,3,,,POINT (-76.80669 -12.3556151),,,,,,,,,,171652088,1826469973,1916.7630000000004,319488480,1826469898,1642.8980000000001,5593357481,1832652904,1207.1950000000002,,,
1826469778,-12.3557453,-76.8053488,4,,,POINT (-76.8053488 -12.3557453),,,,,,,,,,171652088,1826469973,1755.4030000000002,319488480,1826469898,1481.5380000000002,5593357478,7059096563,447.46099999999996,,,
1826469789,-12.3558332,-76.8061001,3,,,POINT (-76.80610009999999 -12.3558332),,,,,,,,,,171652088,1826469973,1848.2520000000004,319488480,1826469898,1574.3870000000002,5593357478,7059096563,547.003,,,
1826469793,-12.3559872,-76.8044033,4,,,POINT (-76.8044033 -12.3559872),,,,,,,,,,171652088,1826469973,1642.0610000000001,319488480,1826469898,1368.1960000000001,5593357478,7059096563,316.385,,,
1826469795,-12.3561268,-76.8056108,3,,,POINT (-76.8056108 -12.3561268),,,,,,,,,,171652088,1826469973,1785.8780000000002,319488480,1826469898,1512.0130000000001,5593357478,7059096563,484.629,,,
1826469797,-12.356271,-76.8045962,4,,,POINT (-76.80459620000001 -12.356271),,,,,,,,,,171652088,1826469973,1654.906,319488480,1826469898,1381.041,5593357478,7059096563,346.964,,,
1826469799,-12.3564299,-76.8035915,4,,,POINT (-76.8035915 -12.3564299),,,,,,,,,,171652088,1826469973,1541.1219999999998,319488480,1826469898,1267.2569999999998,5593357478,7059096563,209.18900000000002,,,
1826469801,-12.3564911,-76.8036336,4,,,POINT (-76.8036336 -12.3564911),,,,,,,,,,171652088,1826469973,1541.417,319488480,1826469898,1267.552,5593357478,7059096563,215.741,,,
1826469803,-12.3566271,-76.8048381,3,,,POINT (-76.8048381 -12.3566271),,,,,,,,,,171652088,1826469973,1685.185,319488480,1826469898,1411.32,5593357478,7059096563,383.93600000000004,,,
1826469805,-12.3567571,-76.8038085,4,,,POINT (-76.8038085 -12.3567571),,,,,,,,,,171652088,1826469973,1553.703,319488480,1826469898,1279.838,5593357478,7059096563,245.761,,,
1826469806,-12.3570301,-76.8028138,4,,,POINT (-76.8028138 -12.3570301),,,,,,,,,,171652088,1826469973,1434.08,319488480,1826469898,1160.215,5593357478,7059096563,108.40400000000001,,,
1826469810,-12.3571666,-76.8040778,3,,,POINT (-76.8040778 -12.3571666),,,,,,,,,,171652088,1826469973,1583.0100000000002,319488480,1826469898,1309.145,5593357478,7059096563,281.76099999999997,,,
1826469812,-12.3572629,-76.8029914,4,,,POINT (-76.8029914 -12.3572629),,,,,,,,,,171652088,1826469973,1448.63,319488480,1826469898,1174.765,5593357478,7059096563,140.68800000000002,,,
1826469824,-12.3580521,-76.8017879,3,,,POINT (-76.80178789999999 -12.3580521),,,,,,,,,,171652088,1826469973,1291.1170000000002,319488480,1826469898,1017.2520000000001,5593357478,7059096563,92.349,,,
1826469825,-12.3581563,-76.8010834,4,,,POINT (-76.8010834 -12.3581563),,,,,,,,,,171652088,1826469973,1208.228,319488480,1826469898,934.363,5593357478,7059096563,132.474,,,
1826469827,-12.3583371,-76.8020112,3,,,POINT (-76.8020112 -12.3583371),,,,,,,,,,171652088,1826469973,1322.0880000000002,319488480,1826469898,1048.223,5593357478,7059096563,132.256,,,
1826469829,-12.3583061,-76.8007668,3,,,POINT (-76.80076680000001 -12.3583061),,,,,,,,,,171652088,1826469973,1170.018,319488480,1826469898,896.153,5593357478,7059096563,170.684,,,
1826469830,-12.3584027,-76.8012798,4,,,POINT (-76.8012798 -12.3584027),,,,,,,,,,171652088,1826469973,1223.547,319488480,1826469898,949.6820000000001,5593357478,7059096563,159.91899999999998,,,
1826469832,-12.3586979,-76.8015151,3,,,POINT (-76.8015151 -12.3586979),,,,,,,,,,171652088,1826469973,1254.9080000000004,319488480,1826469898,981.0430000000001,5593357478,7059096563,199.436,,,
1826469834,-12.3588899,-76.8000191,3,,,POINT (-76.8000191 -12.3588899),,,,,,,,,,171652088,1826469973,1066.048,319488480,1826469898,792.1830000000001,5593357482,1826469851,344.394,,,
1826469836,-12.3589035,-76.8000596,3,,,POINT (-76.8000596 -12.3589035),,,,,,,,,,171652088,1826469973,1061.3960000000002,319488480,1826469898,787.5310000000002,5593357482,1826469851,339.74199999999996,,,
1826469838,-12.3591901,-76.8003723,4,,,POINT (-76.80037230000001 -12.3591901),,,,,,,,,,171652088,1826469973,1091.4160000000002,319488480,1826469898,817.551,5593357482,1826469851,294.467,,,
1826469840,-12.3594221,-76.8006252,3,,,POINT (-76.8006252 -12.3594221),,,,,,,,,,171652088,1826469973,1129.1000000000001,319488480,1826469898,855.2350000000001,5593357482,1826469851,332.151,,,
1826469841,-12.3600274,-76.7989569,4,,,POINT (-76.79895689999999 -12.3600274),,,,,,,,,,171652088,1826469973,888.296,319488480,1826469898,614.431,5593357482,1826469851,166.642,,,
1826469843,-12.3603231,-76.7992613,4,,,POINT (-76.7992613 -12.3603231),,,,,,,,,,171652088,1826469973,916.962,319488480,1826469898,643.0970000000001,5593357482,1826469851,120.013,,,
1826469845,-12.3605868,-76.7995328,3,,,POINT (-76.79953279999999 -12.3605868),,,,,,,,,,171652088,1826469973,958.548,319488480,1826469898,684.683,5593357482,1826469851,161.599,,,
1826469846,-12.3608443,-76.7981725,3,,,POINT (-76.79817250000001 -12.3608443),,,,,,,,,,171652088,1826469973,763.7470000000001,319488480,1826469898,489.88200000000006,5593357482,1826469851,50.545,,,
1826469851,-12.3611315,-76.7985332,4,,,POINT (-76.79853319999999 -12.3611315),,,,,,,,,,171652088,1826469973,796.9490000000001,319488480,1826469898,523.0840000000001,5593357482,1826469851,0.0,,,
1826469855,-12.3613352,-76.797727,3,,,POINT (-76.79772699999999 -12.3613352),,,,,,,,,,171652088,1826469973,690.8010000000002,319488480,1826469898,416.93600000000004,5593357482,1826469851,121.834,,,
1826469857,-12.3614223,-76.7983977,3,,,POINT (-76.7983977 -12.3614223),,,,,,,,,,171652088,1826469973,782.962,319488480,1826469898,509.0970000000001,5593357482,1826469851,35.527,,,
1826469858,-12.3615764,-76.7980655,3,,,POINT (-76.79806550000001 -12.3615764),,,,,,,,,,171652088,1826469973,726.04,319488480,1826469898,452.17500000000007,5593357482,1826469851,70.909,,,
1826469859,-12.3615835,-76.7988086,3,,,POINT (-76.7988086 -12.3615835),,,,,,,,,,171652088,1826469973,831.058,319488480,1826469898,557.1930000000001,5593357482,1826469851,83.62299999999999,,,
1826469860,-12.3616142,-76.7980284,3,,,POINT (-76.79802840000001 -12.3616142),,,,,,,,,,171652088,1826469973,720.2170000000001,319488480,1826469898,446.3520000000001,5593357482,1826469851,76.732,,,
1826469861,-12.3616743,-76.7982874,3,,,POINT (-76.79828740000001 -12.3616743),,,,,,,,,,171652088,1826469973,752.4870000000001,319488480,1826469898,478.62200000000007,5593357482,1826469851,66.00200000000001,,,
1826469863,-12.3619004,-76.7971917,3,,,POINT (-76.7971917 -12.3619004),,,,,,,,,,171652088,1826469973,605.1840000000002,319488480,1826469898,331.3190000000001,5593357482,1826469851,191.765,,,
1826469864,-12.3620547,-76.797597,4,,,POINT (-76.797597 -12.3620547),,,,,,,,,,171652088,1826469973,652.432,319488480,1826469898,378.567,5593357482,1826469851,144.517,,,
1826469865,-12.3622404,-76.7980171,4,,,POINT (-76.7980171 -12.3622404),,,,,,,,,,171652088,1826469973,702.517,319488480,1826469898,428.65200000000004,5593357482,1826469851,135.45999999999998,,,
1826469867,-12.3623803,-76.7972976,3,,,POINT (-76.79729759999999 -12.3623803),,,,,,,,,,171652088,1826469973,609.9170000000001,319488480,1826469898,336.052,5593357482,1826469851,193.183,,,
1826469868,-12.3624443,-76.7983986,3,,,POINT (-76.7983986 -12.3624443),,,,,,,,,,171652088,1826469973,749.752,319488480,1826469898,475.88700000000006,5593357482,1826469851,182.695,,,
1826469870,-12.362509,-76.7963724,3,,,POINT (-76.7963724 -12.362509),,,,,,,,,,171652088,1826469973,671.2660000000001,319488480,1826469898,566.861,5593357482,1826469851,1089.9450000000002,,,
1826469871,-12.36263,-76.796533,3,,,POINT (-76.796533 -12.36263),,,,,,,,,,171652088,1826469973,497.015,319488480,1826469898,223.15,5593357482,1826469851,299.934,,,
1826469874,-12.3628488,-76.7967958,3,,,POINT (-76.7967958 -12.3628488),,,,,,,,,,171652088,1826469973,534.521,319488480,1826469898,260.656,5593356806,1826469927,383.579,,,
1826469875,-12.3628928,-76.7962957,3,,,POINT (-76.7962957 -12.3628928),,,,,,,,,,171652088,1826469973,458.05,319488480,1826469898,184.185,5593356806,1826469927,323.841,,,
1826469876,-12.3630352,-76.7970125,3,,,POINT (-76.79701249999999 -12.3630352),,,,,,,,,,171652088,1826469973,558.54,319488480,1826469898,284.675,5593356806,1826469927,352.217,,,
1826469877,-12.3630943,-76.7966256,3,,,POINT (-76.7966256 -12.3630943),,,,,,,,,,171652088,1826469973,500.311,319488480,1826469898,226.446,5593356806,1826469927,293.988,,,
1826469878,-12.3632393,-76.7968599,3,,,POINT (-76.7968599 -12.3632393),,,,,,,,,,171652088,1826469973,530.437,319488480,1826469898,256.572,5593356806,1826469927,324.114,,,
1826469881,-12.3635564,-76.7967656,1,,,POINT (-76.7967656 -12.3635564),,,,,,,,,,171652088,1826469973,504.539,319488480,1826469898,230.67399999999998,5593356806,1826469927,279.286,,,
1826469882,-12.3635536,-76.7973713,4,,,POINT (-76.79737129999999 -12.3635536),,,,,,,,,,171652088,1826469973,581.8110000000001,319488480,1826469898,307.946,5593356806,1826469927,343.406,,,
1826469884,-12.3636053,-76.7954412,3,,,POINT (-76.7954412 -12.3636053),,,,,,,,,,171652088,1826469973,507.52000000000004,319488480,1826469898,403.11500000000007,5593356806,1826469927,373.31100000000004,,,
1826469885,-12.3637532,-76.7957674,3,,,POINT (-76.7957674 -12.3637532),,,,,,,,,,171652088,1826469973,346.489,319488480,1826469898,72.624,5593356806,1826469927,212.27999999999997,,,
1826469887,-12.3639728,-76.7960901,4,,,POINT (-76.7960901 -12.3639728),,,,,,,,,,171652088,1826469973,388.46299999999997,319488480,1826469898,114.598,5593356806,1826469927,180.298,,,
1826469888,-12.3641612,-76.7963446,3,,,POINT (-76.7963446 -12.3641612),,,,,,,,,,171652088,1826469973,423.215,319488480,1826469898,149.35,5593356806,1826469927,197.962,,,
1826469889,-12.3642013,-76.7963891,3,,,POINT (-76.7963891 -12.3642013),,,,,,,,,,171652088,1826469973,429.791,319488480,1826469898,155.926,5593356806,1826469927,191.386,,,
1826469890,-12.3642085,-76.796991,3,,,POINT (-76.79699100000001 -12.3642085),,,,,,,,,,171652088,1826469973,498.09000000000003,319488480,1826469898,224.22500000000002,5593356806,1826469927,259.685,,,
1826469891,-12.3642454,-76.7964408,3,,,POINT (-76.7964408 -12.3642454),,,,,,,,,,171652088,1826469973,437.246,319488480,1826469898,163.381,5593356806,1826469927,198.841,,,
1826469898,-12.3643169,-76.7954297,3,,,POINT (-76.7954297 -12.3643169),,,,,,,,,,171652088,1826469973,273.865,319488480,1826469898,0.0,5593356806,1826469927,139.656,,,
1826469906,-12.3645312,-76.7957441,3,,,POINT (-76.79574409999999 -12.3645312),,,,,,,,,,171652088,1826469973,315.884,319488480,1826469898,42.019000000000005,5593356806,1826469927,107.71900000000001,,,
1826469907,-12.3648014,-76.7973026,1,,,POINT (-76.79730259999999 -12.3648014),,,,,,,,,,171652088,1826469973,753.135,319488480,1826469898,479.27000000000004,5593356806,1826469927,514.73,,,
1826469911,-12.3648564,-76.7967173,4,,,POINT (-76.7967173 -12.3648564),,,,,,,,,,171652088,1826469973,451.338,319488480,1826469898,237.815,5593356806,1826469927,211.60700000000003,,,
1826469914,-12.36482,-76.7963842,3,,,POINT (-76.79638420000001 -12.36482),,,,,,,,,,171652088,1826469973,357.844,319488480,1826469898,134.53900000000002,5593356806,1826469927,118.113,,,
1826469915,-12.3648372,-76.7959521,3,,,POINT (-76.79595209999999 -12.3648372),,,,,,,,,,171652088,1826469973,306.387,319488480,1826469898,83.08200000000001,5593356806,1826469927,66.656,,,
1826469920,-12.3649745,-76.7950356,3,,,POINT (-76.79503560000001 -12.3649745),,,,,,,,,,171652088,1826469973,189.13500000000002,319488480,1826469898,84.73,5593356806,1826469927,54.925999999999995,,,
1826469922,-12.3650091,-76.7943284,3,,,POINT (-76.7943284 -12.3650091),,,,,,,,,,171652088,1826469973,292.84000000000003,319488480,1826469898,188.435,5593356806,1826469927,158.63100000000003,,,
1826469926,-12.365281,-76.7965459,3,,,POINT (-76.7965459 -12.365281),,,,,,,,,,171652088,1826469973,400.58699999999993,319488480,1826469898,188.72500000000002,5593356806,1826469927,160.856,,,
1826469927,-12.3652149,-76.7954756,3,,,POINT (-76.7954756 -12.3652149),,,,,,,,,,171652088,1826469973,239.731,319488480,1826469898,139.656,5593356806,1826469927,0.0,,,
1826469932,-12.3654157,-76.7958875,3,,,POINT (-76.79588750000001 -12.3654157),,,,,,,,,,171652088,1826469973,289.75300000000004,319488480,1826469898,189.67800000000003,5593356806,1826469927,50.022000000000006,,,
1826469933,-12.36551,-76.7947247,3,,,POINT (-76.7947247 -12.36551),,,,,,,,,,171652088,1826469973,118.686,319488480,1826469898,155.17900000000003,5593356806,1826469927,121.045,,,
1826469937,-12.3655063,-76.7964813,3,,,POINT (-76.7964813 -12.3655063),,,,,,,,,,171652088,1826469973,374.57099999999997,319488480,1826469898,214.74099999999999,5593356806,1826469927,134.84,,,
1826469949,-12.3657387,-76.7967801,4,,,POINT (-76.79678010000001 -12.3657387),,,,,,,,,,171652088,1826469973,414.224,319488480,1826469898,256.227,5593356806,1826469927,174.493,,,
1826469950,-12.3657007,-76.7963337,4,,,POINT (-76.79633370000001 -12.3657007),,,,,,,,,,171652088,1826469973,347.659,319488480,1826469898,241.65300000000002,5593356806,1826469927,107.928,,,
1826469955,-12.3658295,-76.7951064,3,,,POINT (-76.79510639999999 -12.3658295),,,,,,,,,,171652088,1826469973,173.502,319488480,1826469898,209.995,5593356806,1826469927,175.861,,,
1826469958,-12.3658997,-76.795565,3,,,POINT (-76.795565 -12.3658997),,,,,,,,,,171652088,1826469973,259.036,319488480,1826469898,253.892,5593356806,1826469927,114.236,,,
1826469959,-12.3659225,-76.7966227,3,,,POINT (-76.7966227 -12.3659225),,,,,,,,,,171652088,1826469973,387.579,319488480,1826469898,281.573,5593356806,1826469927,147.848,,,
1826469967,-12.3660015,-76.7944226,3,,,POINT (-76.7944226 -12.3660015),,,,,,,,,,171652088,1826469973,54.94,319488480,1826469898,218.925,5593356867,1826469989,158.888,,,
1826469971,-12.3661812,-76.7958875,3,,,POINT (-76.79588750000001 -12.3661812),,,,,,,,,,171652088,1826469973,277.17199999999997,319488480,1826469898,300.868,5593356806,1826469927,161.212,,,
1826469973,-12.3663576,-76.7940733,3,,,POINT (-76.79407329999999 -12.3663576),,,,,,,,,,171652088,1826469973,0.0,319488480,1826469898,273.865,5593356867,1826469989,109.622,,,
1826469974,-12.3663267,-76.7947885,4,,,POINT (-76.7947885 -12.3663267),,,,,,,,,,171652088,1826469973,108.67099999999999,319488480,1826469898,272.656,5593356867,1826469989,105.15700000000001,,,
1826469976,-12.3664637,-76.7956251,4,,,POINT (-76.7956251 -12.3664637),,,,,,,,,,171652088,1826469973,234.757,319488480,1826469898,300.27299999999997,5593356806,1826469927,192.534,,,
1826469977,-12.3664898,-76.7966508,3,,,POINT (-76.79665079999999 -12.3664898),,,,,,,,,,171652088,1826469973,393.298,319488480,1826469898,355.316,5593356806,1826469927,273.582,,,
1826469981,-12.3666684,-76.7937474,3,,,POINT (-76.7937474 -12.3666684),,,,,,,,,,171652088,1826469973,49.471,319488480,1826469898,323.336,5593356867,1826469989,60.151,,,
1826469982,-12.3666873,-76.7944772,4,,,POINT (-76.7944772 -12.3666873),,,,,,,,,,171652088,1826469973,57.171,319488480,1826469898,325.106,5593356867,1826469989,52.707,,,
1826469983,-12.366724,-76.7958914,4,,,POINT (-76.7958914 -12.366724),,,,,,,,,,171652088,1826469973,275.529,319488480,1826469898,341.192,5593356806,1826469927,233.45299999999997,,,
1826469984,-12.3667878,-76.7953071,3,,,POINT (-76.7953071 -12.3667878),,,,,,,,,,171652088,1826469973,184.84,319488480,1826469898,348.82500000000005,5593356861,1826470005,106.30799999999999,,,
1826469987,-12.3669821,-76.7962168,3,,,POINT (-76.7962168 -12.3669821),,,,,,,,,,171652088,1826469973,321.05699999999996,319488480,1826469898,386.72,5593356861,1826470005,241.60099999999997,,,
1826469988,-12.3670206,-76.7955942,3,,,POINT (-76.7955942 -12.3670206),,,,,,,,,,171652088,1826469973,229.38,319488480,1826469898,387.34100000000007,5593356861,1826470005,149.924,,,
1826469989,-12.3670385,-76.7941513,4,,,POINT (-76.7941513 -12.3670385),,,,,,,,,,171652088,1826469973,109.622,319488480,1826469898,377.81300000000005,5593356867,1826469989,0.0,,,
1826469993,-12.3671498,-76.7949519,4,,,POINT (-76.7949519 -12.3671498),,,,,,,,,,171652088,1826469973,130.008,319488480,1826469898,397.94300000000004,5593356861,1826470005,50.552,,,
1826470001,-12.3674026,-76.7959261,3,,,POINT (-76.7959261 -12.3674026),,,,,,,,,,171652088,1826469973,275.19399999999996,319488480,1826469898,443.204,5593356861,1826470005,195.73799999999997,,,
1826470002,-12.3674034,-76.7952105,4,,,POINT (-76.7952105 -12.3674034),,,,,,,,,,171652088,1826469973,169.809,319488480,1826469898,437.744,5593356861,1826470005,90.35300000000001,,,
1826470005,-12.3674759,-76.7946276,3,,,POINT (-76.7946276 -12.3674759),,,,,,,,,,171652088,1826469973,180.56,319488480,1826469898,448.495,5593356861,1826470005,0.0,,,
1826470021,-12.3676651,-76.7958315,3,,,POINT (-76.79583150000001 -12.3676651),,,,,,,,,,171652088,1826469973,244.20499999999998,319488480,1826469898,474.19300000000004,5593356861,1826470005,164.749,,,
1826470023,-12.3676985,-76.7949214,3,,,POINT (-76.79492140000001 -12.3676985),,,,,,,,,,171652088,1826469973,215.226,319488480,1826469898,483.161,5593356861,1826470005,135.76999999999998,,,
1826470032,-12.3680262,-76.7922786,3,,,POINT (-76.7922786 -12.3680262),,,,,,,,,,171652088,1826469973,269.18399999999997,319488480,1826469898,543.049,5593356864,1826470037,75.545,,,
1826470033,-12.3680877,-76.795033,3,,,POINT (-76.795033 -12.3680877),,,,,,,,,,171652088,1826469973,276.32899999999995,319488480,1826469898,544.2639999999999,5593356861,1826470005,196.87299999999996,,,
1826470034,-12.3683868,-76.7948019,3,,,POINT (-76.7948019 -12.3683868),,,,,,,,,,171652088,1826469973,317.996,319488480,1826469898,585.9309999999999,4834711721,1826470005,238.54,,,
1826470035,-12.3683891,-76.7954666,3,,,POINT (-76.7954666 -12.3683891),,,,,,,,,,171652088,1826469973,334.13199999999995,319488480,1826469898,568.554,5593356861,1826470005,254.67599999999996,,,
1826470036,-12.3684885,-76.7942658,4,,,POINT (-76.79426580000001 -12.3684885),,,,,,,,,,171652088,1826469973,328.306,319488480,1826469898,596.241,4834711721,1826470005,158.211,,,
1826470037,-12.3685234,-76.7927526,4,,,POINT (-76.7927526 -12.3685234),,,,,,,,,,171652088,1826469973,333.998,319488480,1826469898,602.189,5593356864,1826470037,0.0,,,
1826470040,-12.3686996,-76.794503,3,,,POINT (-76.79450300000001 -12.3686996),,,,,,,,,,171652088,1826469973,363.159,319488480,1826469898,631.0939999999999,4834711721,1826470005,193.06400000000002,,,
1826470041,-12.3687724,-76.7952252,3,,,POINT (-76.7952252 -12.3687724),,,,,,,,,,171652088,1826469973,380.863,319488480,1826469898,618.594,5593356861,1826470005,301.40700000000004,,,
1826470042,-12.3689287,-76.7916084,4,,,POINT (-76.7916084 -12.3689287),,,,,,,,,,171652088,1826469973,393.159,319488480,1826469898,667.0239999999999,5593356863,6450999546,122.832,,,
1826470044,-12.3689859,-76.7931961,4,,,POINT (-76.7931961 -12.3689859),,,,,,,,,,171652088,1826469973,404.46200000000005,319488480,1826469898,672.653,5593356864,1826470037,70.464,,,
1826470049,-12.3693209,-76.7934983,4,,,POINT (-76.7934983 -12.3693209),,,,,,,,,,171652088,1826469973,452.86999999999995,319488480,1826469898,720.805,5593356864,1826470037,120.112,,,
1826470050,-12.369303,-76.7920067,4,,,POINT (-76.7920067 -12.369303),,,,,,,,,,171652088,1826469973,452.65000000000003,319488480,1826469898,720.841,5593356864,1826470037,118.652,,,
1826470055,-12.3696805,-76.7909299,4,,,POINT (-76.79092989999999 -12.3696805),,,,,,,,,,171652088,1826469973,504.601,319488480,1826469898,778.4659999999999,5593356863,6450999546,25.16,,,
1826470058,-12.369751,-76.7924764,4,,,POINT (-76.7924764 -12.369751),,,,,,,,,,171652088,1826469973,519.997,319488480,1826469898,788.188,5593356864,1826470037,185.999,,,
1826470059,-12.3697545,-76.7938432,3,,,POINT (-76.7938432 -12.3697545),,,,,,,,,,171652088,1826469973,503.03299999999996,319488480,1826469898,770.968,5593356864,1826470037,181.169,,,
1826470060,-12.3700514,-76.7927863,4,,,POINT (-76.7927863 -12.3700514),,,,,,,,,,171652088,1826469973,565.0229999999999,319488480,1826469898,832.9579999999999,5593356864,1826470037,232.26500000000001,,,
1826470062,-12.370042,-76.7912998,4,,,POINT (-76.7912998 -12.370042),,,,,,,,,,171652088,1826469973,561.433,319488480,1826469898,833.302,5593356863,6450999546,81.992,,,
1826470067,-12.3703958,-76.7931199,3,,,POINT (-76.79311989999999 -12.3703958),,,,,,,,,,171652088,1826469973,609.166,319488480,1826469898,877.101,5593356864,1826470037,284.985,,,
1826470068,-12.370408,-76.7902182,4,,,POINT (-76.7902182 -12.370408),,,,,,,,,,171652088,1826469973,616.49,319488480,1826469898,890.355,5593356863,6450999546,137.049,,,
1826470071,-12.370493,-76.7917669,4,,,POINT (-76.7917669 -12.370493),,,,,,,,,,171652088,1826469973,632.769,319488480,1826469898,901.085,5593356863,6450999546,153.328,,,
1826470072,-12.370792,-76.7920749,4,,,POINT (-76.7920749 -12.370792),,,,,,,,,,171652088,1826469973,677.948,319488480,1826469898,945.8829999999999,5593356864,1826470037,345.19,,,
1826470074,-12.3707751,-76.7905984,4,,,POINT (-76.79059839999999 -12.3707751),,,,,,,,,,171652088,1826469973,673.007,319488480,1826469898,944.876,5593356863,6450999546,193.566,,,
1826470076,-12.3711793,-76.789478,4,,,POINT (-76.789478 -12.3711793),,,,,,,,,,171652088,1826469973,734.044,319488480,1826469898,1007.9089999999999,5593356863,6450999546,254.60299999999998,,,
1826470077,-12.3711609,-76.7924549,3,,,POINT (-76.7924549 -12.3711609),,,,,,,,,,171652088,1826469973,720.7690000000001,319488480,1826469898,988.7040000000001,5593356864,1826470037,396.588,,,
1826470078,-12.3712119,-76.7910777,4,,,POINT (-76.7910777 -12.3712119),,,,,,,,,,171652088,1826469973,742.284,319488480,1826469898,1010.6,5593356863,6450999546,262.843,,,
1826470081,-12.3714998,-76.7914003,4,,,POINT (-76.79140030000001 -12.3714998),,,,,,,,,,171652088,1826469973,785.4790000000002,319488480,1826469898,1053.414,5593356863,6450999546,308.023,,,
1826470083,-12.3715237,-76.7898588,4,,,POINT (-76.7898588 -12.3715237),,,,,,,,,,171652088,1826469973,788.687,319488480,1826469898,1060.556,5593356863,6450999546,309.24600000000004,,,
1826470086,-12.3718818,-76.7917353,3,,,POINT (-76.7917353 -12.3718818),,,,,,,,,,171652088,1826469973,832.7450000000001,319488480,1826469898,1100.68,5593356863,6450999546,363.95300000000003,,,
1826470087,-12.3719017,-76.7887845,4,,,POINT (-76.78878450000001 -12.3719017),,,,,,,,,,171652088,1826469973,844.1619999999999,319488480,1826469898,1118.0269999999998,5593356863,6450999546,364.721,,,
1826470088,-12.3719704,-76.7903503,4,,,POINT (-76.7903503 -12.3719704),,,,,,,,,,171652088,1826469973,857.8489999999999,319488480,1826469898,1126.165,5593356863,6450999546,378.408,,,
1826470090,-12.372253,-76.7906621,4,,,POINT (-76.79066210000001 -12.372253),,,,,,,,,,171652088,1826469973,901.4230000000002,319488480,1826469898,1169.3580000000002,5593356863,6450999546,423.96700000000004,,,
1826470091,-12.3722349,-76.7891547,4,,,POINT (-76.7891547 -12.3722349),,,,,,,,,,171652088,1826469973,898.697,319488480,1826469898,1170.566,5593356863,6450999546,419.25600000000003,,,
1826470094,-12.3726398,-76.7880809,4,,,POINT (-76.7880809 -12.3726398),,,,,,,,,,171652088,1826469973,956.305,319488480,1826469898,1230.1699999999998,5593356863,6450999546,476.86400000000003,,,
1826470095,-12.3726386,-76.7910889,3,,,POINT (-76.79108890000001 -12.3726386),,,,,,,,,,171652088,1826469973,942.3380000000002,319488480,1826469898,1210.2730000000004,5593356863,6450999546,473.546,,,
1826470096,-12.3726898,-76.7896601,4,,,POINT (-76.78966010000001 -12.3726898),,,,,,,,,,171652088,1826469973,967.4789999999999,319488480,1826469898,1235.7949999999998,5593356863,6450999546,488.038,,,
1826470100,-12.3729642,-76.7899649,4,,,POINT (-76.7899649 -12.3729642),,,,,,,,,,171652088,1826469973,1010.9140000000001,319488480,1826469898,1278.8490000000004,5593356863,6450999546,533.059,,,
1826470102,-12.3730066,-76.7884527,4,,,POINT (-76.78845269999999 -12.3730066),,,,,,,,,,171652088,1826469973,1013.487,319488480,1826469898,1285.3560000000004,5593356863,6450999546,534.046,,,
1826470104,-12.3733445,-76.7874104,4,,,POINT (-76.7874104 -12.3733445),,,,,,,,,,171652088,1826469973,1063.28,319488480,1826469898,1337.1450000000002,5593356863,6450999546,583.8389999999999,,,
1826470105,-12.3733954,-76.7904438,4,,,POINT (-76.79044380000001 -12.3733954),,,,,,,,,,171652088,1826469973,1051.8410000000001,319488480,1826469898,1319.776,5593356863,6450999546,583.049,,,
1826470107,-12.3734707,-76.7889414,4,,,POINT (-76.7889414 -12.3734707),,,,,,,,,,171652088,1826469973,1084.24,319488480,1826469898,1352.5560000000003,5593356863,6450999546,604.799,,,
1826470108,-12.3737273,-76.7892144,4,,,POINT (-76.78921440000001 -12.3737273),,,,,,,,,,171652088,1826469973,1125.39,319488480,1826469898,1393.7060000000004,5593356863,6450999546,645.949,,,
1826470110,-12.3737047,-76.7877906,4,,,POINT (-76.78779059999999 -12.3737047),,,,,,,,,,171652088,1826469973,1119.303,319488480,1826469898,1391.1720000000003,5593356863,6450999546,639.862,,,
1826470112,-12.3741644,-76.7896778,4,,,POINT (-76.78967780000001 -12.3741644),,,,,,,,,,171652088,1826469973,1171.1450000000002,319488480,1826469898,1439.0800000000002,5593356863,6450999546,702.3530000000001,,,
1826470113,-12.3741474,-76.7882579,4,,,POINT (-76.7882579 -12.3741474),,,,,,,,,,171652088,1826469973,1189.9420000000002,319488480,1826469898,1458.258,5593356863,6450999546,710.501,,,
1826470115,-12.3744486,-76.7885758,3,,,POINT (-76.7885758 -12.3744486),,,,,,,,,,171652088,1826469973,1231.4260000000002,319488480,1826469898,1499.7420000000004,5593356863,6450999546,751.985,,,
1826470117,-12.3748501,-76.7889996,4,,,POINT (-76.7889996 -12.3748501),,,,,,,,,,171652088,1826469973,1277.161,319488480,1826469898,1545.0960000000002,5593356863,6450999546,808.3689999999999,,,
1826470119,-12.3751673,-76.7893343,3,,,POINT (-76.78933429999999 -12.3751673),,,,,,,,,,171652088,1826469973,1327.812,319488480,1826469898,1595.747,5593356863,6450999546,859.02,,,
1826470136,-12.3759488,-76.7830144,3,,,POINT (-76.7830144 -12.3759488),,,,,,,,,,171652088,1826469973,2166.355,319488480,1826469898,2440.2200000000003,5593356863,6450999546,1661.053,,,
1826470137,-12.3770892,-76.7818799,3,,,POINT (-76.78187990000001 -12.3770892),,,,,,,,,,171652088,1826469973,1821.9510000000002,319488480,1826469898,2095.8160000000003,5593356863,6450999546,1316.6490000000001,,,
1826470144,-12.3797146,-76.7868234,3,,,POINT (-76.7868234 -12.3797146),,,,,,,,,,171652088,1826469973,2015.254,319488480,1826469898,2252.985,5593356863,6450999546,1641.9230000000002,,,
1826470146,-12.3798221,-76.7875417,3,,,POINT (-76.78754170000001 -12.3798221),,,,,,,,,,171652088,1826469973,1936.158,319488480,1826469898,2173.8890000000006,5593356863,6450999546,1562.8270000000002,,,
1826470147,-12.3800047,-76.7887353,3,,,POINT (-76.7887353 -12.3800047),,,,,,,,,,171652088,1826469973,1901.8549999999998,319488480,1826469898,2139.5860000000002,5593356863,6450999546,1528.5240000000001,,,
1826470149,-12.3811396,-76.7877182,1,,,POINT (-76.7877182 -12.3811396),,,,,,,,,,171652088,1826469973,2033.9009999999998,319488480,1826469898,2271.632,5593356863,6450999546,1660.5700000000002,,,
1832652738,-12.3459956,-76.8121505,3,,,POINT (-76.8121505 -12.3459956),,,,,,,,,,171652088,1826469973,3241.0179999999996,319488480,1826469898,2967.1529999999993,5593357481,1832652904,759.498,,,
1832652739,-12.3461745,-76.8123271,3,,,POINT (-76.8123271 -12.3461745),,,,,,,,,,171652088,1826469973,3213.383,319488480,1826469898,2939.5179999999996,5593357481,1832652904,731.863,,,
1832652741,-12.3464615,-76.8109444,3,,,POINT (-76.8109444 -12.3464615),,,,,,,,,,171652088,1826469973,3251.207,319488480,1826469898,2977.3419999999996,5593357481,1832652904,728.894,,,
1832652743,-12.3465654,-76.8120427,3,,,POINT (-76.81204270000001 -12.3465654),,,,,,,,,,171652088,1826469973,3200.85,319488480,1826469898,2926.9849999999997,5593357481,1832652904,678.537,,,
1832652744,-12.3467986,-76.8113332,3,,,POINT (-76.81133320000001 -12.3467986),,,,,,,,,,171652088,1826469973,3223.613,319488480,1826469898,2949.7479999999996,5593357481,1832652904,701.3,,,
1832652746,-12.3469293,-76.8131597,3,,,POINT (-76.8131597 -12.3469293),,,,,,,,,,171652088,1826469973,3089.947,319488480,1826469898,2816.082,5593357481,1832652904,817.8200000000002,,,
1832652747,-12.3468852,-76.8117954,3,,,POINT (-76.81179539999999 -12.3468852),,,,,,,,,,171652088,1826469973,3156.2839999999997,319488480,1826469898,2882.4189999999994,5593357481,1832652904,633.971,,,
1832652748,-12.3471866,-76.8121968,3,,,POINT (-76.8121968 -12.3471866),,,,,,,,,,171652088,1826469973,3206.825,319488480,1826469898,2932.9599999999996,5593357481,1832652904,684.512,,,
1832652749,-12.3472408,-76.8128532,3,,,POINT (-76.81285320000001 -12.3472408),,,,,,,,,,171652088,1826469973,3137.99,319488480,1826469898,2864.1249999999995,5593357481,1832652904,769.777,,,
1832652751,-12.3474749,-76.810672,4,,,POINT (-76.810672 -12.3474749),,,,,,,,,,171652088,1826469973,3119.6249999999995,319488480,1826469898,2845.7599999999993,5593357481,1832652904,597.312,,,
1832652752,-12.3475232,-76.8125738,3,,,POINT (-76.8125738 -12.3475232),,,,,,,,,,171652088,1826469973,3181.6609999999996,319488480,1826469898,2907.7959999999994,5593357481,1832652904,726.106,,,
1832652753,-12.3475148,-76.809936,3,,,POINT (-76.80993599999999 -12.3475148),,,,,,,,,,171652088,1826469973,3090.846,319488480,1826469898,2816.9809999999998,5593357481,1832652904,568.533,,,
1832652754,-12.3476839,-76.8112695,4,,,POINT (-76.81126949999999 -12.3476839),,,,,,,,,,171652088,1826469973,3050.687,319488480,1826469898,2776.8219999999997,5593357481,1832652904,528.374,,,
1832652756,-12.3478659,-76.8102482,3,,,POINT (-76.8102482 -12.3478659),,,,,,,,,,171652088,1826469973,3142.5589999999997,319488480,1826469898,2868.6939999999995,5593357481,1832652904,620.246,,,
1832652757,-12.3479588,-76.8116623,3,,,POINT (-76.81166229999999 -12.3479588),,,,,,,,,,171652088,1826469973,3103.174,319488480,1826469898,2829.3089999999997,5593357481,1832652904,580.861,,,
1832652758,-12.3481335,-76.8115413,3,,,POINT (-76.8115413 -12.3481335),,,,,,,,,,171652088,1826469973,3088.578,319488480,1826469898,2814.7129999999997,5593357481,1832652904,566.265,,,
1832652761,-12.3483403,-76.8117653,3,,,POINT (-76.8117653 -12.3483403),,,,,,,,,,171652088,1826469973,3122.0559999999996,319488480,1826469898,2848.1909999999993,5593357481,1832652904,599.7429999999999,,,
1832652764,-12.3484906,-76.8112966,3,,,POINT (-76.81129660000001 -12.3484906),,,,,,,,,,171652088,1826469973,3040.795,319488480,1826469898,2766.93,5593357481,1832652904,518.482,,,
1832652765,-12.3484921,-76.8099562,3,,,POINT (-76.8099562 -12.3484921),,,,,,,,,,171652088,1826469973,3240.999,319488480,1826469898,2967.1339999999996,5593357481,1832652904,718.6859999999999,,,
1832652769,-12.3487799,-76.8103172,3,,,POINT (-76.8103172 -12.3487799),,,,,,,,,,171652088,1826469973,3217.156,319488480,1826469898,2943.2909999999997,5593357481,1832652904,694.8430000000001,,,
1832652771,-12.3486235,-76.8088802,3,,,POINT (-76.8088802 -12.3486235),,,,,,,,,,171652088,1826469973,2980.505,319488480,1826469898,2706.64,5593357481,1832652904,458.19200000000006,,,
1832652773,-12.3488568,-76.8110468,3,,,POINT (-76.8110468 -12.3488568),,,,,,,,,,171652088,1826469973,2991.8630000000003,319488480,1826469898,2717.998,5593357481,1832652904,469.55,,,
1832652785,-12.3492014,-76.8107989,3,,,POINT (-76.81079889999999 -12.3492014),,,,,,,,,,171652088,1826469973,2945.03,319488480,1826469898,2671.165,5593357481,1832652904,422.71700000000004,,,
1832652807,-12.3493997,-76.8092122,3,,,POINT (-76.8092122 -12.3493997),,,,,,,,,,171652088,1826469973,2958.791,319488480,1826469898,2684.926,5593357481,1832652904,436.478,,,
1832652811,-12.3494864,-76.8081122,3,,,POINT (-76.8081122 -12.3494864),,,,,,,,,,171652088,1826469973,3107.65,319488480,1826469898,2833.785,5593357481,1832652904,473.001,,,
1832652817,-12.3497191,-76.8095984,3,,,POINT (-76.8095984 -12.3497191),,,,,,,,,,171652088,1826469973,2903.826,319488480,1826469898,2629.961,5593357481,1832652904,381.51300000000003,,,
1832652819,-12.3496572,-76.8098264,3,,,POINT (-76.80982640000001 -12.3496572),,,,,,,,,,171652088,1826469973,2781.01,319488480,1826469898,2507.145,5593357481,1832652904,258.697,,,
1832652822,-12.3497953,-76.8078285,3,,,POINT (-76.8078285 -12.3497953),,,,,,,,,,171652088,1826469973,3153.796,319488480,1826469898,2879.9309999999996,5593357481,1832652904,434.475,,,
1832652826,-12.3498221,-76.8084213,3,,,POINT (-76.80842130000001 -12.3498221),,,,,,,,,,171652088,1826469973,3072.465,319488480,1826469898,2798.6,5593357481,1832652904,422.79499999999996,,,
1832652831,-12.3499023,-76.809642,3,,,POINT (-76.809642 -12.3499023),,,,,,,,,,171652088,1826469973,2747.187,319488480,1826469898,2473.3219999999997,5593357481,1832652904,224.87400000000002,,,
1832652834,-12.3500621,-76.8087645,3,,,POINT (-76.8087645 -12.3500621),,,,,,,,,,171652088,1826469973,3047.052,319488480,1826469898,2773.187,5593357481,1832652904,376.948,,,
1832652836,-12.3500566,-76.8075055,3,,,POINT (-76.8075055 -12.3500566),,,,,,,,,,171652088,1826469973,3155.3389999999995,319488480,1826469898,2881.4739999999993,5593357481,1832652904,397.10699999999997,,,
1832652838,-12.350156,-76.8100381,3,,,POINT (-76.8100381 -12.350156),,,,,,,,,,171652088,1826469973,2695.738,319488480,1826469898,2421.8729999999996,5593357481,1832652904,276.32300000000004,,,
1832652842,-12.3503989,-76.8085368,3,,,POINT (-76.8085368 -12.3503989),,,,,,,,,,171652088,1826469973,3090.299,319488480,1826469898,2816.4339999999997,5593357481,1832652904,332.067,,,
1832652844,-12.3504001,-76.8078258,3,,,POINT (-76.8078258 -12.3504001),,,,,,,,,,171652088,1826469973,3103.6730000000002,319488480,1826469898,2829.808,5593357481,1832652904,345.44100000000003,,,
1832652848,-12.3505812,-76.8084067,3,,,POINT (-76.80840670000001 -12.3505812),,,,,,,,,,171652088,1826469973,3065.588,319488480,1826469898,2791.723,5593357481,1832652904,307.356,,,
1832652850,-12.3506937,-76.8074883,3,,,POINT (-76.8074883 -12.3506937),,,,,,,,,,171652088,1826469973,3067.623,319488480,1826469898,2793.758,5593357481,1832652904,309.39099999999996,,,
1832652852,-12.3507106,-76.8090454,3,,,POINT (-76.8090454 -12.3507106),,,,,,,,,,171652088,1826469973,2640.3599999999997,319488480,1826469898,2366.4949999999994,5593357481,1832652904,114.069,,,
1832652856,-12.3507705,-76.8082728,3,,,POINT (-76.8082728 -12.3507705),,,,,,,,,,171652088,1826469973,3040.003,319488480,1826469898,2766.138,5593357481,1832652904,281.77099999999996,,,
1832652857,-12.3508168,-76.8088165,3,,,POINT (-76.80881650000001 -12.3508168),,,,,,,,,,171652088,1826469973,3052.531,319488480,1826469898,2778.6659999999997,5593357481,1832652904,359.006,,,
1832652861,-12.3508475,-76.8066186,3,,,POINT (-76.80661859999999 -12.3508475),,,,,,,,,,171652088,1826469973,3136.4729999999995,319488480,1826469898,2862.6079999999993,5593357481,1832652904,378.241,,,
1832652867,-12.350991,-76.8094729,4,,,POINT (-76.8094729 -12.350991),,,,,,,,,,171652088,1826469973,2584.428,319488480,1826469898,2310.5629999999996,5593357481,1832652904,170.001,,,
1832652871,-12.3509893,-76.8071479,3,,,POINT (-76.8071479 -12.3509893),,,,,,,,,,171652088,1826469973,3020.237,319488480,1826469898,2746.372,5593357481,1832652904,262.005,,,
1832652873,-12.351126,-76.8080242,3,,,POINT (-76.80802420000001 -12.351126),,,,,,,,,,171652088,1826469973,2992.13,319488480,1826469898,2718.265,5593357481,1832652904,233.89800000000002,,,
1832652881,-12.3511962,-76.8101251,3,,,POINT (-76.81012509999999 -12.3511962),,,,,,,,,,171652088,1826469973,2468.7439999999997,319488480,1826469898,2194.8789999999995,5593357481,1832652904,253.567,,,
1832652892,-12.3513633,-76.8062735,3,,,POINT (-76.8062735 -12.3513633),,,,,,,,,,171652088,1826469973,3204.9909999999995,319488480,1826469898,2931.1259999999993,5593357481,1832652904,446.759,,,
1832652895,-12.3514475,-76.8077995,3,,,POINT (-76.8077995 -12.3514475),,,,,,,,,,171652088,1826469973,2948.844,319488480,1826469898,2674.979,5593357481,1832652904,190.612,,,
1832652902,-12.3515734,-76.8072525,3,,,POINT (-76.8072525 -12.3515734),,,,,,,,,,171652088,1826469973,2943.486,319488480,1826469898,2669.6209999999996,5593357481,1832652904,185.25400000000002,,,
1832652904,-12.3515692,-76.8084707,4,,,POINT (-76.8084707 -12.3515692),,,,,,,,,,171652088,1826469973,2758.232,319488480,1826469898,2484.3669999999997,5593357481,1832652904,0.0,,,
1832652907,-12.3516456,-76.806566,3,,,POINT (-76.806566 -12.3516456),,,,,,,,,,171652088,1826469973,3047.544,319488480,1826469898,2773.6789999999996,5593357481,1832652904,289.312,,,
1832652909,-12.3517939,-76.8075579,3,,,POINT (-76.80755790000001 -12.3517939),,,,,,,,,,171652088,1826469973,2902.236,319488480,1826469898,2628.3709999999996,5593357481,1832652904,144.00400000000002,,,
1832652911,-12.3518761,-76.8088852,3,,,POINT (-76.80888520000001 -12.3518761),,,,,,,,,,171652088,1826469973,2701.7369999999996,319488480,1826469898,2427.8719999999994,5593357481,1832652904,56.495,,,
1832652915,-12.3519475,-76.806995,4,,,POINT (-76.806995 -12.3519475),,,,,,,,,,171652088,1826469973,2990.1130000000003,319488480,1826469898,2716.248,5593357481,1832652904,231.88100000000003,,,
1832652919,-12.3520712,-76.8079487,4,,,POINT (-76.8079487 -12.3520712),,,,,,,,,,171652088,1826469973,2849.77,319488480,1826469898,2575.9049999999997,5593357481,1832652904,91.53800000000001,,,
1832652928,-12.3521975,-76.8073701,3,,,POINT (-76.8073701 -12.3521975),,,,,,,,,,171652088,1826469973,2940.789,319488480,1826469898,2666.924,5593357481,1832652904,182.55700000000002,,,
1832652934,-12.3523413,-76.8128105,3,,,POINT (-76.8128105 -12.3523413),,,,,,,,,,171652088,1826469973,2653.7400000000002,319488480,1826469898,2379.875,5593357481,1832652904,639.336,,,
1832652938,-12.3524231,-76.8076895,3,,,POINT (-76.8076895 -12.3524231),,,,,,,,,,171652088,1826469973,2897.976,319488480,1826469898,2624.111,5593357481,1832652904,139.744,,,
1832652941,-12.3525776,-76.8053984,3,,,POINT (-76.8053984 -12.3525776),,,,,,,,,,171652088,1826469973,3254.776,319488480,1826469898,2980.9109999999996,5593357481,1832652904,496.544,,,
1832652944,-12.3528327,-76.8057727,3,,,POINT (-76.80577270000001 -12.3528327),,,,,,,,,,171652088,1826469973,3205.2019999999998,319488480,1826469898,2931.3369999999995,5593357481,1832652904,446.97,,,
1832652947,-12.3528332,-76.8131979,3,,,POINT (-76.81319790000001 -12.3528332),,,,,,,,,,171652088,1826469973,2690.762,319488480,1826469898,2416.897,5593357481,1832652904,702.338,,,
1832652951,-12.3529256,-76.805698,3,,,POINT (-76.80569800000001 -12.3529256),,,,,,,,,,171652088,1826469973,3215.1989999999996,319488480,1826469898,2941.3339999999994,5593357481,1832652904,456.967,,,
1832652953,-12.3529872,-76.8043921,3,,,POINT (-76.8043921 -12.3529872),,,,,,,,,,171652088,1826469973,3318.755,319488480,1826469898,3044.89,5593357481,1832652904,650.726,,,
1832652959,-12.3532167,-76.8060733,3,,,POINT (-76.80607329999999 -12.3532167),,,,,,,,,,171652088,1826469973,3163.1459999999997,319488480,1826469898,2889.2809999999995,5593357481,1832652904,404.914,,,
1832652962,-12.353342,-76.8072098,3,,,POINT (-76.8072098 -12.353342),,,,,,,,,,171652088,1826469973,2952.2360000000003,319488480,1826469898,2678.371,5593357481,1832652904,330.306,,,
1832652968,-12.3532713,-76.8046745,3,,,POINT (-76.8046745 -12.3532713),,,,,,,,,,171652088,1826469973,3362.7879999999996,319488480,1826469898,3088.9229999999993,5593357481,1832652904,606.693,,,
1832652970,-12.353276,-76.8059751,3,,,POINT (-76.8059751 -12.353276),,,,,,,,,,171652088,1826469973,3175.6859999999997,319488480,1826469898,2901.8209999999995,5593357481,1832652904,417.45399999999995,,,
1832652972,-12.3533701,-76.8047664,3,,,POINT (-76.80476640000001 -12.3533701),,,,,,,,,,171652088,1826469973,3354.6399999999994,319488480,1826469898,3080.774999999999,5593357481,1832652904,596.408,,,
1832652976,-12.3535433,-76.8064056,3,,,POINT (-76.80640560000001 -12.3535433),,,,,,,,,,171652088,1826469973,3123.4629999999997,319488480,1826469898,2849.5979999999995,5593357481,1832652904,365.231,,,
1832652977,-12.3535232,-76.8038033,3,,,POINT (-76.8038033 -12.3535232),,,,,,,,,,171652088,1826469973,3231.333,319488480,1826469898,2957.468,5593357478,7059096563,1899.3999999999999,,,
1832652979,-12.3535785,-76.8049603,3,,,POINT (-76.8049603 -12.3535785),,,,,,,,,,171652088,1826469973,3323.3259999999996,319488480,1826469898,3049.4609999999993,5593357481,1832652904,565.0939999999999,,,
1832652980,-12.3536237,-76.8063235,3,,,POINT (-76.8063235 -12.3536237),,,,,,,,,,171652088,1826469973,3136.0899999999997,319488480,1826469898,2862.2249999999995,5593357481,1832652904,377.85800000000006,,,
1832652982,-12.3536839,-76.8044275,3,,,POINT (-76.8044275 -12.3536839),,,,,,,,,,171652088,1826469973,3326.8239999999996,319488480,1826469898,3052.9589999999994,5593357478,7059096563,1994.8909999999998,,,
1832652990,-12.3539071,-76.8041863,3,,,POINT (-76.8041863 -12.3539071),,,,,,,,,,171652088,1826469973,3290.736,319488480,1826469898,3016.8709999999996,5593357478,7059096563,1958.803,,,
1832652992,-12.3539084,-76.8052493,3,,,POINT (-76.8052493 -12.3539084),,,,,,,,,,171652088,1826469973,3281.3269999999998,319488480,1826469898,3007.4619999999995,5593357481,1832652904,523.095,,,
1832652994,-12.3539929,-76.8040914,3,,,POINT (-76.8040914 -12.3539929),,,,,,,,,,171652088,1826469973,3276.6899999999996,319488480,1826469898,3002.8249999999994,5593357478,7059096563,1944.7569999999998,,,
1832652998,-12.3541005,-76.803189,3,,,POINT (-76.803189 -12.3541005),,,,,,,,,,171652088,1826469973,3138.742,319488480,1826469898,2864.877,5593357478,7059096563,1806.809,,,
1832653001,-12.3542838,-76.8055764,4,,,POINT (-76.80557640000001 -12.3542838),,,,,,,,,,171652088,1826469973,3245.5109999999995,319488480,1826469898,2971.6459999999993,5593357481,1832652904,487.279,,,
1832653003,-12.3544825,-76.8035498,3,,,POINT (-76.8035498 -12.3544825),,,,,,,,,,171652088,1826469973,3196.536,319488480,1826469898,2922.671,5593357478,7059096563,1864.6029999999998,,,
1832653005,-12.3544092,-76.8028621,3,,,POINT (-76.8028621 -12.3544092),,,,,,,,,,171652088,1826469973,3089.355,319488480,1826469898,2815.49,5593357478,7059096563,1757.4219999999998,,,
1832653007,-12.3545442,-76.8052141,3,,,POINT (-76.8052141 -12.3545442),,,,,,,,,,171652088,1826469973,3294.3689999999997,319488480,1826469898,3020.5039999999995,5593357478,7059096563,1962.4359999999997,,,
1832653017,-12.3547566,-76.8048128,3,,,POINT (-76.80481279999999 -12.3547566),,,,,,,,,,171652088,1826469973,3315.343,319488480,1826469898,3041.4779999999996,5593357478,7059096563,1983.41,,,
1832653019,-12.3548031,-76.8032429,3,,,POINT (-76.8032429 -12.3548031),,,,,,,,,,171652088,1826469973,3143.195,319488480,1826469898,2869.33,5593357478,7059096563,1811.262,,,
1832653025,-12.3549681,-76.8022845,3,,,POINT (-76.8022845 -12.3549681),,,,,,,,,,171652088,1826469973,3001.0460000000003,319488480,1826469898,2727.181,5593357478,7059096563,1669.113,,,
1832653034,-12.3551898,-76.8035783,3,,,POINT (-76.8035783 -12.3551898),,,,,,,,,,171652088,1826469973,3149.0280000000002,319488480,1826469898,2875.163,5593357478,7059096563,1817.095,,,
1832653036,-12.3553357,-76.8026627,3,,,POINT (-76.8026627 -12.3553357),,,,,,,,,,171652088,1826469973,3056.7140000000004,319488480,1826469898,2782.849,5593357478,7059096563,1724.7810000000002,,,
1832653040,-12.355559,-76.8016738,3,,,POINT (-76.8016738 -12.355559),,,,,,,,,,171652088,1826469973,2907.679,319488480,1826469898,2633.814,5593357478,7059096563,1575.7459999999999,,,
1832653043,-12.3559118,-76.8020349,4,,,POINT (-76.8020349 -12.3559118),,,,,,,,,,171652088,1826469973,2963.1530000000002,319488480,1826469898,2689.288,5593357478,7059096563,1631.22,,,
1832653044,-12.3558625,-76.8013625,3,,,POINT (-76.8013625 -12.3558625),,,,,,,,,,171652088,1826469973,2859.9060000000004,319488480,1826469898,2586.041,5593357478,7059096563,1527.973,,,
1832653045,-12.3560962,-76.8022101,1,,,POINT (-76.8022101 -12.3560962),,,,,,,,,,171652088,1826469973,2991.128,319488480,1826469898,2717.263,5593357478,7059096563,1659.195,,,
1832653046,-12.3561866,-76.801034,3,,,POINT (-76.801034 -12.3561866),,,,,,,,,,171652088,1826469973,2809.1920000000005,319488480,1826469898,2535.327,5593357478,7059096563,1477.259,,,
1832653047,-12.3563861,-76.80185,1,,,POINT (-76.80185 -12.3563861),,,,,,,,,,171652088,1826469973,2938.606,319488480,1826469898,2664.741,5593357478,7059096563,1606.673,,,
1832653049,-12.3565182,-76.8006857,3,,,POINT (-76.8006857 -12.3565182),,,,,,,,,,171652088,1826469973,2756.364,319488480,1826469898,2482.499,5593357478,7059096563,1424.4309999999998,,,
1832653050,-12.3566632,-76.8014633,1,,,POINT (-76.80146329999999 -12.3566632),,,,,,,,,,171652088,1826469973,2879.782,319488480,1826469898,2605.917,5593357478,7059096563,1547.849,,,
1832653052,-12.3567588,-76.8009179,1,,,POINT (-76.8009179 -12.3567588),,,,,,,,,,171652088,1826469973,2793.132,319488480,1826469898,2519.267,5593357478,7059096563,1461.1989999999998,,,
1832653054,-12.3593924,-76.7968228,3,,,POINT (-76.7968228 -12.3593924),,,,,,,,,,171652088,1826469973,,319488480,1826469898,,5593357482,1826469851,,,,
1832653060,-12.3597171,-76.7959779,3,,,POINT (-76.7959779 -12.3597171),,,,,,,,,,171652088,1826469973,2553.6130000000003,319488480,1826469898,2279.748,5593357482,1826469851,1806.9520000000002,,,
1832653070,-12.3620022,-76.7957749,3,,,POINT (-76.7957749 -12.3620022),,,,,,,,,,171652088,1826469973,730.9669999999999,319488480,1826469898,626.5619999999999,5593357482,1826469851,1149.6460000000002,,,
1832653075,-12.3627877,-76.794232,1,,,POINT (-76.79423199999999 -12.3627877),,,,,,,,,,171652088,1826469973,641.329,319488480,1826469898,536.924,5593356806,1826469927,507.12,,,
1832653076,-12.3628897,-76.7943828,4,,,POINT (-76.79438279999999 -12.3628897),,,,,,,,,,171652088,1826469973,621.406,319488480,1826469898,517.001,5593356806,1826469927,487.197,,,
1832653078,-12.3632759,-76.7937007,1,,,POINT (-76.7937007 -12.3632759),,,,,,,,,,171652088,1826469973,572.002,319488480,1826469898,467.597,5593356806,1826469927,437.793,,,
1832653079,-12.3632084,-76.7948541,4,,,POINT (-76.79485409999999 -12.3632084),,,,,,,,,,171652088,1826469973,563.583,319488480,1826469898,459.178,5593356806,1826469927,429.374,,,
1832653080,-12.363366,-76.7938117,3,,,POINT (-76.79381170000001 -12.363366),,,,,,,,,,171652088,1826469973,556.326,319488480,1826469898,451.921,5593356806,1826469927,422.11699999999996,,,
1832653082,-12.3634538,-76.7939201,3,,,POINT (-76.79392009999999 -12.3634538),,,,,,,,,,171652088,1826469973,541.031,319488480,1826469898,436.62600000000003,5593356806,1826469927,406.822,,,
1832653083,-12.3635827,-76.794079,3,,,POINT (-76.794079 -12.3635827),,,,,,,,,,171652088,1826469973,518.596,319488480,1826469898,414.19100000000003,5593356806,1826469927,384.38700000000006,,,
1832653086,-12.3637122,-76.7925547,3,,,POINT (-76.7925547 -12.3637122),,,,,,,,,,171652088,1826469973,533.52,319488480,1826469898,429.115,5593356806,1826469927,399.31100000000004,,,
1832653087,-12.3638174,-76.7943684,4,,,POINT (-76.7943684 -12.3638174),,,,,,,,,,171652088,1826469973,477.741,319488480,1826469898,373.336,5593356806,1826469927,343.53200000000004,,,
1832653089,-12.3640954,-76.7930788,3,,,POINT (-76.7930788 -12.3640954),,,,,,,,,,171652088,1826469973,462.414,319488480,1826469898,358.009,5593356806,1826469927,328.20500000000004,,,
1832653090,-12.3642709,-76.7933188,3,,,POINT (-76.79331879999999 -12.3642709),,,,,,,,,,171652088,1826469973,429.851,319488480,1826469898,325.446,5593356806,1826469927,295.642,,,
1832653091,-12.3642643,-76.7949194,3,,,POINT (-76.7949194 -12.3642643),,,,,,,,,,171652088,1826469973,414.902,319488480,1826469898,310.497,5593356806,1826469927,280.693,,,
1832653093,-12.3643271,-76.7933957,3,,,POINT (-76.7933957 -12.3643271),,,,,,,,,,171652088,1826469973,419.419,319488480,1826469898,315.014,5593356806,1826469927,285.21,,,
1832653096,-12.3645888,-76.7937536,4,,,POINT (-76.7937536 -12.3645888),,,,,,,,,,171652088,1826469973,370.85999999999996,319488480,1826469898,266.455,5593356806,1826469927,236.65099999999995,,,
1832653100,-12.3647959,-76.7922773,1,,,POINT (-76.79227729999999 -12.3647959),,,,,,,,,,171652088,1826469973,598.1959999999999,319488480,1826469898,493.79099999999994,5593356867,1826469989,702.144,,,
1832653107,-12.3649431,-76.7944781,4,,,POINT (-76.79447810000001 -12.3649431),,,,,,,,,,171652088,1826469973,286.083,319488480,1826469898,181.678,5593356806,1826469927,151.87400000000002,,,
1832653110,-12.3650871,-76.7926643,4,,,POINT (-76.7926643 -12.3650871),,,,,,,,,,171652088,1826469973,545.136,319488480,1826469898,440.73100000000005,5593356867,1826469989,649.0840000000001,,,
1832653111,-12.3652212,-76.79491,3,,,POINT (-76.79491 -12.3652212),,,,,,,,,,171652088,1826469973,156.585,319488480,1826469898,117.28,5593356806,1826469927,83.146,,,
1832653112,-12.3653986,-76.7924636,1,,,POINT (-76.7924636 -12.3653986),,,,,,,,,,171652088,1826469973,586.0619999999999,319488480,1826469898,481.657,5593356867,1826469989,690.01,,,
1832653113,-12.3654874,-76.7931542,4,,,POINT (-76.7931542 -12.3654874),,,,,,,,,,171652088,1826469973,482.118,319488480,1826469898,377.713,5593356867,1826469989,586.066,,,
1832653114,-12.3658899,-76.7936366,3,,,POINT (-76.7936366 -12.3658899),,,,,,,,,,171652088,1826469973,416.284,319488480,1826469898,311.879,5593356867,1826469989,520.232,,,
1832653115,-12.3658552,-76.792836,1,,,POINT (-76.79283599999999 -12.3658552),,,,,,,,,,171652088,1826469973,535.663,319488480,1826469898,431.25800000000004,5593356867,1826469989,639.6110000000001,,,
1832653117,-12.3704114,-76.7868203,3,,,POINT (-76.7868203 -12.3704114),,,,,,,,,,171652088,1826469973,1106.03,319488480,1826469898,1369.59,5593356863,6450999546,954.322,,,
1832653118,-12.3708403,-76.7872282,3,,,POINT (-76.7872282 -12.3708403),,,,,,,,,,171652088,1826469973,1057.21,319488480,1826469898,1320.77,5593356863,6450999546,895.485,,,
1832653119,-12.3708824,-76.7878813,4,,,POINT (-76.7878813 -12.3708824),,,,,,,,,,171652088,1826469973,956.911,319488480,1826469898,1220.4709999999998,5593356863,6450999546,892.8179999999999,,,
1832653120,-12.3711457,-76.7860362,3,,,POINT (-76.7860362 -12.3711457),,,,,,,,,,171652088,1826469973,1224.012,319488480,1826469898,1487.572,5593356863,6450999546,836.34,,,
1832653121,-12.3711797,-76.7875506,3,,,POINT (-76.7875506 -12.3711797),,,,,,,,,,171652088,1826469973,1005.727,319488480,1826469898,1269.2869999999998,5593356863,6450999546,844.0020000000001,,,
1832653124,-12.3715555,-76.7864144,3,,,POINT (-76.7864144 -12.3715555),,,,,,,,,,171652088,1826469973,1176.1109999999999,319488480,1826469898,1439.6709999999998,5593356863,6450999546,777.2489999999999,,,
1832653125,-12.3719082,-76.7867405,3,,,POINT (-76.78674049999999 -12.3719082),,,,,,,,,,171652088,1826469973,1124.0580000000002,319488480,1826469898,1387.984,5593356863,6450999546,724.404,,,
1832653126,-12.3722496,-76.7863608,3,,,POINT (-76.7863608 -12.3722496),,,,,,,,,,171652088,1826469973,1173.654,319488480,1826469898,1444.0359999999998,5593356863,6450999546,668.352,,,
1832653128,-12.3729804,-76.7870262,4,,,POINT (-76.7870262 -12.3729804),,,,,,,,,,171652088,1826469973,1064.9039999999998,319488480,1826469898,1338.769,5593356863,6450999546,559.602,,,
4216770953,-12.3756125,-76.7845295,3,,,POINT (-76.7845295 -12.3756125),,,,,,,,,,171652088,1826469973,1466.1240000000003,319488480,1826469898,1739.9890000000003,5593356863,6450999546,960.822,,,
4216770955,-12.3758757,-76.7848819,3,,,POINT (-76.7848819 -12.3758757),,,,,,,,,,171652088,1826469973,1506.498,319488480,1826469898,1780.363,5593356863,6450999546,1001.196,,,
4216770960,-12.3774304,-76.7820031,3,,,POINT (-76.7820031 -12.3774304),,,,,,,,,,171652088,1826469973,2356.6850000000004,319488480,1826469898,2630.5500000000006,5593356863,6450999546,1851.3830000000003,,,
4216770962,-12.377561,-76.782406,3,,,POINT (-76.78240599999999 -12.377561),,,,,,,,,,171652088,1826469973,2302.9220000000005,319488480,1826469898,2576.7870000000007,5593356863,6450999546,1797.6200000000001,,,
4216770965,-12.3778511,-76.7829034,3,,,POINT (-76.7829034 -12.3778511),,,,,,,,,,171652088,1826469973,2240.0010000000007,319488480,1826469898,2513.866000000001,5593356863,6450999546,1734.6990000000003,,,
4216770967,-12.3781934,-76.7834609,3,,,POINT (-76.78346089999999 -12.3781934),,,,,,,,,,171652088,1826469973,2168.481,319488480,1826469898,2442.3460000000005,5593356863,6450999546,1663.1790000000003,,,
4216770968,-12.3781955,-76.782416,3,,,POINT (-76.782416 -12.3781955),,,,,,,,,,171652088,1826469973,2335.3690000000006,319488480,1826469898,2609.234000000001,5593356863,6450999546,1830.0670000000002,,,
4216770969,-12.3782367,-76.7819936,3,,,POINT (-76.78199360000001 -12.3782367),,,,,,,,,,171652088,1826469973,2381.4740000000006,319488480,1826469898,2655.339000000001,5593356863,6450999546,1876.1720000000003,,,
4216770972,-12.3786562,-76.7839381,4,,,POINT (-76.7839381 -12.3786562),,,,,,,,,,171652088,1826469973,2122.695,319488480,1826469898,2396.5600000000004,5593356863,6450999546,1617.3930000000003,,,
4216770974,-12.378657,-76.7834499,4,,,POINT (-76.78344989999999 -12.378657),,,,,,,,,,171652088,1826469973,2175.7180000000003,319488480,1826469898,2449.5830000000005,5593356863,6450999546,1670.4160000000004,,,
4216770975,-12.3786264,-76.7829144,4,,,POINT (-76.7829144 -12.3786264),,,,,,,,,,171652088,1826469973,2233.9780000000005,319488480,1826469898,2507.8430000000008,5593356863,6450999546,1728.6760000000002,,,
4216770976,-12.3786272,-76.7824229,3,,,POINT (-76.7824229 -12.3786272),,,,,,,,,,171652088,1826469973,2287.3600000000006,319488480,1826469898,2561.225000000001,5593356863,6450999546,1782.0580000000002,,,
4216770978,-12.3787073,-76.7843499,3,,,POINT (-76.7843499 -12.3787073),,,,,,,,,,171652088,1826469973,2168.634,319488480,1826469898,2442.4990000000003,5593356863,6450999546,1663.332,,,
4216770979,-12.378952,-76.7820195,3,,,POINT (-76.7820195 -12.378952),,,,,,,,,,171652088,1826469973,2410.271,319488480,1826469898,2684.1360000000004,5593356863,6450999546,1904.9690000000003,,,
4216770980,-12.3789951,-76.7848377,3,,,POINT (-76.7848377 -12.3789951),,,,,,,,,,171652088,1826469973,2230.5290000000005,319488480,1826469898,2504.3940000000007,5593356863,6450999546,1725.227,,,
4216770981,-12.379238,-76.7824325,3,,,POINT (-76.7824325 -12.379238),,,,,,,,,,171652088,1826469973,2355.2860000000005,319488480,1826469898,2629.1510000000007,5593356863,6450999546,1849.9840000000002,,,
4216770982,-12.3792663,-76.7853134,3,,,POINT (-76.78531340000001 -12.3792663),,,,,,,,,,171652088,1826469973,2290.3520000000003,319488480,1826469898,2564.2170000000006,5593356863,6450999546,1785.0500000000002,,,
4216770983,-12.3792971,-76.7839487,3,,,POINT (-76.7839487 -12.3792971),,,,,,,,,,171652088,1826469973,2193.969,319488480,1826469898,2467.8340000000003,5593356863,6450999546,1688.6670000000001,,,
4216770984,-12.3792827,-76.7843567,4,,,POINT (-76.7843567 -12.3792827),,,,,,,,,,171652088,1826469973,2232.6200000000003,319488480,1826469898,2506.4850000000006,5593356863,6450999546,1727.3180000000002,,,
4216770985,-12.3793229,-76.7848406,3,,,POINT (-76.7848406 -12.3793229),,,,,,,,,,171652088,1826469973,2266.9800000000005,319488480,1826469898,2540.8450000000007,5593356863,6450999546,1761.678,,,
4216771989,-12.3796493,-76.7834628,3,,,POINT (-76.7834628 -12.3796493),,,,,,,,,,171652088,1826469973,2286.0660000000003,319488480,1826469898,2559.9310000000005,5593356863,6450999546,1780.7640000000001,,,
4216771990,-12.3796634,-76.783958,3,,,POINT (-76.783958 -12.3796634),,,,,,,,,,171652088,1826469973,2234.7120000000004,319488480,1826469898,2508.5770000000007,5593356863,6450999546,1729.41,,,
4216771992,-12.3797758,-76.7853165,3,,,POINT (-76.78531649999999 -12.3797758),,,,,,,,,,171652088,1826469973,2347.0070000000005,319488480,1826469898,2620.8720000000008,5593356863,6450999546,1841.7050000000002,,,
4216771993,-12.3797782,-76.7848447,3,,,POINT (-76.78484469999999 -12.3797782),,,,,,,,,,171652088,1826469973,2317.6090000000004,319488480,1826469898,2591.4740000000006,5593356863,6450999546,1812.3070000000002,,,
4216771994,-12.3798402,-76.7834653,1,,,POINT (-76.7834653 -12.3798402),,,,,,,,,,171652088,1826469973,2307.2950000000005,319488480,1826469898,2581.1600000000008,5593356863,6450999546,1801.9930000000002,,,
4216771995,-12.3801812,-76.7839759,1,,,POINT (-76.7839759 -12.3801812),,,,,,,,,,171652088,1826469973,2292.3220000000006,319488480,1826469898,2566.187000000001,5593356863,6450999546,1787.0200000000002,,,
4216771996,-12.3803537,-76.7843692,1,,,POINT (-76.7843692 -12.3803537),,,,,,,,,,171652088,1826469973,2351.7180000000003,319488480,1826469898,2625.5830000000005,5593356863,6450999546,1846.4160000000002,,,
4216771997,-12.3807524,-76.7848533,3,,,POINT (-76.78485329999999 -12.3807524),,,,,,,,,,171652088,1826469973,2425.9390000000003,319488480,1826469898,2699.8040000000005,5593356863,6450999546,1920.6370000000002,,,
4216771998,-12.380757,-76.7853223,3,,,POINT (-76.7853223 -12.380757),,,,,,,,,,171652088,1826469973,2456.1130000000003,319488480,1826469898,2729.9780000000005,5593356863,6450999546,1950.8110000000001,,,
4216772000,-12.3808962,-76.7848546,1,,,POINT (-76.7848546 -12.3808962),,,,,,,,,,171652088,1826469973,2441.929,319488480,1826469898,2715.7940000000003,5593356863,6450999546,1936.6270000000002,,,
4893062516,-12.3783141,-76.7806367,4,,,POINT (-76.7806367 -12.3783141),,,,,,,,,,171652088,1826469973,,319488480,1826469898,,5593356863,6450999546,,,,
4893099862,-12.3576522,-76.7978526,1,,,POINT (-76.7978526 -12.3576522),,,,,,,,,,171652088,1826469973,2887.335,319488480,1826469898,2613.47,5593357482,1826469851,2140.674,,,
4975930805,-12.3563461,-76.8027851,3,,,POINT (-76.80278509999999 -12.3563461),,,,,,,,,,171652088,1826469973,1529.183,319488480,1826469898,1255.3179999999998,5593357478,7059096563,197.25,,,
4975930806,-12.3567788,-76.8030667,3,,,POINT (-76.8030667 -12.3567788),,,,,,,,,,171652088,1826469973,1472.1689999999999,319488480,1826469898,1198.3039999999999,5593357478,7059096563,140.236,,,
4975930808,-12.3573038,-76.8013048,3,,,POINT (-76.8013048 -12.3573038),,,,,,,,,,171652088,1826469973,1717.8139999999999,319488480,1826469898,1443.9489999999998,5593357478,7059096563,385.881,,,
4975930814,-12.357924,-76.8011137,3,,,POINT (-76.8011137 -12.357924),,,,,,,,,,171652088,1826469973,1729.6190000000001,319488480,1826469898,1455.754,5593357478,7059096563,397.686,,,
4975930819,-12.3606525,-76.796472,3,,,POINT (-76.79647199999999 -12.3606525),,,,,,,,,,171652088,1826469973,2413.743,319488480,1826469898,2139.8779999999997,5593357482,1826469851,1667.0819999999999,,,
4985365244,-12.3737863,-76.7811892,3,,,POINT (-76.7811892 -12.3737863),,,,,,,,,,171652088,1826469973,2468.1920000000005,319488480,1826469898,2742.0570000000007,5593356863,6450999546,1962.89,,,
5008416139,-12.3575295,-76.8031947,3,,,POINT (-76.80319470000001 -12.3575295),,,,,,,,,,171652088,1826469973,1478.902,319488480,1826469898,1205.037,5593357478,7059096563,177.653,,,
5008423216,-12.3648987,-76.7944133,3,,,POINT (-76.7944133 -12.3648987),,,,,,,,,,171652088,1826469973,277.486,319488480,1826469898,173.08100000000002,5593356806,1826469927,143.277,,,
5009613442,-12.3604136,-76.7982137,3,,,POINT (-76.79821370000001 -12.3604136),,,,,,,,,,171652088,1826469973,2149.6319999999996,319488480,1826469898,1875.7669999999996,5593357482,1826469851,1402.9709999999998,,,
5009613447,-12.3605238,-76.7972292,3,,,POINT (-76.7972292 -12.3605238),,,,,,,,,,171652088,1826469973,2296.138,319488480,1826469898,2022.2729999999997,5593357482,1826469851,1549.4769999999996,,,
5009613453,-12.3635636,-76.7953794,4,,,POINT (-76.7953794 -12.3635636),,,,,,,,,,171652088,1826469973,499.362,319488480,1826469898,394.95700000000005,5593356806,1826469927,365.153,,,
5009613474,-12.3642213,-76.7948665,4,,,POINT (-76.7948665 -12.3642213),,,,,,,,,,171652088,1826469973,407.42699999999996,319488480,1826469898,303.022,5593356806,1826469927,273.21799999999996,,,
5009613475,-12.3649676,-76.7942607,4,,,POINT (-76.7942607 -12.3649676),,,,,,,,,,171652088,1826469973,301.521,319488480,1826469898,197.116,5593356806,1826469927,167.312,,,
5466459848,-12.3753154,-76.7894352,3,,,POINT (-76.7894352 -12.3753154),,,,,,,,,,171652088,1826469973,1347.5929999999998,319488480,1826469898,1615.528,5593356863,6450999546,878.8009999999999,,,
5466498388,-12.3579731,-76.7996618,1,,,POINT (-76.7996618 -12.3579731),,,,,,,,,,171652088,1826469973,2531.606,319488480,1826469898,2257.741,5593357478,7059096563,1199.673,,,
5487341359,-12.3573816,-76.7975837,1,,,POINT (-76.7975837 -12.3573816),,,,,,,,,,171652088,1826469973,2927.6470000000004,319488480,1826469898,2653.782,5593357482,1826469851,2180.9860000000003,,,
5489570531,-12.3599561,-76.7977131,3,,,POINT (-76.7977131 -12.3599561),,,,,,,,,,171652088,1826469973,2224.316,319488480,1826469898,1950.4509999999998,5593357482,1826469851,1477.6549999999997,,,
5557758307,-12.3491349,-76.8102191,3,,,POINT (-76.8102191 -12.3491349),,,,,,,,,,171652088,1826469973,2853.069,319488480,1826469898,2579.2039999999997,5593357481,1832652904,330.75600000000003,,,
6300369874,-12.3670415,-76.7933242,3,,,POINT (-76.7933242 -12.3670415),,,,,,,,,,171652088,1826469973,111.38999999999999,319488480,1826469898,385.25500000000005,5593356867,1826469989,122.07,,,
6396947641,-12.3574776,-76.7972662,3,,,POINT (-76.7972662 -12.3574776),,,,,,,,,,171652088,1826469973,2888.8940000000002,319488480,1826469898,2615.029,5593357482,1826469851,2142.233,,,
6396947642,-12.3573266,-76.7973498,3,,,POINT (-76.79734980000001 -12.3573266),,,,,,,,,,171652088,1826469973,2914.5280000000002,319488480,1826469898,2640.663,5593357482,1826469851,2167.867,,,
6396947648,-12.3571594,-76.795829,1,,,POINT (-76.795829 -12.3571594),,,,,,,,,,171652088,1826469973,3105.6780000000003,319488480,1826469898,2831.813,5593357482,1826469851,2359.0170000000003,,,
6396947659,-12.3574199,-76.7972004,3,,,POINT (-76.79720039999999 -12.3574199),,,,,,,,,,171652088,1826469973,2940.851,319488480,1826469898,2666.986,5593357482,1826469851,2194.19,,,
6396948402,-12.3574055,-76.7973765,3,,,POINT (-76.7973765 -12.3574055),,,,,,,,,,171652088,1826469973,2904.9590000000003,319488480,1826469898,2631.094,5593357482,1826469851,2158.2980000000002,,,
6396948404,-12.3572873,-76.7975814,1,,,POINT (-76.7975814 -12.3572873),,,,,,,,,,171652088,1826469973,,319488480,1826469898,,5593357482,1826469851,,,,
6419452309,-12.3624361,-76.7962809,3,,,POINT (-76.7962809 -12.3624361),,,,,,,,,,171652088,1826469973,658.441,319488480,1826469898,554.036,5593357482,1826469851,1077.1200000000001,,,
6419452311,-12.3658291,-76.7935638,4,,,POINT (-76.7935638 -12.3658291),,,,,,,,,,171652088,1826469973,423.61199999999997,319488480,1826469898,319.207,5593356867,1826469989,527.56,,,
6419452322,-12.3712929,-76.7882897,4,,,POINT (-76.78828970000001 -12.3712929),,,,,,,,,,171652088,1826469973,893.2629999999999,319488480,1826469898,1156.823,5593356863,6450999546,835.737,,,
6419452323,-12.3726544,-76.7867269,4,,,POINT (-76.78672690000001 -12.3726544),,,,,,,,,,171652088,1826469973,1113.5939999999998,319488480,1826469898,1384.2679999999998,5593356863,6450999546,608.2919999999999,,,
6419454254,-12.3584823,-76.7987031,3,,,POINT (-76.7987031 -12.3584823),,,,,,,,,,171652088,1826469973,2449.573,319488480,1826469898,2175.7079999999996,5593357482,1826469851,1702.9119999999998,,,
6419454255,-12.3587108,-76.7989086,3,,,POINT (-76.7989086 -12.3587108),,,,,,,,,,171652088,1826469973,2415.7529999999997,319488480,1826469898,2141.8879999999995,5593357482,1826469851,1669.0919999999999,,,
6450979535,-12.3473016,-76.8135413,3,,,POINT (-76.8135413 -12.3473016),,,,,,,,,,171652088,1826469973,3031.364,319488480,1826469898,2757.499,5593357481,1832652904,816.187,,,
6450979538,-12.3486817,-76.812141,3,,,POINT (-76.812141 -12.3486817),,,,,,,,,,171652088,1826469973,3104.612,319488480,1826469898,2830.747,5593357481,1832652904,655.481,,,
6450979539,-12.3489794,-76.8118548,3,,,POINT (-76.81185480000001 -12.3489794),,,,,,,,,,171652088,1826469973,3122.2229999999995,319488480,1826469898,2848.3579999999993,5593357481,1832652904,599.91,,,
6450979540,-12.349285,-76.8115667,3,,,POINT (-76.8115667 -12.349285),,,,,,,,,,171652088,1826469973,3065.73,319488480,1826469898,2791.865,5593357481,1832652904,543.417,,,
6450979541,-12.3496176,-76.8112329,3,,,POINT (-76.81123289999999 -12.3496176),,,,,,,,,,171652088,1826469973,3011.092,319488480,1826469898,2737.227,5593357481,1832652904,488.779,,,
6450979542,-12.3503188,-76.8105291,3,,,POINT (-76.8105291 -12.3503188),,,,,,,,,,171652088,1826469973,2752.059,319488480,1826469898,2478.194,5593357481,1832652904,332.644,,,
6450979543,-12.3511751,-76.8097025,4,,,POINT (-76.8097025 -12.3511751),,,,,,,,,,171652088,1826469973,2552.163,319488480,1826469898,2278.298,5593357481,1832652904,202.26600000000002,,,
6450979554,-12.3557535,-76.8044924,3,,,POINT (-76.8044924 -12.3557535),,,,,,,,,,171652088,1826469973,1714.449,319488480,1826469898,1440.584,5593357478,7059096563,382.51599999999996,,,
6450979556,-12.3567027,-76.8030187,4,,,POINT (-76.8030187 -12.3567027),,,,,,,,,,171652088,1826469973,1482.1080000000002,319488480,1826469898,1208.243,5593357478,7059096563,150.175,,,
6450999524,-12.36473,-76.794644,4,H,motorway_junction,POINT (-76.79464400000001 -12.36473),,,,,,,,,,171652088,1826469973,239.637,319488480,1826469898,135.232,5593356806,1826469927,105.428,,,
6450999526,-12.3661769,-76.7953803,3,,,POINT (-76.79538030000001 -12.3661769),,,,,,,,,,171652088,1826469973,222.259,319488480,1826469898,258.75199999999995,5593356806,1826469927,151.013,,,
6450999532,-12.3668145,-76.7930422,4,,,POINT (-76.7930422 -12.3668145),,,,,,,,,,171652088,1826469973,151.114,319488480,1826469898,424.97900000000004,5593356867,1826469989,161.794,,,
6450999542,-12.372798,-76.7868588,4,,,POINT (-76.7868588 -12.372798),,,,,,,,,,171652088,1826469973,1092.142,319488480,1826469898,1366.0070000000003,5593356863,6450999546,586.84,,,
6450999544,-12.3688585,-76.7915205,3,,,POINT (-76.7915205 -12.3688585),,,,,,,,,,171652088,1826469973,394.802,319488480,1826469898,668.667,5593356863,6450999546,110.5,,,
6450999546,-12.369521,-76.7907656,3,,,POINT (-76.7907656 -12.369521),,,,,,,,,,171652088,1826469973,505.302,319488480,1826469898,779.1669999999999,5593356863,6450999546,0.0,,,
6450999547,-12.3701765,-76.7899895,3,,,POINT (-76.7899895 -12.3701765),,,,,,,,,,171652088,1826469973,616.74,319488480,1826469898,890.605,5593356863,6450999546,111.438,,,
6450999548,-12.3709379,-76.7892103,3,,,POINT (-76.78921029999999 -12.3709379),,,,,,,,,,171652088,1826469973,736.4499999999999,319488480,1826469898,1010.3149999999998,5593356863,6450999546,231.148,,,
6450999549,-12.371639,-76.7884927,3,,,POINT (-76.78849270000001 -12.371639),,,,,,,,,,171652088,1826469973,846.6879999999999,319488480,1826469898,1120.5529999999999,5593356863,6450999546,341.38599999999997,,,
6450999550,-12.3723359,-76.7877324,3,,,POINT (-76.7877324 -12.3723359),,,,,,,,,,171652088,1826469973,959.9319999999999,319488480,1826469898,1233.7969999999998,5593356863,6450999546,454.63,,,
6450999551,-12.3736025,-76.7863272,3,,,POINT (-76.7863272 -12.3736025),,,,,,,,,,171652088,1826469973,1167.612,319488480,1826469898,1441.477,5593356863,6450999546,662.31,,,
6450999554,-12.3759421,-76.7833146,3,,,POINT (-76.7833146 -12.3759421),,,,,,,,,,171652088,1826469973,1631.6970000000003,319488480,1826469898,1905.5620000000006,5593356863,6450999546,1126.3950000000002,,,
6450999558,-12.3755355,-76.7834315,3,,,POINT (-76.78343150000001 -12.3755355),,,,,,,,,,171652088,1826469973,1583.8130000000003,319488480,1826469898,1857.6780000000006,5593356863,6450999546,1078.5110000000002,,,
6450999559,-12.3758721,-76.7833931,3,,,POINT (-76.7833931 -12.3758721),,,,,,,,,,171652088,1826469973,1643.2420000000002,319488480,1826469898,1917.1070000000002,5593356863,6450999546,1137.94,,,
6450999560,-12.3771415,-76.7819717,4,,,POINT (-76.7819717 -12.3771415),,,,,,,,,,171652088,1826469973,1833.4940000000004,319488480,1826469898,2107.3590000000004,5593356863,6450999546,1328.1920000000002,,,
6450999575,-12.3740135,-76.7867712,4,,,POINT (-76.7867712 -12.3740135),,,,,,,,,,171652088,1826469973,1165.0330000000001,319488480,1826469898,1438.8980000000004,5593356863,6450999546,685.592,,,
6453470974,-12.3770453,-76.7820856,4,,,POINT (-76.7820856 -12.3770453),,,,,,,,,,171652088,1826469973,1849.8480000000004,319488480,1826469898,2123.713,5593356863,6450999546,1344.5460000000003,,,
6453470975,-12.3769929,-76.7819903,3,,,POINT (-76.7819903 -12.3769929),,,,,,,,,,171652088,1826469973,1805.8750000000002,319488480,1826469898,2079.7400000000002,5593356863,6450999546,1300.573,,,
6455608452,-12.34766,-76.811201,3,,,POINT (-76.811201 -12.34766),,,,,,,,,,171652088,1826469973,3058.588,319488480,1826469898,2784.723,5593357481,1832652904,536.275,,,
6455608470,-12.3515076,-76.8083386,3,,,POINT (-76.8083386 -12.3515076),,,,,,,,,,171652088,1826469973,2774.132,319488480,1826469898,2500.267,5593357481,1832652904,15.9,,,
6455608471,-12.3521319,-76.8080461,3,,,POINT (-76.8080461 -12.3521319),,,,,,,,,,171652088,1826469973,2862.319,319488480,1826469898,2588.4539999999997,5593357481,1832652904,104.08700000000002,,,
6455629524,-12.3533254,-76.8111296,3,,,POINT (-76.8111296 -12.3533254),,,,,,,,,,171652088,1826469973,2440.623,319488480,1826469898,2166.758,5593357481,1832652904,624.0269999999999,,,
6534557189,-12.3477738,-76.8130926,3,,,POINT (-76.8130926 -12.3477738),,,,,,,,,,171652088,1826469973,2959.723,319488480,1826469898,2685.8579999999997,5593357481,1832652904,744.546,,,
6595546832,-12.3667411,-76.7929628,3,,,POINT (-76.7929628 -12.3667411),,,,,,,,,,171652088,1826469973,162.988,319488480,1826469898,431.523,5593356867,1826469989,173.668,,,
6595546839,-12.368698,-76.7917797,3,,,POINT (-76.79177970000001 -12.368698),,,,,,,,,,171652088,1826469973,361.469,319488480,1826469898,635.334,5593356864,1826470037,167.82999999999998,,,
7059096552,-12.3528881,-76.8119225,4,,,POINT (-76.81192249999999 -12.3528881),,,,,,,,,,171652088,1826469973,2539.5270000000005,319488480,1826469898,2265.6620000000003,5593357481,1832652904,525.1229999999999,,,
7059096553,-12.3509033,-76.810118,4,,,POINT (-76.810118 -12.3509033),,,,,,,,,,171652088,1826469973,2484.6259999999997,319488480,1826469898,2210.7609999999995,5593357481,1832652904,269.449,,,
7059096554,-12.3512628,-76.8097744,4,,,POINT (-76.80977439999999 -12.3512628),,,,,,,,,,171652088,1826469973,2429.9369999999994,319488480,1826469898,2156.071999999999,5593357481,1832652904,214.76,,,
7059096556,-12.3488706,-76.8104178,3,,,POINT (-76.8104178 -12.3488706),,,,,,,,,,171652088,1826469973,2889.532,319488480,1826469898,2615.667,5593357481,1832652904,367.219,,,
7059096557,-12.3508137,-76.8100502,3,,,POINT (-76.81005020000001 -12.3508137),,,,,,,,,,171652088,1826469973,2497.0149999999994,319488480,1826469898,2223.149999999999,5593357481,1832652904,281.838,,,
7059096558,-12.3559361,-76.8043651,3,,,POINT (-76.8043651 -12.3559361),,,,,,,,,,171652088,1826469973,1641.4990000000003,319488480,1826469898,1367.634,5593357478,7059096563,309.566,,,
7059096560,-12.3563536,-76.8035411,3,,,POINT (-76.8035411 -12.3563536),,,,,,,,,,171652088,1826469973,1551.219,319488480,1826469898,1277.3539999999998,5593357478,7059096563,219.286,,,
7059096562,-12.3569697,-76.8027781,3,,,POINT (-76.8027781 -12.3569697),,,,,,,,,,171652088,1826469973,1434.3110000000001,319488480,1826469898,1160.446,5593357478,7059096563,102.378,,,
7059096563,-12.3574834,-76.8019959,3,,,POINT (-76.80199589999999 -12.3574834),,,,,,,,,,171652088,1826469973,1331.933,319488480,1826469898,1058.068,5593357478,7059096563,0.0,,,
7059096564,-12.3577629,-76.8021933,3,,,POINT (-76.8021933 -12.3577629),,,,,,,,,,171652088,1826469973,1345.645,319488480,1826469898,1071.78,5593357478,7059096563,37.821,,,
7059096565,-12.3575342,-76.8020415,4,,,POINT (-76.8020415 -12.3575342),,,,,,,,,,171652088,1826469973,1333.1889999999999,319488480,1826469898,1059.3239999999998,5593357478,7059096563,7.513,,,
7059096566,-12.3580967,-76.8010452,3,,,POINT (-76.8010452 -12.3580967),,,,,,,,,,171652088,1826469973,1208.183,319488480,1826469898,934.318,5593357478,7059096563,140.293,,,
7059096568,-12.3599702,-76.7988735,3,,,POINT (-76.7988735 -12.3599702),,,,,,,,,,171652088,1826469973,899.365,319488480,1826469898,625.5,5593357482,1826469851,177.711,,,
7059096570,-12.3685101,-76.7913711,3,,,POINT (-76.79137110000001 -12.3685101),,,,,,,,,,171652088,1826469973,437.32599999999996,319488480,1826469898,700.8860000000002,5593356863,6450999546,719.848,,,
7059096571,-12.3685827,-76.7914423,3,,,POINT (-76.7914423 -12.3685827),,,,,,,,,,171652088,1826469973,426.147,319488480,1826469898,694.6820000000001,5593356863,6450999546,708.669,,,
7059096572,-12.3713662,-76.7883623,3,,,POINT (-76.7883623 -12.3713662),,,,,,,,,,171652088,1826469973,881.971,319488480,1826469898,1150.506,5593356863,6450999546,847.0780000000001,,,
7059096573,-12.3720352,-76.7875819,3,,,POINT (-76.78758190000001 -12.3720352),,,,,,,,,,171652088,1826469973,994.7470000000001,319488480,1826469898,1263.282,5593356863,6450999546,733.887,,,
7059096574,-12.3715609,-76.7871267,3,,,POINT (-76.7871267 -12.3715609),,,,,,,,,,171652088,1826469973,1067.042,319488480,1826469898,1330.9679999999998,5593356863,6450999546,781.42,,,
7059096575,-12.371965,-76.7875181,4,,,POINT (-76.7875181 -12.371965),,,,,,,,,,171652088,1826469973,1005.1850000000001,319488480,1826469898,1269.1109999999999,5593356863,6450999546,723.449,,,
7059096576,-12.3727404,-76.7868059,4,,,POINT (-76.7868059 -12.3727404),,,,,,,,,,171652088,1826469973,1100.7459999999999,319488480,1826469898,1374.611,5593356863,6450999546,595.444,,,
7060566728,-12.3577919,-76.8010322,3,,,POINT (-76.80103219999999 -12.3577919),,,,,,,,,,171652088,1826469973,1746.775,319488480,1826469898,1472.9099999999999,5593357478,7059096563,414.842,,,
7060566729,-12.3565551,-76.8029219,4,,,POINT (-76.8029219 -12.3565551),,,,,,,,,,171652088,1826469973,1501.5990000000002,319488480,1826469898,1227.734,5593357478,7059096563,169.666,,,
7060566730,-12.356192,-76.8034834,3,,,POINT (-76.8034834 -12.356192),,,,,,,,,,171652088,1826469973,1574.7420000000002,319488480,1826469898,1300.877,5593357478,7059096563,242.80900000000003,,,
7060566733,-12.3574877,-76.8014969,3,,,POINT (-76.8014969 -12.3574877),,,,,,,,,,171652088,1826469973,1687.909,319488480,1826469898,1414.044,5593357478,7059096563,355.976,,,
7060566742,-12.3613672,-76.7972484,3,,,POINT (-76.7972484 -12.3613672),,,,,,,,,,171652088,1826469973,2299.0049999999997,319488480,1826469898,2025.1399999999996,5593357482,1826469851,1552.3439999999996,,,
7060566748,-12.364688,-76.7945863,3,,,POINT (-76.79458630000001 -12.364688),,,,,,,,,,171652088,1826469973,247.453,319488480,1826469898,143.048,5593356806,1826469927,113.244,,,
7060566751,-12.3649857,-76.7950519,3,,,POINT (-76.7950519 -12.3649857),,,,,,,,,,171652088,1826469973,186.97,319488480,1826469898,86.89500000000001,5593356806,1826469927,52.760999999999996,,,
7060566752,-12.3647465,-76.7946772,3,,,POINT (-76.7946772 -12.3647465),,,,,,,,,,171652088,1826469973,235.591,319488480,1826469898,131.186,5593356806,1826469927,101.382,,,
7060566753,-12.3649604,-76.7945084,3,,,POINT (-76.7945084 -12.3649604),,,,,,,,,,171652088,1826469973,289.895,319488480,1826469898,185.49,5593356806,1826469927,155.686,,,
7061191614,-12.3706709,-76.7891485,3,,,POINT (-76.7891485 -12.3706709),,,,,,,,,,171652088,1826469973,766.779,319488480,1826469898,1035.314,5593356863,6450999546,962.3759999999999,,,
7061191615,-12.3705969,-76.7890755,4,,,POINT (-76.7890755 -12.3705969),,,,,,,,,,171652088,1826469973,778.0509999999999,319488480,1826469898,1041.611,5593356863,6450999546,950.949,,,
7061237050,-12.3782579,-76.7806055,3,,,POINT (-76.78060549999999 -12.3782579),,,,,,,,,,171652088,1826469973,2011.8870000000002,319488480,1826469898,2285.7520000000004,5593356863,6450999546,1506.585,,,
7066550081,-12.3577411,-76.7975132,3,,,POINT (-76.7975132 -12.3577411),,,,,,,,,,171652088,1826469973,2849.1670000000004,319488480,1826469898,2575.302,5593357482,1826469851,2102.5060000000003,,,
7066555460,-12.3480745,-76.8093093,3,,,POINT (-76.8093093 -12.3480745),,,,,,,,,,171652088,1826469973,2998.611,319488480,1826469898,2724.7459999999996,5593357481,1832652904,476.29800000000006,,,
7066555464,-12.3487927,-76.8094754,3,,,POINT (-76.8094754 -12.3487927),,,,,,,,,,171652088,1826469973,2913.025,319488480,1826469898,2639.16,5593357481,1832652904,390.71200000000005,,,
7066555465,-12.3493418,-76.8100636,3,,,POINT (-76.81006360000001 -12.3493418),,,,,,,,,,171652088,1826469973,2824.5280000000002,319488480,1826469898,2550.663,5593357481,1832652904,302.21500000000003,,,
7066555466,-12.3492585,-76.8099509,4,,,POINT (-76.8099509 -12.3492585),,,,,,,,,,171652088,1826469973,2839.879,319488480,1826469898,2566.0139999999997,5593357481,1832652904,317.56600000000003,,,
7066595398,-12.3538162,-76.8068044,4,,,POINT (-76.8068044 -12.3538162),,,,,,,,,,171652088,1826469973,3081.749,319488480,1826469898,2807.8839999999996,5593357481,1832652904,323.51699999999994,,,
7066595402,-12.3539234,-76.8068791,3,,,POINT (-76.8068791 -12.3539234),,,,,,,,,,171652088,1826469973,3002.683,319488480,1826469898,2728.8179999999998,5593357481,1832652904,337.937,,,
7066595403,-12.3540321,-76.8069658,3,,,POINT (-76.8069658 -12.3540321),,,,,,,,,,171652088,1826469973,2987.36,319488480,1826469898,2713.495,5593357481,1832652904,353.26,,,
7066595405,-12.3535828,-76.8074325,3,,,POINT (-76.8074325 -12.3535828),,,,,,,,,,171652088,1826469973,2916.152,319488480,1826469898,2642.287,5593357481,1832652904,311.09999999999997,,,
7066595410,-12.3535265,-76.8073804,3,,,POINT (-76.8073804 -12.3535265),,,,,,,,,,171652088,1826469973,2924.5910000000003,319488480,1826469898,2650.726,5593357481,1832652904,302.661,,,
7313773262,-12.3785071,-76.7839369,3,,,POINT (-76.7839369 -12.3785071),,,,,,,,,,171652088,1826469973,2106.1150000000002,319488480,1826469898,2379.9800000000005,5593356863,6450999546,1600.813,,,
7313773263,-12.3783166,-76.7839491,3,,,POINT (-76.7839491 -12.3783166),,,,,,,,,,171652088,1826469973,2084.889,319488480,1826469898,2358.7540000000004,5593356863,6450999546,1579.5870000000002,,,
7722436550,-12.3515041,-76.7519141,3,,,POINT (-76.75191409999999 -12.3515041),,,,,,,,,,171652088,1826469973,6303.745999999997,319488480,1826469898,6577.610999999997,5593356863,6450999546,5798.443999999999,,,
7773399499,-12.3522134,-76.8133713,3,,,POINT (-76.8133713 -12.3522134),,,,,,,,,,171652088,1826469973,2717.088,319488480,1826469898,2443.223,5593357481,1832652904,702.684,,,
8096996363,-12.37609,-76.7899183,3,,,POINT (-76.7899183 -12.37609),,,,,,,,,,171652088,1826469973,1391.542,319488480,1826469898,1629.2730000000004,5593356863,6450999546,1018.211,,,
8096996364,-12.3786705,-76.7884711,3,,,POINT (-76.7884711 -12.3786705),,,,,,,,,,171652088,1826469973,1719.4609999999998,319488480,1826469898,1957.1920000000002,5593356863,6450999546,1346.13,,,
8124761645,-12.3719956,-76.7793462,1,,,POINT (-76.77934620000001 -12.3719956),,,,,,,,,,171652088,1826469973,2279.3440000000005,319488480,1826469898,2553.2090000000007,5593356863,6450999546,1774.0420000000001,,,
8124761658,-12.3727842,-76.7792362,1,,,POINT (-76.7792362 -12.3727842),,,,,,,,,,171652088,1826469973,2191.2670000000003,319488480,1826469898,2465.1320000000005,5593356863,6450999546,1685.9650000000004,,,
8124761664,-12.372758,-76.7788312,1,,,POINT (-76.7788312 -12.372758),,,,,,,,,,171652088,1826469973,2307.2190000000005,319488480,1826469898,2581.0840000000007,5593356863,6450999546,1801.9170000000001,,,
8124761679,-12.3730908,-76.7799604,3,,,POINT (-76.77996039999999 -12.3730908),,,,,,,,,,171652088,1826469973,2078.309,319488480,1826469898,2352.1740000000004,5593356863,6450999546,1573.007,,,
8124761680,-12.3732663,-76.7801186,3,,,POINT (-76.78011859999999 -12.3732663),,,,,,,,,,171652088,1826469973,2052.308,319488480,1826469898,2326.1730000000002,5593356863,6450999546,1547.006,,,
8124761682,-12.3734839,-76.7802635,3,,,POINT (-76.7802635 -12.3734839),,,,,,,,,,171652088,1826469973,2023.3250000000003,319488480,1826469898,2297.1900000000005,5593356863,6450999546,1518.0230000000001,,,
8210255882,-12.3705721,-76.7729601,3,,,POINT (-76.77296010000001 -12.3705721),,,,,,,,,,171652088,1826469973,2917.7350000000006,319488480,1826469898,3191.600000000001,5593356863,6450999546,2412.4330000000004,,,
8214866553,-12.3748592,-76.7896191,1,,,POINT (-76.7896191 -12.3748592),,,,,,,,,,171652088,1826469973,1373.97,319488480,1826469898,1641.905,5593356863,6450999546,905.1779999999999,,,
8220407995,-12.3798487,-76.7877139,3,,,POINT (-76.7877139 -12.3798487),,,,,,,,,,171652088,1826469973,1917.223,319488480,1826469898,2154.9540000000006,5593356863,6450999546,1543.8920000000003,,,
8220407996,-12.3793191,-76.7877796,1,,,POINT (-76.78777959999999 -12.3793191),,,,,,,,,,171652088,1826469973,1976.5429999999997,319488480,1826469898,2214.274,5593356863,6450999546,1603.2120000000002,,,
8230418294,-12.3668933,-76.7976576,1,,,POINT (-76.79765759999999 -12.3668933),,,,,,,,,,171652088,1826469973,529.5699999999999,319488480,1826469898,491.58799999999997,5593356806,1826469927,409.854,,,
8941708517,-12.3746864,-76.7861297,3,,,POINT (-76.7861297 -12.3746864),,,,,,,,,,171652088,1826469973,1267.2730000000001,319488480,1826469898,1541.1380000000001,5593356863,6450999546,787.832,,,
8941708520,-12.3765488,-76.7876298,3,,,POINT (-76.7876298 -12.3765488),,,,,,,,,,171652088,1826469973,1546.238,319488480,1826469898,1814.5540000000003,5593356863,6450999546,1066.797,,,
8941708569,-12.3742603,-76.785621,3,,,POINT (-76.78562100000001 -12.3742603),,,,,,,,,,171652088,1826469973,1273.599,319488480,1826469898,1547.4640000000002,5593356863,6450999546,768.2969999999999,,,
