osmid,osm_type,amenity,operator,name,geometry,element_type
338350659,way,hospital,MINSA,Instituto Nacioanal de Enfermedades Neoplásicas,"POLYGON ((-76.99985264236197 -12.11232295029276, -76.99983881222174 -12.11219261169842, -76.9998270775573 -12.11211533055115, -76.99977552885278 -12.11203025423396, -76.99968860851686 -12.11195297308669, -76.9996134228454 -12.1119297552149, -76.99739515217053 -12.1117712534259, -76.99733555683896 -12.11213645294717, -76.99716540420454 -12.11317857496871, -76.99719432177049 -12.11320673816337, -76.99960763933221 -12.11343480974872, -76.99962817499498 -12.11340572454472, -76.99973202677531 -12.1130002080692, -76.99985264236197 -12.11232295029276))",
6852754574,node,hospital,Gobierno Regional,Nac. Daniel A. Carrion,POINT (-77.12481307235787 -12.06379206619425),
604765913,way,hospital,Municipalidad Metropolitana de Lima,SISOL Salud Amancaes,"POLYGON ((-77.03080826806723 -12.01708332402663, -77.03047743434898 -12.01673614559718, -77.03036394338001 -12.01669130241518, -77.03023955593692 -12.01688240980755, -77.02970328177187 -12.01684586470972, -77.02945794346599 -12.01720444252749, -77.02989832865872 -12.01749437255825, -77.03077105241715 -12.01721651246805, -77.03080826806723 -12.01708332402663))",
1846294778,node,hospital,,Centro de Salud Bahia Blanca,POINT (-77.15869557483229 -11.8353046546265),
431592740,way,hospital,ESSALUD,Hospital III Suarez Angamos,"POLYGON ((-77.02822136129079 -12.11326080143886, -77.0281846485549 -12.11325560465889, -77.02819956834254 -12.11315535709693, -77.0281001589709 -12.1131412754996, -77.02805305267508 -12.11345894962989, -77.02818900714455 -12.11347822800718, -77.02822136129079 -12.11326080143886))",
437683615,way,hospital,Municipalidad Metropolitana de Lima,SISOL Villa María del Triunfo,"POLYGON ((-76.94635095440543 -12.17116022253344, -76.94631860025918 -12.17113373571942, -76.94630351283347 -12.17107372129269, -76.94632698216235 -12.17104161860354, -76.94607401632457 -12.17086467662753, -76.94603093334227 -12.17087507018749, -76.94600738019435 -12.17090700523858, -76.94595323309984 -12.17091128000919, -76.94540388316585 -12.17154830465037, -76.94523875967333 -12.17174175897563, -76.94501772888665 -12.17201685303777, -76.94480256543218 -12.17228406811094, -76.94479577609061 -12.17232790546456, -76.94481362954437 -12.17236847387591, -76.94499367282454 -12.17251088241082, -76.94502963118916 -12.17248707780581, -76.94506215297348 -12.1725047636215, -76.94538494006468 -12.17222011418974, -76.94565005966206 -12.17196312503845, -76.94586916261102 -12.17173211978698, -76.94635095440543 -12.17116022253344))",
6861695737,node,hospital,Sanidad del Ejercito del Peru,Ejercito Peruano,POINT (-77.01881485427334 -12.16020750583758),
465231306,way,hospital,MINSA,Centro de Salud Materno Infantil Ancon,"POLYGON ((-77.17294070309471 -11.77445840783318, -77.17282276971706 -11.77434810198741, -77.17269930428331 -11.77445321105321, -77.17272880858248 -11.77449260599812, -77.17264574392203 -11.77455563791, -77.17271816356545 -11.77464222296979, -77.17294070309471 -11.77445840783318))",
4458459045,node,hospital,MINSA,Centro de Salud Infantil El Porvenir,POINT (-77.02090806695287 -12.06746015466103),
126861263,way,hospital,ESSALUD,Hospital Uldarico Roca Fernandez,"POLYGON ((-76.93255962238082 -12.2112486022985, -76.93182050615899 -12.21080670836321, -76.93146695748312 -12.21139168138566, -76.93220364295304 -12.21182930055036, -76.93255962238082 -12.2112486022985))",
5008524121,node,hospital,,Policlínico Peruano Japonés,POINT (-77.05468696910407 -12.08772323794494),
1846294792,node,hospital,,Centro de Salud Juan Pablo II,POINT (-77.12906521183778 -12.02648597536862),
4576632912,node,hospital,,Centro de salud El Pino,POINT (-76.99858236493603 -12.06720936811809),
1846294773,node,hospital,,Centro de Salud Acapulco,POINT (-77.13684655164892 -12.02211238211169),
39557243,way,hospital,MINSA,Hospital Víctor Larco Herrera,"POLYGON ((-77.06829490508724 -12.09826214008115, -77.06781537640668 -12.09699345521679, -77.06776977885342 -12.09688373610425, -77.0675991233048 -12.09639565788245, -77.06755092736155 -12.09626540310714, -77.06749996539027 -12.09630748026106, -77.06691733930067 -12.09677284352526, -77.06567983511613 -12.09527432687591, -77.06501758094639 -12.09444351263335, -77.06418525796127 -12.09510694026952, -77.06401535678394 -12.09526602879177, -77.06396204787976 -12.09531590111564, -77.06375275175751 -12.09562930047531, -77.06372634876251 -12.09566886305828, -77.06357086445864 -12.09596382223097, -77.06343591581755 -12.09612517386705, -77.06332586142888 -12.09622416414354, -77.06314246538744 -12.09633505672252, -77.06291657309693 -12.09644092015958, -77.06291162777406 -12.09655332148114, -77.06292621228557 -12.09671324819371, -77.06296200301212 -12.09688616685617, -77.06315327804255 -12.09727693118211, -77.0631851292746 -12.0974736544496, -77.06319267298746 -12.09762721091573, -77.06316803019213 -12.09776735633679, -77.06309074904486 -12.09789325252248, -77.06297055255337 -12.09806952394621, -77.06280467468956 -12.09820514313955, -77.06330071571936 -12.09912245862287, -77.06289972547154 -12.0993124763678, -77.06321245427895 -12.09994531005742, -77.06324464078713 -12.10000968307378, -77.06328587975075 -12.10000591121735, -77.06394670899695 -12.09978085711714, -77.06394737954921 -12.09975981854018, -77.06398291881865 -12.09974732950445, -77.06401711698361 -12.09973425373551, -77.06402717526741 -12.09975654959794, -77.0640839207519 -12.09973618157323, -77.06421694155526 -12.0996883209061, -77.06453076001007 -12.09957751214614, -77.06505890372904 -12.09939554102826, -77.06563381846772 -12.09918943002921, -77.0659684240424 -12.09907468177477, -77.06596305962437 -12.0990523020933, -77.06596901077562 -12.09904257908562, -77.06598183508747 -12.09903000623086, -77.06601050119633 -12.09902061849931, -77.06602986339266 -12.09901466734806, -77.06604771684643 -12.09900947056809, -77.06608945872422 -12.09899790354172, -77.06621585782408 -12.09895767040646, -77.06622625138401 -12.09896320246256, -77.06623320836366 -12.09897300928927, -77.06624091971457 -12.09898910254338, -77.06637142594698 -12.09893805675304, -77.06643730770593 -12.09891383305288, -77.06647318225151 -12.09890126019812, -77.06829490508724 -12.09826214008115))",
699538736,way,hospital,Municipalidad Metropolitana de Lima,SISOL Salud Ate,"POLYGON ((-76.92637855552358 -12.0289322338098, -76.92625911340336 -12.02886467567021, -76.92616196714557 -12.02902896097243, -76.92628132544677 -12.02909651911199, -76.92637855552358 -12.0289322338098))",
437642241,way,hospital,ESSALUD,Centro de Atencion Primaria Essalud,"POLYGON ((-76.97037206397718 -12.163246029557, -76.97014432766795 -12.1627463004898, -76.96915844821669 -12.16313161657868, -76.96913036884106 -12.16319255301477, -76.96918761723974 -12.16341140450663, -76.96932860085111 -12.16450365030917, -76.96936590032023 -12.1645227610484, -76.96999253140149 -12.16452494034323, -76.97003662021218 -12.16449007162603, -76.97037206397718 -12.163246029557))",
195568056,way,hospital,,Clinica Centenario Peruano Japonesa,"POLYGON ((-77.05982826087264 -12.07321466646579, -77.05972625311102 -12.07274494461194, -77.05935107912497 -12.07282423741597, -77.0591139550842 -12.07283890574652, -77.05913490984213 -12.07336721710354, -77.05982826087264 -12.07321466646579))",
413981813,way,hospital,,Centro de Salud - Raul Patrucco Puig,"POLYGON ((-77.02320512751757 -12.05362154870252, -77.02311946446714 -12.05322466558727, -77.02301645087714 -12.0528264413675, -77.02299960325176 -12.0528074144473, -77.02165623563013 -12.0530641521415, -77.02181532415237 -12.05388918287088, -77.02184616955606 -12.05391617259909, -77.0231827478361 -12.05366572133227, -77.02320512751757 -12.05362154870252))",
446549659,way,hospital,,Centro de Salud Perú-Korea Bellavista,"POLYGON ((-77.10724410039199 -12.06176046050305, -77.10650573854143 -12.06163850381188, -77.10646642741555 -12.06186590484498, -77.10720495690417 -12.06198786153615, -77.10724410039199 -12.06176046050305))",
278393025,way,hospital,Policía Nacioanl del Perú,Hospital Nacional PNP Luis N. Saenz,"POLYGON ((-77.06141160238212 -12.0846218499517, -77.06060568239198 -12.08359448007974, -77.05890323403841 -12.08497875138883, -77.05845027599092 -12.08533875413013, -77.05853560376522 -12.08546062700228, -77.05927606109157 -12.08635472461381, -77.06141160238212 -12.0846218499517))",
412251739,way,hospital,,Red de Salud Túpac Amaru,"POLYGON ((-77.05758752669726 -11.97675455127853, -77.05705996971152 -11.97661113691524, -77.05667247432781 -11.97783137437924, -77.05721956114795 -11.97795877930747, -77.05758752669726 -11.97675455127853))",
720318095,way,hospital,,,"POLYGON ((-77.04515364389161 -12.05210308312363, -77.04490947905217 -12.05210065237171, -77.04490537191961 -12.05222327961513, -77.04514232832233 -12.05223023659477, -77.04515364389161 -12.05210308312363))",
372661035,way,hospital,MINSA,Hospital de Emergencias Villa El Salvador,"POLYGON ((-76.93605537891837 -12.23249144624435, -76.93601288266927 -12.23242782759928, -76.93605261289032 -12.23240067023301, -76.93563477501712 -12.23183715488264, -76.9350293501509 -12.23103006142605, -76.93460723750708 -12.23079805034621, -76.93457010567603 -12.23081188048644, -76.93367642715967 -12.23238373878857, -76.93485341400329 -12.23336492437409, -76.93488157719796 -12.23336911532567, -76.93605537891837 -12.23249144624435))",
467541158,way,hospital,,Hospital II Vitarte,"POLYGON ((-76.92398158267305 -12.02706902055334, -76.92371428378085 -12.02673625899737, -76.92345821663889 -12.02694094507285, -76.92347263351236 -12.02695963671692, -76.92363926574744 -12.02717521926655, -76.92382576309305 -12.02738334192236, -76.92398158267305 -12.02706902055334))",
468780933,way,hospital,,Policlinico Hna. María Donrose Sutmoller,"POLYGON ((-77.1246140021575 -11.88650274413385, -77.12458516841058 -11.8864571465806, -77.12423832525725 -11.88633611189877, -77.12415802662485 -11.88655454429545, -77.12455306572143 -11.8866740702347, -77.1246140021575 -11.88650274413385))",
435485146,way,hospital,,EsSalud - Hospital de Emergencias Grau,"POLYGON ((-77.03129014368068 -12.05888605444775, -77.03121554474244 -12.05887750490652, -77.03121696966598 -12.05886543496595, -77.03110481980151 -12.05885277829216, -77.0311106033147 -12.05880374415858, -77.03101722891336 -12.05879318296058, -77.0310131217808 -12.05882805167781, -77.03096140543822 -12.05882210052656, -77.03095947760049 -12.05883894815193, -77.03081790725588 -12.05882293871687, -77.03081245901882 -12.05886912300335, -77.0308554581821 -12.05887406832622, -77.03084808210731 -12.05893676496197, -77.03127832519721 -12.0589854638194, -77.03129014368068 -12.05888605444775))",
75223325,way,hospital,,Clinica Internacional,"POLYGON ((-77.03919385927814 -12.05808885163694, -77.03820932093139 -12.05801081611838, -77.0381406731444 -12.05884012161837, -77.03912512767212 -12.0589181571369, -77.03919385927814 -12.05808885163694))",
445599680,way,hospital,,Puesto de Salud Quebrada Verde,"POLYGON ((-76.87708190075112 -12.21034846971671, -76.87701300150704 -12.21028711418546, -76.87692272840987 -12.21038417662422, -76.87699171147298 -12.21044544833643, -76.87708190075112 -12.21034846971671))",
4435018834,node,hospital,MINSA,Centro de Salud Base San Martín de Porres,POINT (-77.0550032183108 -12.03478925629034),
4503252089,node,hospital,,ESSALUD,POINT (-77.00088713685165 -12.02269316418258),
513990850,way,hospital,,Centro de Salud Santa María de Huachipa,"POLYGON ((-76.94810805276769 -12.01734475558661, -76.94810293980676 -12.016923229676, -76.94774511636028 -12.01692222384762, -76.94774922349283 -12.0173397264447, -76.94797394231692 -12.0173418219205, -76.94800361425415 -12.01732396846674, -76.94804963090257 -12.01732195680998, -76.94805013381676 -12.01734383357726, -76.94810805276769 -12.01734475558661))",
73954281,way,hospital,,Hospital Santa Rosa,"POLYGON ((-77.06158267702588 -12.07246423467467, -77.0614334791494 -12.07169477596332, -77.0604739188741 -12.0716733182912, -77.06078270818701 -12.07303772448978, -77.06143012638813 -12.07291065483767, -77.06135804202084 -12.07250287524829, -77.06158267702588 -12.07246423467467))",
438467230,way,hospital,,Instituto Nacional Honorio Delgado - Hideyo Noguchi,"POLYGON ((-77.05802807952807 -12.02049115439988, -77.05800301763757 -12.0204434613708, -77.05768056582249 -12.0203108596626, -77.05714135799134 -12.02001724159445, -77.05676911767141 -12.01974625466485, -77.0563462506563 -12.01928290305742, -77.05500238012048 -12.02042217133675, -77.05618674303891 -12.02188481344052, -77.05802807952807 -12.02049115439988))",
39413837,way,hospital,ESSALUD,Hospital Nacional Edgardo Rebagliati Martins,"POLYGON ((-77.04205535720256 -12.07948047436412, -77.04198360811139 -12.07783686697081, -77.04193524453008 -12.0767275220858, -77.03886101390313 -12.07701435081239, -77.03813027958446 -12.07709423034964, -77.03809951799981 -12.07710982068954, -77.0380640625494 -12.07750997274707, -77.03792525823283 -12.07857480972621, -77.03775368067487 -12.07949028119083, -77.03874492454418 -12.07957024454711, -77.03870787653214 -12.07998498111613, -77.03944665747785 -12.07990124590341, -77.04205535720256 -12.07948047436412))",
2316632194,node,hospital,,Clinica Ofmatologica Wong,POINT (-77.06949955221134 -11.99122230288924),
611484237,node,hospital,ESSALUD,Policlinico Octavio Mongrut,POINT (-77.09446035694788 -12.06584211207243),
699540898,way,hospital,Municipalidad Metropolitana de Lima,SISOL Salud Camaná,"POLYGON ((-77.03545050132085 -12.04939631513179, -77.03539157654154 -12.04931081971944, -77.03540976527144 -12.0492988335979, -77.03536140169012 -12.04922892852542, -77.03534136894153 -12.04924225575147, -77.03529241862701 -12.04917134485063, -77.03521631094618 -12.04922155245063, -77.03537238198328 -12.04944794765535, -77.03545050132085 -12.04939631513179))",
406620283,way,hospital,,Hospital Nacional Hipólito Unanue,"POLYGON ((-76.99460381077569 -12.04024805455114, -76.99395362654651 -12.04011620721423, -76.99327905097911 -12.0399870420863, -76.99299331189992 -12.03996122582453, -76.99134417245054 -12.03983910149529, -76.99126487964652 -12.0398438791801, -76.99119765678306 -12.03987204237478, -76.99114007310827 -12.03992132796543, -76.99099171342209 -12.0401660795381, -76.99131056101881 -12.04028292326834, -76.99097872147217 -12.0408034394554, -76.99103370675699 -12.04083386576391, -76.99054076703136 -12.0418440527344, -76.99303714925352 -12.04267704627179, -76.99318735295839 -12.04265743261837, -76.99361524911541 -12.04179887427628, -76.99386444309675 -12.04160550377009, -76.99419267842502 -12.04138120404116, -76.9943231008384 -12.04126134282578, -76.99460381077569 -12.04024805455114))",
394469163,way,hospital,Municipalidad Metropolitana de Lima,SISOL Salud Chorrillos,"POLYGON ((-77.01943595329851 -12.16759036997183, -77.01942966687113 -12.1675403300099, -77.01941625582604 -12.1675419225715, -77.01939773182004 -12.16739414961856, -77.01941030467479 -12.16739264087599, -77.01938926609783 -12.16722466753637, -77.01923160249913 -12.16724352681851, -77.01905960584601 -12.16740655483525, -77.01906337770244 -12.16743035944026, -77.01904502133449 -12.16743304164928, -77.01905181067606 -12.16747704664093, -77.01897587063331 -12.16748827839118, -77.01898995223064 -12.16757955731674, -77.01894276211577 -12.16758643047734, -77.01895441296119 -12.16766195142495, -77.0188437718393 -12.16767837995516, -77.01886321785466 -12.16780427614083, -77.01933193388012 -12.16773504162063, -77.01934484201101 -12.16771417068171, -77.01938784117429 -12.16770830334949, -77.01942572737664 -12.167633033859, -77.01942061441569 -12.16759221399053, -77.01943595329851 -12.16759036997183))",
370798546,way,hospital,Villa María del Triunfo Salud S.A.C.,Hospital Guillermo Kaelín de la Fuente,"POLYGON ((-76.94170327291475 -12.17754991496068, -76.94083121970857 -12.17688422421062, -76.94077271402442 -12.17685572573984, -76.94070800573192 -12.17685287589276, -76.94066475511156 -12.17687533939326, -76.94019084230612 -12.17719963522705, -76.93989278182927 -12.17756718168121, -76.94083105207051 -12.1782831638503, -76.94092518084315 -12.17817201981421, -76.94112290993901 -12.17832892904161, -76.94170327291475 -12.17754991496068))",
4444183891,node,hospital,,Hospital Municipal de San Juan de Lurigancho,POINT (-77.0023689735137 -11.97516861137908),
320125239,way,hospital,MINSA,Hospital Huaycán,"POLYGON ((-76.82061922167951 -12.01586325420067, -76.82057446231656 -12.01565052149815, -76.8205022103112 -12.0155114657245, -76.82044387226512 -12.01541314600027, -76.82042551589717 -12.01515397755415, -76.82042107348849 -12.01509857317416, -76.82032375959264 -12.01505113160221, -76.82028352645742 -12.01508868252841, -76.82018822421833 -12.01529043493781, -76.82016592835589 -12.01528104720626, -76.82004263056021 -12.01554868137458, -76.82009384398859 -12.01557785039762, -76.82003173408607 -12.0157098653726, -76.82007305686872 -12.01572503661734, -76.82013382566673 -12.01574775157496, -76.82022426640198 -12.01577566331252, -76.82033415315257 -12.01580843655393, -76.82044261497964 -12.01583626447245, -76.8205357379239 -12.0158527768217, -76.82059516561741 -12.01586283510551, -76.82061922167951 -12.01586325420067))",
111800007,way,hospital,ESSALUD,Hospital Mariano Molina,"POLYGON ((-77.05822212058654 -11.94373421136453, -77.05793034653706 -11.94340505402693, -77.05785130519014 -11.94333112564092, -77.05753212231728 -11.94297514621314, -77.05734671461909 -11.94270642239741, -77.05693122367877 -11.94210510466374, -77.05624466198984 -11.94265261057905, -77.05642663310773 -11.94287774849826, -77.05767285447158 -11.94422463651924, -77.05822212058654 -11.94373421136453))",
565936062,way,hospital,MINSA,Instituto Nacional Materno Perinatal,"POLYGON ((-77.02295853192621 -12.05272610998651, -77.02281863796225 -12.05192731461406, -77.02255175816519 -12.05197064905349, -77.02247523138922 -12.05159941456193, -77.02124552237464 -12.05186042702675, -77.02137938136832 -12.05297002336886, -77.02140855039136 -12.05299692927804, -77.02247724304598 -12.05282652518653, -77.02247363882762 -12.05278587295615, -77.02262107650444 -12.05276382855078, -77.02262585418926 -12.05280313967668, -77.0229466296237 -12.05274438253542, -77.02295853192621 -12.05272610998651))",
-9724165,way,hospital,Municipalidad Metropolitana de Lima,SISOL Salud Comas,"MULTIPOLYGON (((-77.05736046094029 -11.97044817496885, -77.05703390199265 -11.97043543447603, -77.05703054923138 -11.97051154215683, -77.05725660915998 -11.9705211813455, -77.0572390071633 -11.97093801339031, -77.05733816507785 -11.97094237197996, -77.05736046094029 -11.97044817496885)), ((-77.05731452811091 -11.97101470780436, -77.0572202317002 -11.97101076830987, -77.05720154005613 -11.97143028256369, -77.05729592028585 -11.97143422205818, -77.05731452811091 -11.97101470780436)), ((-77.05738124806017 -11.96983688277041, -77.05730765495031 -11.96983461965655, -77.0572915616962 -11.97036586467968, -77.05736523862511 -11.97036796015547, -77.05738124806017 -11.96983688277041)))",
435365523,way,hospital,,Posta Médica Los Geranios,"POLYGON ((-77.04357994157078 -11.89598443682277, -77.04350492353738 -11.89586667108318, -77.04334566737708 -11.89596373352191, -77.04338472704588 -11.89610345984784, -77.04357994157078 -11.89598443682277))",
777346012,way,hospital,Gobierno Regional,Hospital Nacional Daniel A. Carrión,"POLYGON ((-77.1254866 -12.0631094, -77.12542620000001 -12.062897, -77.12502259999999 -12.0630399, -77.1249823 -12.0629756, -77.124926 -12.0629993, -77.12472080000001 -12.0626845, -77.12444859999999 -12.062215, -77.12441370000001 -12.0621665, -77.1243346 -12.0621691, -77.1241857 -12.0619422, -77.1230645 -12.0627553, -77.12273999999999 -12.0630189, -77.1231799 -12.0637612, -77.1236758 -12.0645426, -77.12505470000001 -12.0640694, -77.12478520000001 -12.0633534, -77.1254866 -12.0631094))",
568396654,way,hospital,MINSA,Centro Materno Infantil Chorrillos II,"POLYGON ((-77.02051822463628 -12.16622931653453, -77.02050925599987 -12.16597936818189, -77.02047530929202 -12.1659447509218, -77.0200045816098 -12.16596101181395, -77.02001614863617 -12.16627994322968, -77.02009946475373 -12.16627717720164, -77.02010080585823 -12.16631447667078, -77.02036676364592 -12.16630525657729, -77.02036416525594 -12.16623468095256, -77.02051822463628 -12.16622931653453))",
406622143,way,hospital,Municipalidad Metropolitana de Lima,SISOL Salud El Agustino,"POLYGON ((-76.99736455822395 -12.03955176985451, -76.99732181051776 -12.03949795803612, -76.99735567340659 -12.03947230941242, -76.99731720047102 -12.03942377819305, -76.99728836672409 -12.0394455711413, -76.99727193819388 -12.03942461638337, -76.99725081579788 -12.0394405419994, -76.99723656656249 -12.03942226945048, -76.99730035284564 -12.03937457642141, -76.99723841058119 -12.03929545125547, -76.99716356018584 -12.03935144236866, -76.99707404145995 -12.03923702939034, -76.99704227404692 -12.03924524365544, -76.99701377557614 -12.03921414679468, -76.9969836007247 -12.03922722256362, -76.99694680416978 -12.03919612570286, -76.99691662931835 -12.03921573935628, -76.99688486190533 -12.03919285676062, -76.99686642171834 -12.03945806017703, -76.9968982729504 -12.03961362829992, -76.99695275532103 -12.03968177317273, -76.99698276253439 -12.03965872293901, -76.99700304674008 -12.03968412010562, -76.9970295335541 -12.03966383589994, -76.99704956630268 -12.03968898160946, -76.99707345472673 -12.03967062524151, -76.9970976784269 -12.03970096773099, -76.9971222374032 -12.03968227608692, -76.99719784216983 -12.03977741068795, -76.99735952908205 -12.03965453198742, -76.99731057876751 -12.03959275736102, -76.99736455822395 -12.03955176985451))",
435520977,way,hospital,,Hospital de Ventanilla,"POLYGON ((-77.12613397647898 -11.87198964642698, -77.12543157299304 -11.87186358260325, -77.1254058405503 -11.87188864449374, -77.12523510118265 -11.87281995775535, -77.12572276030929 -11.87291165577605, -77.12596114163554 -11.87295825915771, -77.12613397647898 -11.87198964642698))",
288663199,way,hospital,,TALLER DE LOS NIÑOS,"POLYGON ((-76.99783897394357 -11.95757281732304, -76.99737637670742 -11.95753166217847, -76.99728777999087 -11.95823783752084, -76.99779111327645 -11.95803642038757, -76.99783897394357 -11.95757281732304))",
4430998394,node,hospital,MINSA,Centro médico Laura Caller,POINT (-77.07742900025154 -11.97019906480654),
122541909,way,hospital,,Hospicio San Vicente,"POLYGON ((-77.01285523729796 -12.0439034025251, -77.01254560979471 -12.04351892462654, -77.01238157594962 -12.04329781002082, -77.01226707915227 -12.04320091522013, -77.01209675887978 -12.04310712172361, -77.01150541561088 -12.04273773125075, -77.01130416611569 -12.04268626636528, -77.01113694714738 -12.0425923052307, -77.01096352557072 -12.04362797318683, -77.01197295816991 -12.04398210859591, -77.01212777192151 -12.04407305224532, -77.01254871109889 -12.04437882407311, -77.01285523729796 -12.0439034025251))",
412486776,way,hospital,MINSA,Centro de rehabilitación personal La Victoria,"POLYGON ((-77.02218815120553 -12.06096593990122, -77.02147493506449 -12.06087340369021, -77.02130754845813 -12.06199431560159, -77.02200986812502 -12.06208685181264, -77.02218815120553 -12.06096593990122))",
3946355480,node,hospital,Farmacia Universal,Farmacia Universal Benavides,POINT (-76.98803063848798 -12.12769762382686),
446209514,way,hospital,,Ama Kella II,"POLYGON ((-77.07873314056631 -12.01781456125948, -77.0785925760501 -12.01746796956326, -77.07838185500431 -12.01754977693821, -77.07852241952052 -12.01789620099638, -77.07873314056631 -12.01781456125948))",
817079360,node,hospital,,Policlinico San Pablo,POINT (-77.01115086110664 -11.98972412151602),
720385352,way,hospital,,SINDICATO UNICO DE TRABAJADORES DE SALUD,"POLYGON ((-77.04453774164642 -12.05240575364721, -77.04430967006107 -12.05238915747893, -77.04429265479763 -12.0525456476112, -77.04452625843908 -12.05256551272171, -77.04453774164642 -12.05240575364721))",
4286965190,node,hospital,MINSA,posta médica Jerusalén,POINT (-77.11756155264634 -11.8278377200034),
40301323,way,hospital,,Hospital Nacional Guillermo Almenara Irigoyen,"POLYGON ((-77.02318660351156 -12.05841582967972, -77.02203870187195 -12.05828431761893, -77.02179386648025 -12.05825380749138, -77.02148331696768 -12.06072403817564, -77.02301896544809 -12.06090374617969, -77.02318660351156 -12.05841582967972))",
699674838,way,hospital,Municipalidad Metropolitana de Lima,SISOL Salud Los Olivos,"POLYGON ((-77.076999679171 -11.97927641448635, -77.0769664030154 -11.97915496070937, -77.07675534669349 -11.97921028127033, -77.07678853903006 -11.97933173504731, -77.076999679171 -11.97927641448635))",
1452866621,node,hospital,,posta medica de la perla,POINT (-77.11802163531152 -12.06966995961372),
485244256,way,hospital,,Hospital Nacional Docente Madre Niño San Bartolome,"POLYGON ((-77.04222701857955 -12.04955163179761, -77.0418032295551 -12.0495280786497, -77.04180993507764 -12.04948734260026, -77.04165436695473 -12.04948734260026, -77.04172946880716 -12.04958960181898, -77.04170935223955 -12.04968414968678, -77.04137944053065 -12.04985857709181, -77.04135261844048 -12.05001850380438, -77.04219080875784 -12.05007365672725, -77.04222701857955 -12.04955163179761))",
485409220,way,hospital,,Hospital Especializado de Emergencias Pediatricas,"POLYGON ((-77.02168934414767 -12.05828440143796, -77.02168590756737 -12.05826411723228, -77.02167132305586 -12.0582493650827, -77.02165556507788 -12.05824131845566, -77.02125457483007 -12.05819161376982, -77.0212427563466 -12.05819354160755, -77.02123043494892 -12.05819882220655, -77.02122012520802 -12.05821223325165, -77.0211828257389 -12.05855220324435, -77.02164735081277 -12.05861682771783, -77.02168934414767 -12.05828440143796))",
516268796,way,hospital,,Centro de Salud Yangas,"POLYGON ((-76.84642785592204 -11.69563390074205, -76.84596852762813 -11.69554102925488, -76.84591873912329 -11.69552904313335, -76.84589552125149 -11.69573565704658, -76.84584162561409 -11.69579600674942, -76.84586635222846 -11.69582467285827, -76.846409248097 -11.69586817493575, -76.84642785592204 -11.69563390074205))",
116948941,way,hospital,,Hospital EsSalud Diaz Ufano,"POLYGON ((-76.99628664547583 -11.96814935420448, -76.99602353753521 -11.96785766397403, -76.99496104748894 -11.96880196918556, -76.99520294921453 -11.96912182261067, -76.99628664547583 -11.96814935420448))",
4151768139,node,hospital,,Consultorio Medico San Camilo,POINT (-77.02193686174839 -12.04744785792008),
4557320590,node,hospital,,Posta medica Laderas de Chillon,POINT (-77.08457080085054 -11.92108823682744),
433817288,way,hospital,Marina de Guerra del Perú,Hospital Centro Médico Naval,"POLYGON ((-77.09265347008076 -12.05866594567041, -77.08986087140043 -12.05879284768446, -77.08827174637777 -12.0559042762128, -77.08807275999644 -12.05558425514965, -77.08829001892668 -12.05774586415907, -77.08842664394842 -12.05883911578999, -77.08807745386221 -12.05926491647119, -77.08798776749825 -12.05918176799173, -77.08780973587484 -12.05940346933065, -77.08792180192027 -12.05949491589428, -77.08815900978009 -12.05987880705962, -77.08826135281784 -12.06015012926537, -77.08819622543018 -12.06063225633591, -77.0881685651497 -12.06081883750053, -77.08765425157098 -12.06119811861913, -77.08741796572052 -12.06134756795274, -77.08724471178192 -12.06134756795274, -77.08711236153081 -12.06138134702252, -77.08705226328506 -12.06142241834806, -77.09187135469564 -12.06187797478555, -77.09241450202128 -12.06192290178655, -77.09259404238726 -12.06010201714113, -77.09260963272716 -12.05985517009267, -77.09265347008076 -12.05866594567041))",
175012617,way,hospital,,Hospital Central Militar Coronel Luis Arias Schreiber,"POLYGON ((-77.0628636832879 -12.08636696219244, -77.06154881413707 -12.08474296845259, -77.05959884818279 -12.08637333243885, -77.06081791218034 -12.08781292430891, -77.06285722922246 -12.08646201297444, -77.0628636832879 -12.08636696219244))",
5082616122,node,hospital,,Hospitalidad de la Solidaridad,POINT (-77.0294569376376 -12.06090936205482),
618688385,way,hospital,MINSA,Hospital José Casimiro Ulloa,"POLYGON ((-77.01785956876867 -12.12788093604925, -77.01773953991523 -12.12787967876378, -77.01763376029717 -12.12787800238314, -77.01762931788849 -12.12816751331877, -77.01766225876796 -12.12816793241393, -77.01766167203473 -12.12820766263496, -77.01762571367013 -12.12820715972077, -77.01762403728949 -12.12831956104233, -77.01773040364075 -12.1283210697849, -77.01785445580772 -12.12832241088941, -77.01785956876867 -12.12788093604925))",
2703608474,node,hospital,,Hospital de la Solidaridad,POINT (-77.08964294191793 -12.02984275995152),
320413708,way,hospital,MINSA,Centro de Salud San Antonio,"POLYGON ((-76.90655024155728 -12.0293577830339, -76.90644915580501 -12.02934353379851, -76.90641680165876 -12.02955542831074, -76.90652207836261 -12.02956867171775, -76.90655024155728 -12.0293577830339))",
391950856,way,hospital,Policía Nacional del Perú,Hospital Agusto B. Leguía,"POLYGON ((-77.03421660135469 -12.03561051516328, -77.03375224391887 -12.03462823993038, -77.03343691672148 -12.03474726295545, -77.03377697053322 -12.03572735889352, -77.0339641384311 -12.03563465504442, -77.03401225055531 -12.03570883488752, -77.03421660135469 -12.03561051516328))",
320415894,way,hospital,MINSA,Hospital Vitarte,"POLYGON ((-76.92013730660155 -12.02636225847777, -76.92013194218352 -12.02632537810379, -76.92010931104495 -12.02630752465004, -76.91975877985423 -12.02614340698591, -76.9197254198796 -12.02621700009576, -76.91957261778475 -12.02656107722103, -76.9198931417621 -12.02653576387345, -76.91997813426029 -12.02652520267546, -76.92002976678383 -12.02650843886912, -76.92006631188167 -12.02648631064474, -76.92009212814344 -12.02645890182134, -76.92010931104495 -12.02643375611183, -76.9201276674129 -12.02640006086108, -76.92013730660155 -12.02636225847777))",
420078496,way,hospital,,Hospital Alberto Leopoldo Barton Thompson,"POLYGON ((-77.10812897791001 -12.0474893483408, -77.10747703348117 -12.04744115239754, -77.10744325441139 -12.04787843628611, -77.10751525495965 -12.04788380070414, -77.10745792274194 -12.04862383893533, -77.10736060884611 -12.04858645564718, -77.10733001489952 -12.04898300348631, -77.10800961960882 -12.04903337872437, -77.10812897791001 -12.0474893483408))",
439627528,way,hospital,,Hospital Luis Negreiros Vega,"POLYGON ((-77.09890393909627 -12.0155426464043, -77.0969537216849 -12.0146105787714, -77.09684132036334 -12.0148308551868, -77.09732353125291 -12.01539043104268, -77.09838518310887 -12.01656833989563, -77.09890393909627 -12.0155426464043))",
195079449,way,hospital,,Clínica Stella Maris,"POLYGON ((-77.06036805543701 -12.06995771034966, -77.06032832521598 -12.06992418273697, -77.05937345880645 -12.06993700704882, -77.05934345159308 -12.06997187576602, -77.0592555254288 -12.07044000505826, -77.05918821874631 -12.07078944660157, -77.05914337556433 -12.07119923784771, -77.05909476052592 -12.07163828193595, -77.05915267947685 -12.07167667105247, -77.05961477379881 -12.07158690086948, -77.05974402274575 -12.07156016259836, -77.05976304966595 -12.07151573851155, -77.05979590672639 -12.07151121228384, -77.05982557866362 -12.07154817647682, -77.06026277873316 -12.07148145652758, -77.06031424361863 -12.07147357753857, -77.06034232299427 -12.07142052009149, -77.06036805543701 -12.06995771034966))",
398850206,way,hospital,Municipalidad Metropolitana de Lima,SISOL Salud Mirones,"POLYGON ((-77.06912027109273 -12.04923714279053, -77.06736350800659 -12.04906011699552, -77.06735236007538 -12.04916665098486, -77.06910903934248 -12.04934325768471, -77.06912027109273 -12.04923714279053))",
4751917280,node,hospital,,Complejo médico Sinchi Roca,POINT (-77.04985924433322 -11.92921172592611),
172600382,way,hospital,MINSA,Hospital Nacional Arzobispo Loayza,"POLYGON ((-77.04662852357403 -12.05036207801544, -77.04532195250734 -12.049040251885, -77.0452714096312 -12.04908995657081, -77.04535195972069 -12.04916824354646, -77.04457948352423 -12.04912633403057, -77.04447110551619 -12.04914703733141, -77.04410406197623 -12.04912423855478, -77.04410691182331 -12.04906405649001, -77.04403440836086 -12.0490592788052, -77.04276957917197 -12.04897378339282, -77.04262222531418 -12.05071051373037, -77.04265206488948 -12.05074974103724, -77.04382175947734 -12.05069986871334, -77.04469456705479 -12.05064010574372, -77.04555614288201 -12.05056852429061, -77.04593425053416 -12.05052125035672, -77.04610490608277 -12.05048797420113, -77.04662408116533 -12.05036962172832, -77.04662852357403 -12.05036207801544))",
178024165,way,hospital,,Hospital Carlos Ianfranco La Hoz de Puente Piedra,"POLYGON ((-77.08005178157357 -11.86251071976611, -77.07940520156276 -11.86177001098267, -77.07864295128816 -11.86248440059015, -77.07939053323221 -11.86314782822632, -77.08005178157357 -11.86251071976611))",
428111371,way,hospital,Gobierno regional del Callao,Hospital de Rehabilitación,"POLYGON ((-77.13368263465802 -12.06289503491661, -77.13262685013427 -12.06272102660674, -77.13250824620437 -12.06345963991438, -77.13357190971709 -12.06364144339423, -77.13368263465802 -12.06289503491661))",
436278843,way,hospital,Municipalidad Metropolitana de Lima,SISOL Salud Lince,"POLYGON ((-77.03956811125484 -12.08394224524241, -77.03948563332762 -12.08392984002572, -77.03945570993329 -12.08412061214193, -77.03953810404148 -12.08413301735862, -77.03956811125484 -12.08394224524241))",
4437998590,node,hospital,,Policlínico Lima,POINT (-77.03306593368703 -12.04634857131887),
131940602,way,hospital,,Clínica Universitaria,"POLYGON ((-77.08254715796735 -12.05586177996372, -77.08233551491223 -12.05553245498803, -77.08190116468977 -12.05581710441982, -77.08198263678862 -12.05591542414405, -77.08207056295291 -12.05597904278912, -77.08215094540435 -12.05599186710097, -77.08216695483941 -12.05598801142551, -77.08217533674258 -12.05600041664221, -77.08219453130084 -12.05600494286992, -77.08221196565945 -12.0559990755377, -77.08223551880737 -12.05600762507893, -77.08226368200202 -12.05600561342217, -77.08228731896898 -12.05598910107292, -77.08230995010754 -12.05598893343486, -77.08234792012892 -12.05598222791232, -77.08254715796735 -12.05586177996372))",
1943486021,node,hospital,,Centro Médico PUCP,POINT (-77.0792114119614 -12.0697573828638),
549170909,way,hospital,MINSA,Centro de Salud La Ensenada,"POLYGON ((-77.09394227151272 -11.93543051134765, -77.09345276836738 -11.93523890104109, -77.09342326406821 -11.93533470619437, -77.09347556714401 -11.93538851801273, -77.09344874505386 -11.93541081387517, -77.09367405061117 -11.93567191015904, -77.09394227151272 -11.93543051134765))",
465561830,way,hospital,Municipalidad Metropolitana de Lima,SISOL Salud Puente Piedra,"POLYGON ((-77.07169150371024 -11.86835927652447, -77.07162168245681 -11.86831535535183, -77.07062716964526 -11.86983390474978, -77.07067285101756 -11.86984966272774, -77.07072540555046 -11.86983390474978, -77.07169150371024 -11.86835927652447))",
1846294783,node,hospital,,Centro de Salud Ciudad Pachacutec,POINT (-77.15071482954465 -11.84524927982767),
513978220,way,hospital,,Centro de Salud Materno Infatil Pedro Abraham López Guillen,"POLYGON ((-76.96197884523438 -11.92374395902894, -76.96118591719417 -11.92258323307746, -76.96051000052226 -11.92303987916236, -76.96149177284097 -11.92443596895495, -76.96197532483505 -11.92410572196991, -76.96180894405705 -11.9238616409495, -76.96197884523438 -11.92374395902894))",
185197319,way,hospital,MINSA,Hospital Municipal de Surco,"POLYGON ((-77.00626111025231 -12.1441577538219, -77.00618064398185 -12.14390612908863, -77.00588828319916 -12.14403194145527, -77.00582416163988 -12.14389397532904, -77.00572693156306 -12.14368442774969, -77.00545644754766 -12.14382222623786, -77.00556490937473 -12.14402640939917, -77.00547522301076 -12.14407116876211, -77.00553154940009 -12.14419186816781, -77.00537547836301 -12.14427870468469, -77.00553481834233 -12.14457911209445, -77.00626111025231 -12.1441577538219))",
5396936323,node,hospital,,Centro de Salud Hijos de Grau,POINT (-77.13207423125804 -11.88532952914665),
1884943671,node,hospital,,Hospital Jose Agurto Tello de Chosica,POINT (-76.69346566671827 -11.93424950119049),
118291969,way,hospital,MINSA,Hospital Materno Infantil,"POLYGON ((-77.05354124675928 -11.97871105511729, -77.05264605950035 -11.97847443399073, -77.05230734679311 -11.97961043332782, -77.053197169634 -11.97984973666343, -77.05354124675928 -11.97871105511729))",
1904507931,node,hospital,,Hospital de la Solidaridad,POINT (-77.09023093242554 -12.03062370187021),
122554771,way,hospital,,Hospital Nacional Dos de Mayo,"POLYGON ((-77.01714953775084 -12.05569883576604, -77.01486287074607 -12.05484371400428, -77.01388495410282 -12.05460466212577, -77.01380524220363 -12.05465252279288, -77.01375193329945 -12.05512266374188, -77.01473286742785 -12.05640878296484, -77.01487183938247 -12.05653543352179, -77.01651217783352 -12.05717354781038, -77.01714953775084 -12.05569883576604))",
291986361,way,hospital,ESSALUD,Policlínico Ramón Castilla,"POLYGON ((-77.044372869611 -12.04395922600023, -77.04432324874421 -12.04389342806033, -77.04382754299053 -12.04385135090638, -77.04371715332573 -12.04498936190026, -77.04425242166239 -12.0450460235657, -77.044372869611 -12.04395922600023))",
439895202,way,hospital,,Hospital Chalaco,"POLYGON ((-77.10288517546563 -12.02005604980613, -77.10234445889191 -12.01968657551424, -77.102233733951 -12.01989201596103, -77.10282650214342 -12.02016434399513, -77.10288517546563 -12.02005604980613))",
-9732554,way,hospital,Ejército del Perú,Hospital Militar Geriátrico,"POLYGON ((-77.0204084217047 -12.16190048264056, -77.02034287522189 -12.16184583263188, -77.02023290465225 -12.16197223173174, -77.02020750748562 -12.16195102551671, -77.0202700364833 -12.16187910878747, -77.0201723034923 -12.16179797196475, -77.02010432625757 -12.1618760074833, -77.02007733652934 -12.16185362780183, -77.02012972342418 -12.161793361918, -77.0200270451103 -12.16170803414371, -77.01982587943414 -12.1619397099474, -77.01980064990559 -12.16194582873675, -77.01977625856735 -12.16195991033408, -77.01976712229289 -12.16198555895778, -77.01976804430224 -12.16200584316346, -77.01962865325247 -12.16215302938318, -77.01969721722043 -12.16221513928571, -77.01974717336334 -12.1621623332957, -77.0199293121193 -12.16232720533114, -77.02000667708559 -12.16224564941325, -77.02002805093868 -12.16226501160958, -77.02005923161849 -12.16226501160958, -77.02011463599847 -12.16223793806233, -77.0204084217047 -12.16190048264056), (-77.02019853884923 -12.16196913042756, -77.02010332042919 -12.16207474240755, -77.01998161519511 -12.16197005243691, -77.02007683361515 -12.16186435663789, -77.02019853884923 -12.16196913042756))",
454698428,way,hospital,,Policlinico,"POLYGON ((-76.90516387477238 -12.02844415558801, -76.90456381432419 -12.02835480450017, -76.90456305995291 -12.02836955664975, -76.90451737858061 -12.02836268348915, -76.90443003914955 -12.02890021493968, -76.90506371102946 -12.02900574310061, -76.90506438158171 -12.02900775475737, -76.90516387477238 -12.02844415558801))",
4235527198,node,hospital,MINSA,Centro Médico de Pucusana,POINT (-76.79625411880151 -12.48287867532872),
187076624,way,hospital,MINSA,Hospital de San Juan de Lurigancho,"POLYGON ((-77.00426957005828 -11.96643994887128, -77.00370110938506 -11.9655362120711, -77.00303147914053 -11.96593938161377, -77.00296861486673 -11.96604935218338, -77.00350514048887 -11.96690003153648, -77.00426957005828 -11.96643994887128))",
439241364,way,hospital,Municipalidad Metropolitana de Lima,SISOL Salud Metro UNI,"POLYGON ((-77.0522204264572 -12.01310703298014, -77.05201121415399 -12.01306436909297, -77.05199964712762 -12.01311860000652, -77.05121744792346 -12.01295884093201, -77.05116506102863 -12.01320451451403, -77.05215647253598 -12.01340685365665, -77.0522204264572 -12.01310703298014))",
5324586422,node,hospital,,OncoMujer,POINT (-77.072050081528 -11.98981171240416),
513169741,way,hospital,,Posta de Salud Jicamarca,"POLYGON ((-76.94264690757402 -11.98094592196045, -76.94263802275665 -11.9808486080646, -76.94234155484141 -11.98077040490801, -76.94224910244941 -11.9810762605548, -76.94256887205547 -11.98115094331209, -76.94261497252293 -11.98095631552039, -76.94264690757402 -11.98094592196045))",
6733298187,node,hospital,,Hospital de la Solidaridad Centro Lima,POINT (-77.03502361099223 -12.04918266041992),
151303103,way,hospital,Instituto Nacional de Salud del Niño,Instituto Nacional de Salud del Niño,"POLYGON ((-76.99283020006418 -12.08514312051008, -76.99170685740086 -12.08498847439654, -76.99152237171201 -12.08613444819841, -76.99268116982574 -12.0862831431607, -76.99283020006418 -12.08514312051008))",
431593693,way,hospital,,Hospital Central FAP,"POLYGON ((-77.03039504024078 -12.10346755340899, -77.02960135782928 -12.10333746627174, -77.02946096095113 -12.10415587529758, -77.03025455954359 -12.10428604625389, -77.03039504024078 -12.10346755340899))",
419918941,way,hospital,MINSA,Instituto Nacional de Rehabilitación Doctora Adriana Rebaza Flores,"POLYGON ((-77.00440242322358 -12.19185254307885, -77.00312795484605 -12.19062752793005, -77.00193034852062 -12.19181918310423, -77.0024297423117 -12.19234271677647, -77.0032115224207 -12.19311921628645, -77.00440242322358 -12.19185254307885))",
605949403,way,hospital,,Centro de Salud Acapulco,"POLYGON ((-77.13693590273675 -12.02239460079156, -77.13686163907464 -12.02193770324956, -77.13672710952869 -12.02195673016976, -77.13680506122822 -12.02241714811109, -77.13693590273675 -12.02239460079156))",
4023439900,node,hospital,MINSA,Centro de Salud Mexico,POINT (-77.08517932702094 -12.02510061441208),
391969601,way,hospital,,Hospital Municipal Surco Salud,"POLYGON ((-76.98500502289944 -12.14810185836021, -76.98489781835785 -12.14783087143061, -76.98480033682394 -12.14753951647629, -76.984274875314 -12.14764286534242, -76.98393423476902 -12.14773037241156, -76.98354397335727 -12.14784755141793, -76.98368671716831 -12.1483694087095, -76.98381001496399 -12.14838357412586, -76.98406951868624 -12.14837712006042, -76.98427873098946 -12.14835624912152, -76.984409572498 -12.14832045839498, -76.98440026858547 -12.14826480255789, -76.98441896022955 -12.14823554971582, -76.98456363187832 -12.14819481366641, -76.9845963213007 -12.14820470431215, -76.98462834017083 -12.14826161743468, -76.98500502289944 -12.14810185836021))",
194898813,way,hospital,,Instituto Nacional de Salud del Niño,"POLYGON ((-77.04745606887434 -12.06534137717685, -77.04631562712855 -12.06394704758392, -77.04541851203189 -12.06468146993998, -77.04657957325949 -12.06604864216663, -77.04745606887434 -12.06534137717685))",
525919060,way,hospital,MINSA,Centro de Salud Villa Libertad,"POLYGON ((-76.87490428230664 -12.24345992091818, -76.87482046327492 -12.24336134973686, -76.8746326248248 -12.24351381655561, -76.87471644385653 -12.24361247155596, -76.87490428230664 -12.24345992091818))",
5102062421,node,hospital,,Cayetano Heredia,POINT (-77.05527797709684 -12.02186285285421),
3358845693,node,hospital,ESSALUD,Centro de Asistencia CAP III Metropolitano,POINT (-77.13041922447644 -12.06863437547662),
436301268,way,hospital,,Hospital Daniel Alcides Carrion,"POLYGON ((-77.12446195443393 -12.06257752842441, -77.12418157977277 -12.06220352790481, -77.12327164036425 -12.06285572379073, -77.12339493815993 -12.06302017673099, -77.12363533114295 -12.06284784480175, -77.12370347601575 -12.06293870463216, -77.12344061953223 -12.06312712981548, -77.1235068365673 -12.06321530743688, -77.12354313020805 -12.06318932353705, -77.1235646716992 -12.06321790582686, -77.12354556095997 -12.06323165214806, -77.12356827591756 -12.06326207845657, -77.12367304970724 -12.06318680896609, -77.12365175967318 -12.06315831049531, -77.12446195443393 -12.06257752842441))",
565876722,node,hospital,Fuerza Aérea del Perú,Hospital Central Geriátrico FAP,POINT (-77.02070220741093 -12.10321441993315),
597102731,way,hospital,,Centro Medico Pachacutec,"POLYGON ((-77.15280712021483 -11.84703127244236, -77.15267845800112 -11.84648007848966, -77.15247184408788 -11.84654562497249, -77.15242364814465 -11.8465797393184, -77.1523297708291 -11.84673991748804, -77.15234318187417 -11.84682650254783, -77.15227344443977 -11.84684754112479, -77.15218752993225 -11.84698668071746, -77.1523485462922 -11.84710746394219, -77.15238601339939 -11.84713101709013, -77.15243705918972 -11.84713897989815, -77.15248525513297 -11.84713361548012, -77.15280712021483 -11.84703127244236))",
384203102,way,hospital,,Hospital Hermilio Valdizán,"POLYGON ((-76.94733582802832 -12.04595621443133, -76.94692084000219 -12.04544156557648, -76.94690524966229 -12.04540334409799, -76.94689938233007 -12.04535674071636, -76.94691094935645 -12.04530871241118, -76.946999546073 -12.04510293668827, -76.94699895933978 -12.04507536022683, -76.94698890105596 -12.04504376045185, -76.94696568318417 -12.04501484288591, -76.94687364988734 -12.04498282401579, -76.94695118249169 -12.04481133027684, -76.9464433229784 -12.04460002249786, -76.94634843983448 -12.04481971218004, -76.94621768214498 -12.04476321815264, -76.94586396583105 -12.04484435497537, -76.94587813124741 -12.04490881181076, -76.94573178321801 -12.04494141741412, -76.94573672854088 -12.04498684732931, -76.94545115709975 -12.04504024005251, -76.94546523869708 -12.04509220785221, -76.94522534862826 -12.04513822450062, -76.94521353014478 -12.04515884398242, -76.94512736418017 -12.04517376377007, -76.94466141418275 -12.04629584914792, -76.94647643149594 -12.04701602226859, -76.9466179180215 -12.04657932511324, -76.94667265184923 -12.04650204396597, -76.94731671728908 -12.04600843368809, -76.94733582802832 -12.04595621443133))",
133436884,way,hospital,Gobierno Regional,Hospital San José del Callao,"POLYGON ((-77.09885993410462 -12.04194790451473, -77.09857872125315 -12.04192066332939, -77.09850487668619 -12.04286027467515, -77.09846405681773 -12.04326906009294, -77.09872657802512 -12.04329730710663, -77.09874317419342 -12.04327903455771, -77.09879472289792 -12.04262373736759, -77.09885993410462 -12.04194790451473))",
397720849,way,hospital,,Carlos Cueto Fernandini,"POLYGON ((-77.0718348342545 -11.98184395906645, -77.07178496193063 -11.98136484948105, -77.07131741937161 -11.98141145286272, -77.07136737551453 -11.98189064626715, -77.0718348342545 -11.98184395906645))",
476226205,way,hospital,,Clínica Maison de Sante,"POLYGON ((-77.0341704170682 -12.05733682728419, -77.03400177317634 -12.05736205681276, -77.03395584034695 -12.05728972098836, -77.03382885451387 -12.05730665243277, -77.03382977652322 -12.05737077399206, -77.03363405908412 -12.05739784753931, -77.03365970770784 -12.05755634932831, -77.0338762122668 -12.05753212562814, -77.03388803075028 -12.05763656414169, -77.03398735630289 -12.05759750447288, -77.03398735630289 -12.05751452363148, -77.03416915978272 -12.0574913057597, -77.0341704170682 -12.05733682728419))",
450688741,way,hospital,MINSA,Santiago Apóstol,"POLYGON ((-77.04371136981254 -11.956933529568, -77.04351690965892 -11.9564338005008, -77.04322815309459 -11.95654142413755, -77.04342252942918 -11.95704106938572, -77.04371136981254 -11.956933529568))",
468556938,way,hospital,,C.S. Huáscar,"POLYGON ((-76.98456296132606 -12.04052817775519, -76.98447143094342 -12.04027144006099, -76.98420765245055 -12.04032893991675, -76.98432457999982 -12.04077795846976, -76.98441535601118 -12.04075583024539, -76.98456296132606 -12.04052817775519))",
110061951,way,hospital,,Hospital Nacional Sergio E. Bernales,"POLYGON ((-77.04061895045571 -11.91606663863618, -77.04014084669869 -11.91512551854785, -77.0398310515574 -11.91453702512604, -77.03923526587982 -11.91350194390316, -77.03878524149843 -11.91263776968597, -77.03811762291066 -11.91152264128775, -77.03805702175072 -11.91154652971181, -77.03812181386225 -11.91171911309814, -77.03814704339081 -11.9119022576825, -77.03811100120716 -11.91203611667618, -77.03806783440582 -11.91212773087784, -77.03790941643584 -11.91227215106954, -77.03783020745085 -11.91235664065351, -77.03770783166452 -11.91246946107023, -77.03747020470955 -11.91266660343288, -77.03728664103005 -11.91278990122856, -77.03713903571516 -11.91291328284328, -77.03702386836555 -11.91306113961525, -77.03685463774048 -11.91321260060559, -77.03670342820723 -11.91331620092882, -77.0365076269491 -11.91336121174888, -77.03632624256443 -11.91338384288744, -77.03620235803552 -11.91337537716524, -77.03604394006554 -11.91336121174888, -77.03585677216768 -11.91328803773416, -77.03565510357733 -11.91321477990041, -77.03544781911184 -11.91314437191377, -77.03522310028775 -11.91305418263562, -77.03500718246201 -11.91296390953843, -77.03489771480656 -11.91296952541356, -77.0347665380219 -11.91301386568136, -77.03475815611873 -11.91312375243197, -77.03477617721055 -11.91320472161661, -77.03478330182824 -11.91333153981162, -77.03480308311973 -11.913546451809, -77.03488313029504 -11.91399605709523, -77.03505076835852 -11.91399521890492, -77.03522712360127 -11.91400225970358, -77.03541797953655 -11.91404106791526, -77.03556910525076 -11.9141079555026, -77.03574914853093 -11.91420652668393, -77.03595073330224 -11.91433334487894, -77.03618475603885 -11.9145200098626, -77.036285506515 -11.91462922606095, -77.03693351144935 -11.91538653101267, -77.03753114114562 -11.91605934638042, -77.03772551748021 -11.91624953176344, -77.03794872756173 -11.91641867856947, -77.03813958349699 -11.91652085396916, -77.03836631397783 -11.91660886395249, -77.03872271250076 -11.91666871074113, -77.03897836054756 -11.91667583535883, -77.03924834164877 -11.91663702714715, -77.03946794751192 -11.91657365995914, -77.04055516417256 -11.91612271356843, -77.04061895045571 -11.91606663863618))",
699686753,way,hospital,Municipalidad Metropolitana de Lima,SISOL Salud Punta Hermosa,"POLYGON ((-76.82523672831877 -12.32674527687828, -76.82501167421856 -12.32659482171633, -76.82455863235202 -12.32724165318422, -76.82478393790933 -12.32739210834617, -76.82523672831877 -12.32674527687828))",
1846295645,node,hospital,ESSALUD,Hospital Alberto Sabogal Sologuren,POINT (-77.12230017778644 -12.06453621155799),
160691934,way,hospital,MINSA,Hospital María Auxiliadora,"POLYGON ((-76.95949520350504 -12.16176260033336, -76.95893403508758 -12.16040707895215, -76.95872507424146 -12.15991313339813, -76.95866296433894 -12.15983543315571, -76.95862206065145 -12.15980726996105, -76.95857721746948 -12.15979092524987, -76.95853690051521 -12.1597820404325, -76.95847412006044 -12.15978556083184, -76.95837211229882 -12.15981623859744, -76.95801085227204 -12.15996761576875, -76.95772461027866 -12.16013265544225, -76.95754113041819 -12.16025293575279, -76.95726427615638 -12.16048452773745, -76.95700770610024 -12.16071947248341, -76.95700192258704 -12.16076490239863, -76.9573750010973 -12.16107235060701, -76.95740886398612 -12.16109975943041, -76.95743870356142 -12.16113295176697, -76.95746234052837 -12.16117444218767, -76.9579938370086 -12.16240121753614, -76.95803163939192 -12.16241437712412, -76.95948891707766 -12.16182144129365, -76.95949520350504 -12.16176260033336))",
4552742992,node,hospital,ESSALUD,UBAB Jesús María,POINT (-77.04983543972821 -12.07148304908918),
777346011,way,hospital,ESSALUD,Hospital Alberto Sabogal Sologuren,"POLYGON ((-77.1236758 -12.0645426, -77.12273999999999 -12.0630189, -77.12140290000001 -12.0640039, -77.12102609999999 -12.0642819, -77.1200363 -12.064994, -77.1200229 -12.0650347, -77.12004039999999 -12.0651199, -77.1200779 -12.065234, -77.12015839999999 -12.0653783, -77.12059290000001 -12.0654504, -77.12090000000001 -12.0654701, -77.12114269999999 -12.0654635, -77.1215504 -12.0654071, -77.1216738 -12.0653783, -77.121875 -12.0652996, -77.1232335 -12.0647645, -77.1236023 -12.0646229, -77.1236023 -12.0645717, -77.1236758 -12.0645426))",
450128393,way,hospital,ESSALUD,Complejo Hospitalario Arenales,"POLYGON ((-77.03776047001645 -12.07801255166135, -77.03672957974513 -12.07786410815612, -77.03653612541989 -12.07914880245553, -77.03756693187216 -12.07929724596073, -77.03776047001645 -12.07801255166135))",
-9724186,way,hospital,Municipalidad Metropolitana de Lima,SISOL Salud Villa El Salvador,"MULTIPOLYGON (((-76.96085206599076 -12.19303975584435, -76.9606897085263 -12.19295300314653, -76.95920108252268 -12.19539146641776, -76.95934106030568 -12.19547293851659, -76.96085206599076 -12.19303975584435)), ((-76.95916990184287 -12.19578633787626, -76.95901265733934 -12.19569246056071, -76.95845115364575 -12.19663316155388, -76.95860772759703 -12.19671991425173, -76.95916990184287 -12.19578633787626)))",
483179062,way,hospital,,Centro de Salud Moyopampa,"POLYGON ((-76.68487773636474 -11.92493242907992, -76.68477313021315 -11.92483260061312, -76.68461286822446 -11.92499344933501, -76.68471747437607 -11.92509327780181, -76.68487773636474 -11.92493242907992))",
1884943718,node,hospital,,,POINT (-76.9940154011729 -12.04036657466202),
440103879,way,hospital,,José Agurto Tello de Chosica,"POLYGON ((-76.69280961515688 -11.93275903116819, -76.69270651774784 -11.93262911166897, -76.69251725437418 -11.93277302894649, -76.69262035178322 -11.93290286462664, -76.69280961515688 -11.93275903116819))",
393487901,way,hospital,MINSA,Centro Materno Infantil Rímac,"POLYGON ((-77.03377076792488 -12.03461633762788, -77.03362894612319 -12.03433277784353, -77.0334311332083 -12.03391921474093, -77.03336684401096 -12.03379994025877, -77.03294221679619 -12.03397051198837, -77.03304992425196 -12.03419891884982, -77.0332837793505 -12.03468180029165, -77.03340171272815 -12.0347616798289, -77.03343691672148 -12.03474726295545, -77.03375224391887 -12.03462823993038, -77.03377076792488 -12.03461633762788))",
483500696,way,hospital,MINSA,Centro Materno Infantil Miguel Grau,"POLYGON ((-76.81400020038144 -11.9868229771896, -76.81361865614899 -11.98666120645834, -76.81348513243144 -11.98696261969647, -76.81386676048292 -11.98712430660868, -76.81400020038144 -11.9868229771896))",
117005900,way,hospital,ESSALUD,Hospital Alcántara,"POLYGON ((-76.94598407850353 -12.0616945787441, -76.94536063254547 -12.06136190100716, -76.94503005028432 -12.06196606858791, -76.94565131694753 -12.06229111879296, -76.94598407850353 -12.0616945787441))",
4137695790,node,hospital,,Consulta Externa III Hospital Grau,POINT (-77.03156791995185 -12.06056964351919),
442795790,way,hospital,MINSA,Instituto Nacional de Salud,"POLYGON ((-77.0203474014496 -12.18028006846237, -77.01998563850863 -12.18008502157551, -77.01999636734469 -12.18001017118016, -77.01965815755163 -12.17979115205023, -77.01961331436966 -12.17977187367293, -77.01923696691716 -12.18070536622938, -77.01879180403962 -12.18180222207866, -77.0187471284957 -12.1819362487104, -77.01853925729701 -12.18181127453408, -77.01797842415567 -12.18133694263349, -77.0158127080137 -12.17930357674263, -77.01340450341291 -12.18183927009068, -77.01283721620612 -12.18130400175403, -77.01276488038174 -12.18137616994036, -77.01332135493342 -12.18192836972142, -77.01454402314936 -12.18300712065985, -77.01489815855842 -12.1835470828623, -77.01510326372909 -12.18386190714548, -77.01534768002563 -12.18424252936859, -77.01536737749808 -12.18426868090651, -77.01539235556955 -12.18429474862538, -77.01574657479765 -12.18462407360107, -77.01635057474034 -12.18457336308686, -77.01634437213198 -12.18444470087314, -77.01641503157575 -12.18443883354092, -77.0170239768413 -12.18457436891524, -77.01842702361351 -12.18560257697754, -77.01854101749667 -12.18539881291139, -77.01859943936179 -12.18524131695077, -77.01864386344862 -12.18493328200913, -77.01866255509269 -12.1846091538134, -77.01867931889903 -12.18414437728245, -77.01873505855514 -12.18364707896714, -77.01907502854786 -12.18350576007964, -77.01927082980599 -12.18341917501988, -77.01935666049448 -12.18305992664986, -77.01921182120765 -12.18288692416834, -77.01935666049448 -12.18271123947784, -77.01942916395694 -12.18240974242067, -77.01943712676496 -12.18228912683401, -77.01943176234693 -12.18217127727539, -77.01944785560102 -12.18205066168872, -77.01954718115363 -12.18179627092741, -77.01982872928122 -12.18124834591697, -77.01995496074301 -12.18104592295532, -77.02002352471096 -12.18083235206245, -77.02010223078177 -12.18086085053324, -77.0203474014496 -12.18028006846237))",
406620279,way,hospital,MINSA,Dirección de Salud IV,"POLYGON ((-76.99531333887933 -12.04106436810119, -76.99515240633839 -12.04092816217462, -76.99525097751972 -12.04066513805304, -76.99526774132606 -12.04061115859662, -76.99522440688665 -12.04053840367706, -76.99518601777012 -12.04050311586471, -76.99520043464358 -12.04034587136115, -76.99462912412326 -12.04024495324697, -76.99442745553291 -12.04121222487319, -76.99441546941138 -12.04133661231629, -76.99460758263211 -12.04145873664552, -76.99484755651997 -12.04148924677307, -76.9948788210188 -12.04147985904152, -76.99531333887933 -12.04106436810119))",
436736892,way,hospital,,Centro de Salud Municipal Bellavista,"POLYGON ((-77.1048892046954 -12.0588613278334, -77.10479046587601 -12.05884095980869, -77.10479465682759 -12.05878513633354, -77.10472391356481 -12.05877591624005, -77.10470522192072 -12.05883693649517, -77.10478736457183 -12.0588542032157, -77.10478635874345 -12.05888060621069, -77.1048850137438 -12.05889996840702, -77.1048892046954 -12.0588613278334))",
399741679,way,hospital,,Hospital Chalaco II,"POLYGON ((-77.12602224570968 -11.88520690190322, -77.125597869952 -11.88530262323746, -77.12569786605687 -11.88586404311204, -77.1258686054245 -11.88583043168029, -77.12588587214505 -11.88581567953071, -77.12602224570968 -11.88520690190322))",
405698392,way,hospital,,Hospital Chalaco III,"POLYGON ((-77.1202887724819 -11.8283271393297, -77.12016061318238 -11.82820744575238, -77.11959684637492 -11.82877045818853, -77.11976632845709 -11.82894136519425, -77.1202887724819 -11.8283271393297))",
517495828,way,hospital,ESSALUD,Hospital Jorge Voto Bernales,"POLYGON ((-76.94925193109378 -12.04537786311235, -76.94922997050747 -12.04531466356244, -76.94916132272047 -12.04520075349831, -76.94903710291544 -12.04502607463616, -76.948901232265 -12.04491903773263, -76.94873770133408 -12.04483832000508, -76.94891204492009 -12.0443841046721, -76.94674901098713 -12.04326553969361, -76.94650903709928 -12.04395377776316, -76.9458944759586 -12.04365060432539, -76.94522560008535 -12.04513772158643, -76.94546507105902 -12.04509212403318, -76.94545090564266 -12.04504024005251, -76.94573656090282 -12.04498676351028, -76.94573153176091 -12.04494141741412, -76.94587796360935 -12.04490872799173, -76.94586388201202 -12.04484435497537, -76.94621768214498 -12.04476305051458, -76.94634835601545 -12.04481954454198, -76.94644323915936 -12.0445998548598, -76.94695135012975 -12.04481133027684, -76.9468738175254 -12.04498282401579, -76.94696576700321 -12.04501475906687, -76.94698906869402 -12.04504367663282, -76.94699912697784 -12.04507536022683, -76.94699971371107 -12.04510293668827, -76.94691103317548 -12.04530871241118, -76.94689954996814 -12.04535665689733, -76.94690533348133 -12.04540334409799, -76.94692100764026 -12.04544148175745, -76.94733607948541 -12.04595621443133, -76.94731696874618 -12.04600851750712, -76.94667281948729 -12.046502127785, -76.94661825329763 -12.04657940893227, -76.94647668295303 -12.04701610608763, -76.94786891707015 -12.04756126507002, -76.94792105250789 -12.04753947212177, -76.94811744049925 -12.04762815265735, -76.94810293980676 -12.04718634254107, -76.94811484210926 -12.04717544606694, -76.9486289042309 -12.04737501918152, -76.94868020147831 -12.04723914853108, -76.94876318231974 -12.04706480494505, -76.94890366301692 -12.04685383244217, -76.94898094416418 -12.04666892765817, -76.94895705574014 -12.04640397569887, -76.94906300299625 -12.04583601793982, -76.94910181120794 -12.04575245036517, -76.94920272932215 -12.04556771321924, -76.94925193109378 -12.04537786311235))",
307664865,way,hospital,,Hospital Nacional Cayetano Heredia,"POLYGON ((-77.05664573605669 -12.02254430158223, -77.05498544867608 -12.02044522157047, -77.053939303341 -12.0212741079753, -77.05552180666015 -12.02327847248119, -77.05664573605669 -12.02254430158223))",
-9721207,way,hospital,Municipalidad Metropolitana de Lima,SISOL Salud Carabayllo,"POLYGON ((-77.03462907480986 -11.90115330505276, -77.03456595907896 -11.90111240136528, -77.0345544758716 -11.90112933280969, -77.03446881282117 -11.90107392842972, -77.03445137846258 -11.90108507636094, -77.0344218741634 -11.90106663617397, -77.0344218741634 -11.90104635196829, -77.0343365463891 -11.90099111522636, -77.03409464466351 -11.90134927394897, -77.0342013462909 -11.90141834083113, -77.03423797520777 -11.90136410991758, -77.03432925413334 -11.90142320233497, -77.03435004125321 -11.9013924407503, -77.03443168099011 -11.90144524674031, -77.03462907480986 -11.90115330505276), (-77.03454492050199 -11.90114031310284, -77.03452606121985 -11.90116847629753, -77.03451172816543 -11.90115925620404, -77.03450410063354 -11.90117057177332, -77.03443763214136 -11.90112782406712, -77.0344641189554 -11.90108834530318, -77.03454492050199 -11.90114031310284))",
456121389,way,hospital,,Centro Materno Infantil Santa Anita,"POLYGON ((-76.96914956339933 -12.04117920017467, -76.96877858036487 -12.04102321295662, -76.96869895228471 -12.04120426206518, -76.96880657592146 -12.04124944052327, -76.9688130299869 -12.04123460455466, -76.96907655702269 -12.04134541331462, -76.96914956339933 -12.04117920017467))",
169309866,way,hospital,Municipalidad Metropolitana de Lima,SISOL Salud San Juan de Lurigancho,"POLYGON ((-77.00445631886099 -12.0078710257057, -77.00445137353812 -12.00782852945662, -77.00379792036671 -12.00741454725886, -77.00308512332084 -12.00855557573789, -77.00314781995658 -12.00858935480767, -77.00289192045268 -12.00899487128322, -77.00352391595197 -12.00937524204923, -77.0038269217517 -12.00886101228951, -77.0038826614078 -12.00866026570853, -77.00402180100048 -12.00842674588611, -77.00419966498582 -12.00827595544803, -77.00445631886099 -12.0078710257057))",
4029952232,node,hospital,MINSA,Centro de salud Caquetá,POINT (-77.04382553133377 -12.0309514342843),
437496535,way,hospital,Municipalidad Metropolitana de Lima,SISOL Salud La Victoria,"POLYGON ((-77.03011634196027 -12.06084792270454, -77.02977637196754 -12.0608034147987, -77.02976103308474 -12.06091045170223, -77.02990553709544 -12.06092771842276, -77.0298956464497 -12.06100734650292, -77.03009153152686 -12.06103073201277, -77.03011634196027 -12.06084792270454))",
437364307,way,hospital,,Clinica Limatambo,"POLYGON ((-77.00825105788473 -11.98634210740454, -77.00813387887837 -11.98622124036078, -77.0080399177438 -11.98630841215376, -77.0079488064563 -11.98639290173776, -77.00806590164363 -11.98651376878152, -77.00825105788473 -11.98634210740454))",
303538832,way,hospital,,Hospìtal Municipal de los Olivos,"POLYGON ((-77.06394645753986 -11.97624384191818, -77.06338034379951 -11.97614870731715, -77.06335025276712 -11.97637677890251, -77.06291271742147 -11.97631894377062, -77.0628489311383 -11.97678120573062, -77.06385568152848 -11.97691414271497, -77.06394645753986 -11.97624384191818))",
413980339,way,hospital,,Instituto Nacional de Ciencias Neurológicas,"POLYGON ((-77.01691191079587 -12.04514895333668, -77.01587297389752 -12.04469574383208, -77.01572930807711 -12.04504233552831, -77.01561246434687 -12.04500243766921, -77.01527333254448 -12.04597348115186, -77.01637731301146 -12.04647421604744, -77.01648485282918 -12.04603542341633, -77.01667185308898 -12.04607523745639, -77.01691191079587 -12.04514895333668))",
817718681,,hospital,,Hospital José Agurto Tello de Chosica,POINT (-76.69337540595301 -11.93434184118856),way
371266564,,hospital,Ministerio de Salud,Centro Materno Infantil César López Silva,POINT (-76.9235884910927 -12.2304116814715),way
436277181,,hospital,Ministerio de Salud,Centro Materno Infantil Juan Pablo II,POINT (-76.94590417947963 -12.21944510957388),way
7657266220,,hospital,Servicios medicos,JARA med,POINT (-77.06537230000001 -12.0318854),node
370242982,,hospital,Ministerio de Salud,Centro Materno Infantil San José,POINT (-76.94609344818382 -12.19867887425774),way
370795534,,hospital,Ministerio de Salud,Centro Materno Infantil Daniel Alcides Carrión,POINT (-76.94567576806512 -12.1778069833392),way
391908588,,hospital,EsSalud,Policlínico Francisco Pizarro,POINT (-77.0351416216313 -12.03697636524834),way
445502597,,hospital,,Centro de Salud Villa Victoria,POINT (-77.0120168827586 -12.10879666958754),way
467541142,,hospital,,Hospital de Lima Este - Vitarte,POINT (-76.91737662816125 -12.02601041351687),way
554971747,,hospital,,Hospital Municipal de San Juan de Lurigancho,POINT (-77.00231680570201 -11.97517520604084),way
780622087,,hospital,Essalud,Policlinico Octavio Mongrut,POINT (-77.09433036578362 -12.06563044889473),way
780628452,,hospital,Fuerza Aérea del Perú,Hospital Central Geriátrico FAP,POINT (-77.02054027844257 -12.10320166329887),way
806448220,,hospital,,,POINT (-77.02890338939964 -12.05281830481914),way
831057544,,hospital,Ejército del Perú,Hospital Militar Geriátrico,POINT (-77.0199592756483 -12.1619851210483),way
835415398,,hospital,Municipalidad de La Molina,Centro Médico Municipal Molisalud,POINT (-76.94597187740975 -12.06358728660808),way
866156340,,hospital,Policía Nacional del Perú,Hospital Geriátrico San José,POINT (-77.08060285953287 -12.08686072281935),way
9721207,,hospital,Municipalidad Metropolitana de Lima,SISOL Salud Carabayllo,POINT (-77.03435837417986 -11.90123898654045),relation
9724165,,hospital,Municipalidad Metropolitana de Lima,SISOL Salud Comas,POINT (-77.05727973329992 -11.97065235882994),relation
9724186,,hospital,Municipalidad Metropolitana de Lima,SISOL Salud Villa El Salvador,POINT (-76.95968641376815 -12.194765388245),relation
