osmid,street_count,ref,highway,geometry,NN,NN_dist
182439911,1,,,POINT (-76.81258769999999 -12.3442095),1832652746,0.0027792977602270987
258066779,3,45A,motorway_junction,POINT (-76.784901 -12.3711599),472561534,0.0043726113433584434
258066780,3,,,POINT (-76.77935410000001 -12.3765219),1826470137,0.0026271954342860543
258066956,1,,,POINT (-76.8132658 -12.3435387),1832652746,0.0033922596554502764
472561534,4,,,POINT (-76.78192799999999 -12.3743663),472561534,0.0
472561535,4,,,POINT (-76.78151080000001 -12.373936),472561535,0.0
472561556,4,,,POINT (-76.78332450000001 -12.3758083),472561556,0.0
472561566,3,,,POINT (-76.7829833 -12.3754584),472561566,0.0
472561575,3,,,POINT (-76.7821498 -12.3745947),472561534,0.0003183736798200151
472561604,3,,,POINT (-76.77877959999999 -12.3737516),472563105,0.0026532894923175163
472561673,3,,,POINT (-76.7813017 -12.3737336),472561535,0.00029101300658743005
472561684,3,,,POINT (-76.78160579999999 -12.3746953),472561534,0.0004604930401211912
472561687,3,,,POINT (-76.7820784 -12.374688),472561534,0.00035512117650644245
472562546,4,,,POINT (-76.78183199999999 -12.3744656),472561534,0.0001381176672259597
472562901,3,,,POINT (-76.7829807 -12.3756069),472561566,0.00014852275919863595
472563084,2,45B,motorway_junction,POINT (-76.7791575 -12.3765224),1826470137,0.0028196010072314447
472563103,4,,,POINT (-76.781177 -12.3742491),472563105,0.00031932770002163175
472563105,4,,,POINT (-76.7814173 -12.3740388),472563105,0.0
472563136,3,,,POINT (-76.7816207 -12.3737798),472561535,0.0001909880886336546
472563141,3,,,POINT (-76.7838208 -12.3720317),472561535,0.002993736543180128
472563248,3,,,POINT (-76.7821974 -12.3741387),472561534,0.00035267282288881335
495241573,3,,,POINT (-76.7976464 -12.3609189),1832653054,0.0017154469563359282
495284663,4,,,POINT (-76.7832351 -12.3758885),495284663,0.0
495284701,3,,,POINT (-76.7838631 -12.3753513),472561556,0.0007063561141504679
495285658,3,,,POINT (-76.78287640000001 -12.3762171),495284663,0.0004864603272563267
1273492994,4,,,POINT (-76.7864287 -12.375105),472561556,0.0031828742560730556
1273504411,3,,,POINT (-76.7928905 -12.3674282),1832653114,0.0017118334410853562
1273506491,5,,,POINT (-76.78765660000001 -12.3748108),472561556,0.004445457980904796
1273563923,4,,,POINT (-76.7853964 -12.3750696),472561556,0.0021996470853202364
1273682145,4,,,POINT (-76.78574879999999 -12.3753286),472561556,0.0024713038218594037
1273688948,3,,,POINT (-76.7850148 -12.374819),472561556,0.001958527145579872
1273699719,3,,,POINT (-76.7882274 -12.3751757),472561556,0.004943542370598848
1273783324,3,,,POINT (-76.78568110000001 -12.3746737),472561556,0.002615507736557308
1273795547,3,,,POINT (-76.7886517 -12.3754678),472561556,0.005338070820995348
1273801757,3,,,POINT (-76.7887764 -12.3748861),472561556,0.005529345933287914
1273847029,4,,,POINT (-76.7939169 -12.3682257),1832653114,0.0023342201867004603
1273865134,3,,,POINT (-76.7975625 -12.3595896),1832653054,0.0006535029609679178
1273876607,3,,,POINT (-76.8042086 -12.3551456),7059096560,0.0013801522560895336
1273963532,4,,,POINT (-76.7934485 -12.3678672),1832653114,0.0019752377401225664
1273969673,3,,,POINT (-76.79681220000001 -12.3609657),1832653060,0.0015016852033679687
1273971664,3,,,POINT (-76.7977879 -12.3598092),1832653054,0.0009516685557487843
1273986413,3,,,POINT (-76.79775669999999 -12.3638124),1826469870,0.001901351637650844
1817713691,4,,,POINT (-76.7871835 -12.3744423),472561556,0.004093633715897297
1817713693,3,,,POINT (-76.7853751 -12.3744612),472561556,0.0024534952149849612
1817713701,3,,,POINT (-76.78738490000001 -12.3752169),472561556,0.004103242878504848
1817713705,3,,,POINT (-76.7884552 -12.375317),472561556,0.005154169009641493
1817713706,3,,,POINT (-76.78679289999999 -12.3753687),472561556,0.003496147411068383
1817713710,4,,,POINT (-76.7860924 -12.3755592),472561556,0.0027790864002351133
1817713719,4,,,POINT (-76.78713430000001 -12.3756264),472561556,0.0038141399620350612
1817713721,3,,,POINT (-76.7879236 -12.3755877),472561556,0.00460438759988066
1817713723,3,,,POINT (-76.79022399999999 -12.3756312),472561556,0.006901772573755525
1817713724,3,,,POINT (-76.78818769999999 -12.3757782),472561556,0.004863293148668633
1817713726,4,,,POINT (-76.7864665 -12.3758135),472561556,0.0031420043029856486
1817713730,3,,,POINT (-76.7883429 -12.3758861),472561556,0.005019003028488155
1817713731,3,,,POINT (-76.7892985 -12.3759718),472561556,0.0059762369640048935
1817713733,4,,,POINT (-76.7868278 -12.3760639),472561556,0.003512611884330476
1817713735,3,,,POINT (-76.7846888 -12.3761004),472561556,0.001395219301750767
1817713737,4,,,POINT (-76.7879149 -12.3761661),472561556,0.00460432329446811
1817713739,1,,,POINT (-76.7841007 -12.3761687),472561556,0.0008557888758241973
1817713741,4,,,POINT (-76.7850478 -12.3763583),472561556,0.0018089397143029673
1817713743,3,,,POINT (-76.7890171 -12.3763609),472561556,0.005719358488491183
1817713745,1,,,POINT (-76.78441909999999 -12.3764858),472561556,0.0012873054843249327
1817713747,4,,,POINT (-76.78537230000001 -12.3765879),472561556,0.002191177993683051
1817713758,3,,,POINT (-76.7887408 -12.3767705),472561556,0.005501103028477646
1817713759,1,,,POINT (-76.784752 -12.37679),472561556,0.0017324812091264001
1817713760,4,,,POINT (-76.78573969999999 -12.376845),472561556,0.0026282956321424513
1817713761,3,,,POINT (-76.7895863 -12.3769268),472561556,0.006360910429323549
1817713762,1,,,POINT (-76.785113 -12.376985),472561556,0.0021408771893694336
1817713764,3,,,POINT (-76.78845819999999 -12.3771559),472561556,0.005307626724805978
1817713766,1,,,POINT (-76.7854712 -12.377224),472561556,0.0025714834979036097
1817713767,3,,,POINT (-76.79005479999999 -12.3772559),472561556,0.006884219915852726
1817713771,3,,,POINT (-76.78900350000001 -12.3778329),472561556,0.0060290999460955175
1817713773,3,,,POINT (-76.78956599999999 -12.3780982),472561556,0.006648305367523856
1817713781,1,,,POINT (-76.7873866 -12.3786808),472561556,0.004975129411381437
1817713787,3,,,POINT (-76.7891769 -12.3789719),472561556,0.006652740091116124
1817713791,4,,,POINT (-76.7882711 -12.3799526),472561556,0.006453221989825556
1817713792,3,,,POINT (-76.78808669999999 -12.3809426),472561556,0.007002826952729967
1817713793,4,,,POINT (-76.788051 -12.3811726),495284663,0.007149447924137958
1826469732,3,,,POINT (-76.8136714 -12.3526135),6450979541,0.003862861511891681
1826469741,3,,,POINT (-76.8123097 -12.3533397),6450979543,0.0033822915205511807
1826469743,1,,,POINT (-76.8101302 -12.35342),6450979543,0.002237515150787289
1826469744,4,,,POINT (-76.8102339 -12.3537244),6450979543,0.002557109696513714
1826469745,3,,,POINT (-76.81132409999999 -12.3538064),6450979543,0.003063261275172876
1826469755,3,,,POINT (-76.80934240000001 -12.3541011),6450979543,0.0028877645922055113
1826469757,3,,,POINT (-76.8103773 -12.3542069),6450979543,0.0030595937655178013
1826469759,1,,,POINT (-76.8083956 -12.3543016),6450979543,0.0033222357727905583
1826469761,4,,,POINT (-76.8085067 -12.3545118),6450979543,0.003478857772317082
1826469763,3,,,POINT (-76.8095967 -12.3545909),6450979543,0.003360192180516076
1826469765,1,,,POINT (-76.8075214 -12.354629),6450979543,0.004017247566432493
1826469767,4,,,POINT (-76.80759449999999 -12.3548643),6450979543,0.00418144933845067
1826469769,3,,,POINT (-76.808786 -12.3549644),6450979543,0.0038350689967730027
1826469770,3,,,POINT (-76.8066073 -12.3551753),7059096560,0.003284809481530152
1826469771,3,,,POINT (-76.8077304 -12.3553179),7059096560,0.004315426859528954
1826469774,3,,,POINT (-76.805831 -12.3554411),7059096560,0.0024650148599900984
1826469776,3,,,POINT (-76.80669 -12.3556151),7059096560,0.0032343397255076367
1826469778,4,,,POINT (-76.8053488 -12.3557453),7059096560,0.0019073039034200848
1826469789,3,,,POINT (-76.80610009999999 -12.3558332),7059096560,0.002611378402291462
1826469793,4,,,POINT (-76.8044033 -12.3559872),7059096560,0.0009368232490715658
1826469795,3,,,POINT (-76.8056108 -12.3561268),7059096560,0.002082089414499283
1826469797,4,,,POINT (-76.80459620000001 -12.356271),7059096560,0.0010583282902788327
1826469799,4,,,POINT (-76.80356949999999 -12.3564613),7059096560,0.00011138155143154083
1826469801,4,,,POINT (-76.8036336 -12.3564911),7059096560,0.00016571813418768923
1826469803,3,,,POINT (-76.8048381 -12.3566271),7059096560,0.0013255230099792326
1826469805,4,,,POINT (-76.8038085 -12.3567571),7059096560,0.00048406095690364066
1826469806,4,,,POINT (-76.8028138 -12.3570301),6450979556,0.0003862314979385038
1826469810,3,,,POINT (-76.8040778 -12.3571666),7059096560,0.0009741744658920988
1826469812,4,,,POINT (-76.8029914 -12.3572629),6450979556,0.0005608648054573574
1826469824,3,,,POINT (-76.80178789999999 -12.3580521),6450979556,0.001826403296100272
1826469825,4,,,POINT (-76.8010834 -12.3581563),6450979556,0.002420400597008075
1826469827,3,,,POINT (-76.8020112 -12.3583371),6450979556,0.001919979064990373
1826469829,3,,,POINT (-76.8007448 -12.3583375),6450979556,0.0028005699866207458
1826469830,4,,,POINT (-76.8012798 -12.3584027),6450979556,0.002431825077996344
1826469832,3,,,POINT (-76.8015151 -12.3586979),6450979556,0.0024983266399683773
1826469834,3,,,POINT (-76.7999971 -12.3589213),1832653054,0.0030721178574355714
1826469836,3,,,POINT (-76.8000596 -12.3589035),1832653054,0.003136500014341619
1826469838,4,,,POINT (-76.80037230000001 -12.3591901),1832653054,0.0034210922188717134
1826469840,3,,,POINT (-76.8006252 -12.3594221),6450979556,0.0036227032185903066
1826469841,4,,,POINT (-76.79895689999999 -12.3600274),1832653054,0.0021138189515568914
1826469843,4,,,POINT (-76.7992613 -12.3603231),1832653054,0.002503667663644111
1826469845,3,,,POINT (-76.79953279999999 -12.3605868),1832653054,0.0028596708289515553
1826469846,3,,,POINT (-76.79817250000001 -12.3608443),1832653054,0.0019283339570754226
1826469851,4,,,POINT (-76.79853319999999 -12.3611315),1832653054,0.002380826986569164
1826469855,3,,,POINT (-76.79772699999999 -12.3613352),1826469870,0.0017924139030920888
1826469857,3,,,POINT (-76.7983977 -12.3614223),1826469870,0.0022984248910936627
1826469858,3,,,POINT (-76.79806550000001 -12.3615764),1826469870,0.0019329589674993066
1826469859,3,,,POINT (-76.7988086 -12.3615835),1826469870,0.0026060738074783238
1826469860,3,,,POINT (-76.79802840000001 -12.3616142),1826469870,0.0018822866519305364
1826469861,3,,,POINT (-76.79828740000001 -12.3616743),1826469870,0.0020890067233113
1826469863,3,,,POINT (-76.7971917 -12.3619004),1826469870,0.0010206108220105893
1826469864,4,,,POINT (-76.797597 -12.3620547),1826469870,0.0013061522307911315
1826469865,4,,,POINT (-76.7980171 -12.3622404),1826469870,0.0016664885388144282
1826469867,3,,,POINT (-76.79729759999999 -12.3623803),1826469870,0.000934108521530158
1826469868,3,,,POINT (-76.7983986 -12.3624443),1826469870,0.0020272327271461522
1826469870,3,,,POINT (-76.7963724 -12.362509),1826469870,0.0
1826469871,3,,,POINT (-76.796516 -12.3626154),1826469870,0.0001787230259377523
1826469874,3,,,POINT (-76.7967958 -12.3628488),1826469870,0.0005428918861086981
1826469875,3,,,POINT (-76.796268 -12.3628741),1826469870,0.00037973328798078873
1826469876,3,,,POINT (-76.79701249999999 -12.3630352),1826469870,0.0008286220187751991
1826469877,3,,,POINT (-76.7966256 -12.3630943),1826469870,0.0006377196327561219
1826469878,3,,,POINT (-76.7968599 -12.3632393),1826469870,0.0008780628337462336
1826469881,1,,,POINT (-76.7967656 -12.3635564),1826469870,0.0011187729885931974
1826469882,4,,,POINT (-76.79737129999999 -12.3635536),1826469870,0.0014453339994611677
1826469884,3,,,POINT (-76.795438 -12.3636683),1826469884,0.0
1826469885,3,,,POINT (-76.79568860000001 -12.363774),1826469884,0.0002719795029047478
1826469887,4,,,POINT (-76.7960241 -12.3639978),1826469884,0.0006723715193186076
1826469888,3,,,POINT (-76.79631910000001 -12.3641841),1826469884,0.0010209734815362261
1826469889,3,,,POINT (-76.7963742 -12.3642242),1826469884,0.0010888045049487762
1826469890,3,,,POINT (-76.79699100000001 -12.364248),1826469884,0.001657667364100285
1826469891,3,,,POINT (-76.7964408 -12.3642454),1826469884,0.0011570014044886884
1826469898,3,,,POINT (-76.7953978 -12.364371),1826469884,0.0007038489397588639
1826469906,3,,,POINT (-76.7957122 -12.3645853),1826469884,0.0009571178819742451
1826469907,1,,,POINT (-76.79730259999999 -12.3648014),1826469884,0.002181891099473482
1826469911,4,,,POINT (-76.7967173 -12.3648564),1826469884,0.0017459066698947377
1826469914,3,,,POINT (-76.7963927 -12.3648761),1826469884,0.0015395560821183484
1826469915,3,,,POINT (-76.79595209999999 -12.3648372),1826469884,0.0012769596782939224
1826469920,4,,,POINT (-76.79501999999999 -12.3650294),1826469922,0.0006906965324945291
1826469922,3,,,POINT (-76.79432989999999 -12.3650581),1826469922,0.0
1826469926,3,,,POINT (-76.79653740000001 -12.3652103),1826469884,0.0018937910021960575
1826469927,3,,,POINT (-76.79544370000001 -12.3652586),1826469922,0.0011317025625265122
1826469932,3,,,POINT (-76.7958981 -12.3654989),1826469922,0.0016289738733405144
1826469933,3,,,POINT (-76.7947247 -12.36551),1826469922,0.0006000672045756544
1826469937,3,,,POINT (-76.7964174 -12.3654793),1826469884,0.002058869923036229
1826469949,4,,,POINT (-76.79678010000001 -12.3657387),1826469884,0.0024673444368394195
1826469950,4,,,POINT (-76.79630179999999 -12.3657444),1826469922,0.002087916976319579
1826469955,3,,,POINT (-76.79510639999999 -12.3658295),1826469922,0.0010945365274856844
1826469958,3,,,POINT (-76.7955884 -12.3659829),1826469922,0.0015617545549844135
1826469959,3,,,POINT (-76.7966227 -12.3660057),1826469922,0.002480902577698152
1826469967,3,,,POINT (-76.7944226 -12.3660015),1832653114,0.0007581309979126828
1826469971,3,,,POINT (-76.7958534 -12.3662124),1826469922,0.0019114028199239787
1826469973,3,,,POINT (-76.79407329999999 -12.3663576),1832653114,0.0006061240549513607
1826469974,4,,,POINT (-76.7947885 -12.3663267),1832653114,0.001194876428747172
1826469976,4,,,POINT (-76.79560379999999 -12.3664679),1826469922,0.0019000940108323172
1826469977,3,,,POINT (-76.79668909999999 -12.3664586),1826469922,0.002743578847053784
1826469981,3,,,POINT (-76.7937474 -12.3666684),1832653114,0.0007677409068170832
1826469982,4,,,POINT (-76.794504 -12.3667187),1832653114,0.001165036707574145
1826469983,4,,,POINT (-76.7959233 -12.3667635),1826469922,0.0023339478828820863
1826469984,3,,,POINT (-76.7952901 -12.3667753),1832653114,0.0018386813209439004
1826469987,3,,,POINT (-76.7963062 -12.3669759),1826469922,0.002753855212249851
1826469988,3,,,POINT (-76.79562610000001 -12.3670601),1832653114,0.0022713433293980747
1826469989,4,,,POINT (-76.7941781 -12.3670699),1832653114,0.001271067236613609
1826469993,4,,,POINT (-76.7949519 -12.3671498),1832653114,0.0017866856270722447
1826470001,3,,,POINT (-76.79595639999999 -12.36743),1832653114,0.0027480128711391944
1826470002,4,,,POINT (-76.79524240000001 -12.3674429),1832653114,0.002199298854181039
1826470005,3,,,POINT (-76.7946276 -12.3674759),1832653114,0.0018398248748149073
1826470021,3,,,POINT (-76.79583150000001 -12.3676651),1832653114,0.002787251154811281
1826470023,3,,,POINT (-76.7949533 -12.367738),1832653114,0.0022375846375031825
1826470032,3,,,POINT (-76.792287 -12.3680361),1832653114,0.0025413272614945525
1826470033,3,,,POINT (-76.795033 -12.3680877),1832653114,0.0025733681295134632
1826470034,3,,,POINT (-76.7948019 -12.3683868),1832653114,0.00272789785915411
1826470035,3,,,POINT (-76.7954666 -12.3683891),1832653114,0.003065696327095945
1826470036,4,,,POINT (-76.794247 -12.3685199),1832653114,0.0026781409316910007
1826470037,4,,,POINT (-76.7927794 -12.3685548),1832653114,0.002796159112070704
1826470040,3,,,POINT (-76.7944842 -12.368731),1832653114,0.002941238599636962
1826470041,3,,,POINT (-76.7952252 -12.3687724),1832653114,0.003262103716927514
1826470042,4,,,POINT (-76.79157650000001 -12.3689329),1832653114,0.003681966892846508
1826470044,4,,,POINT (-76.7931961 -12.3689859),1832653114,0.0031177349342126595
1826470049,4,,,POINT (-76.7934983 -12.3693209),1832653114,0.003420747099685826
1826470050,4,,,POINT (-76.7920197 -12.3693672),1832653114,0.0038361559261886158
1826470055,4,,,POINT (-76.79092989999999 -12.3696805),1832653114,0.0046658504733937374
1826470058,4,,,POINT (-76.7924438 -12.3697706),1832653114,0.0040561080878135725
1826470059,3,,,POINT (-76.7938432 -12.3697545),1832653114,0.0038538625105223726
1826470060,4,,,POINT (-76.7927863 -12.3700514),1832653114,0.004240158366147337
1826470062,4,,,POINT (-76.791332 -12.3700708),1832653114,0.004777820986606552
1826470067,3,,,POINT (-76.79311989999999 -12.3703958),1832653114,0.004524948212966476
1826470068,4,,,POINT (-76.7902182 -12.370408),1832653114,0.005674616154425099
1826470071,4,,,POINT (-76.7917454 -12.3704799),1832653114,0.004963976757605014
1826470072,4,,,POINT (-76.7920749 -12.370792),1832653114,0.005141423333087709
1826470074,4,,,POINT (-76.7906306 -12.3708039),1832653114,0.00576596291785272
1826470076,4,,,POINT (-76.789478 -12.3711793),1832653114,0.0067381190498566924
1826470077,3,,,POINT (-76.7924549 -12.3711609),1832653114,0.005395174751574923
1826470078,4,,,POINT (-76.7910562 -12.3711988),1832653114,0.005904678038644213
1826470081,4,,,POINT (-76.79140030000001 -12.3714998),1832653114,0.00603838540091775
1826470083,4,,,POINT (-76.78991240000001 -12.3715761),1832653114,0.006803812567231916
1826470086,3,,,POINT (-76.7917353 -12.3718818),1832653114,0.006282824878193488
1826470087,4,,,POINT (-76.788763 -12.3719174),472561556,0.006687031109540717
1826470088,4,,,POINT (-76.7903288 -12.3719573),1832653114,0.006914093103948884
1826470090,4,,,POINT (-76.79066210000001 -12.372253),1832653114,0.007025320363515454
1826470091,4,,,POINT (-76.7891869 -12.372303),472561556,0.00683043643188106
1826470094,4,,,POINT (-76.7880809 -12.3726398),472561556,0.0057151319503497494
1826470095,3,,,POINT (-76.79108890000001 -12.3726386),1832653114,0.007212058932788947
1826470096,4,,,POINT (-76.7896386 -12.3727055),472561556,0.007035284404340672
1826470100,4,,,POINT (-76.7899434 -12.3729799),472561556,0.007197894398356365
1826470102,4,,,POINT (-76.78850679999999 -12.3730429),472561556,0.005873982503367143
1826470104,4,,,POINT (-76.7873766 -12.373394),472561556,0.00471681660656458
1826470105,4,,,POINT (-76.7904223 -12.3734111),472561556,0.007491684235200391
1826470107,4,,,POINT (-76.7889119 -12.373434),472561556,0.006070942204464945
1826470108,4,,,POINT (-76.78921440000001 -12.3737273),472561556,0.006246717778961249
1826470110,4,,,POINT (-76.7878109 -12.3737905),472561556,0.004919278585312138
1826470112,4,,,POINT (-76.78967780000001 -12.3741644),472561556,0.006562532140874194
1826470113,4,,,POINT (-76.7881946 -12.3741602),472561556,0.005141411053388683
1826470115,3,,,POINT (-76.78854200000001 -12.3744981),472561556,0.005379491638621891
1826470117,4,,,POINT (-76.7889658 -12.3748996),472561556,0.005714017971613657
1826470119,3,,,POINT (-76.7893005 -12.3752168),472561556,0.0060052017659589264
1826470136,3,,,POINT (-76.7829826 -12.375997),495284663,0.00027482448944903307
1826470137,3,,,POINT (-76.78192249999999 -12.3770746),1826470137,0.0
1826470144,3,,,POINT (-76.7868234 -12.3797146),472561556,0.0052441854372230045
1826470146,3,,,POINT (-76.7875437 -12.3798541),472561556,0.005845523610417876
1826470147,3,,,POINT (-76.7888075 -12.3800541),472561556,0.0069347030679035885
1826470149,1,,,POINT (-76.7877182 -12.3811396),495284663,0.006904508441591076
1832652738,3,,,POINT (-76.8121505 -12.3459956),1832652746,0.0013748746597401472
1832652739,3,,,POINT (-76.8123271 -12.3461745),1832652746,0.0011238086135954227
1832652741,3,,,POINT (-76.8109444 -12.3464615),1832652746,0.0022641534687412638
1832652743,3,,,POINT (-76.81204270000001 -12.3465654),1832652746,0.0011747817712178172
1832652744,3,,,POINT (-76.81133320000001 -12.3467986),1832652746,0.0018311703197610527
1832652746,3,,,POINT (-76.8131597 -12.3469293),1832652746,0.0
1832652747,3,,,POINT (-76.81179539999999 -12.3468852),1832652746,0.0013650125640506147
1832652748,3,,,POINT (-76.8121968 -12.3471866),1832652746,0.0009966843532481057
1832652749,3,,,POINT (-76.81285320000001 -12.3472408),1832652746,0.00043700629285667515
1832652751,4,,,POINT (-76.810672 -12.3474749),6450979538,0.0019011384063242667
1832652752,3,,,POINT (-76.8125738 -12.3475232),1832652746,0.0008342637592543987
1832652753,3,,,POINT (-76.80993599999999 -12.3475148),6450979540,0.0024068216656037986
1832652754,4,,,POINT (-76.81126949999999 -12.3476839),6450979538,0.0013248083219865692
1832652756,3,,,POINT (-76.8102482 -12.3478659),6450979540,0.0019370820994448596
1832652757,3,,,POINT (-76.81166229999999 -12.3479588),6450979538,0.0008670283155707125
1832652758,3,,,POINT (-76.8115413 -12.3481335),6450979538,0.0008125043569082991
1832652761,3,,,POINT (-76.8117653 -12.3483403),6450979538,0.0005076459888486277
1832652764,3,,,POINT (-76.81129660000001 -12.3484906),6450979539,0.0007419654169837417
1832652765,3,,,POINT (-76.8099562 -12.3484921),6450979541,0.0017019733076575037
1832652769,3,,,POINT (-76.8103172 -12.3487799),6450979541,0.001241067193985575
1832652771,3,,,POINT (-76.8088734 -12.3487258),6450979542,0.0022976055993144504
1832652773,3,,,POINT (-76.8110468 -12.3488568),6450979540,0.0006735363761523732
1832652785,3,,,POINT (-76.81079889999999 -12.3492014),6450979541,0.0006013139279933271
1832652807,3,,,POINT (-76.80923420000001 -12.3494096),6450979542,0.0015822170047047669
1832652811,3,,,POINT (-76.8081511 -12.3495112),6450979543,0.002291435899167061
1832652817,3,,,POINT (-76.8096711 -12.3497554),6450979542,0.0010264421854104795
1832652819,3,,,POINT (-76.80982640000001 -12.3496572),6450979542,0.0009651434349298603
1832652822,3,,,POINT (-76.8078285 -12.3497953),6450979543,0.0023312546343129117
1832652826,3,,,POINT (-76.80842130000001 -12.3498221),6450979543,0.0018795391589388605
1832652831,3,,,POINT (-76.80965550000001 -12.349904),6450979542,0.0009670760052781197
1832652834,3,,,POINT (-76.8087865 -12.350072),6450979543,0.001454577230677605
1832652836,3,,,POINT (-76.807531 -12.3500857),6450979543,0.002422015214654519
1832652838,3,,,POINT (-76.8100381 -12.350156),6450979542,0.0005172860330578761
1832652842,3,,,POINT (-76.8085588 -12.3504088),6450979543,0.0013784512940258767
1832652844,3,,,POINT (-76.80785400000001 -12.3504302),6450979543,0.001980222272873044
1832652848,3,,,POINT (-76.80842869999999 -12.3505911),6450979543,0.00139218336795789
1832652850,3,,,POINT (-76.80751650000001 -12.3507238),6450979543,0.002207550751394156
1832652852,3,,,POINT (-76.8090467 -12.3507801),6450979543,0.0007654037692658737
1832652856,3,,,POINT (-76.8082948 -12.3507804),6450979543,0.0014424198452624984
1832652857,3,,,POINT (-76.80884519999999 -12.3509142),6450979543,0.0008789334047656747
1832652861,3,,,POINT (-76.8066505 -12.3509161),6450979543,0.0030308450059327364
1832652867,4,,,POINT (-76.8094353 -12.3510473),6450979543,0.00029429401964504575
1832652871,3,,,POINT (-76.8071935 -12.3510247),6450979543,0.0024800288002405184
1832652873,3,,,POINT (-76.80804620000001 -12.3511359),6450979543,0.0016215147054474686
1832652881,3,,,POINT (-76.81012509999999 -12.3511962),7059096557,0.0003897643647109651
1832652892,3,,,POINT (-76.8062735 -12.3513633),6450979543,0.00339396399067335
1832652895,3,,,POINT (-76.8078215 -12.3514574),6450979543,0.0018572020783948855
1832652902,3,,,POINT (-76.8072255 -12.3516328),6450979543,0.0024722043443051837
1832652904,4,,,POINT (-76.8084707 -12.3515692),6450979543,0.0012410570011089253
1832652907,3,,,POINT (-76.8065508 -12.3517166),6450979543,0.0031516722307419203
1832652909,3,,,POINT (-76.8075528 -12.3518632),6450979543,0.002204571987942851
1832652911,3,,,POINT (-76.80888520000001 -12.3518761),6450979543,0.0010117164523686703
1832652915,4,,,POINT (-76.80697979999999 -12.3520185),6450979543,0.0027980865640724107
1832652919,4,,,POINT (-76.80798420000001 -12.3521504),6450979543,0.0019155452200301333
1832652928,3,,,POINT (-76.80735490000001 -12.3522685),6450979543,0.002532128829655512
1832652934,3,,,POINT (-76.8128105 -12.3523413),6450979542,0.0030488181661109054
1832652938,3,,,POINT (-76.8077064 -12.3525023),6450979543,0.0023347181971282637
1832652941,3,,,POINT (-76.8054538 -12.3526171),7059096560,0.00419760092671635
1832652944,3,,,POINT (-76.8057566 -12.3528628),7059096560,0.004134504189133186
1832652947,3,,,POINT (-76.81319790000001 -12.3528332),6450979542,0.0036667016240818453
1832652951,3,,,POINT (-76.80569800000001 -12.3529256),7059096560,0.00405011130834807
1832652953,3,,,POINT (-76.8043921 -12.3529872),7059096560,0.003472297504535186
1832652959,3,,,POINT (-76.80605319999999 -12.3532455),7059096560,0.00399636485070517
1832652962,3,,,POINT (-76.80724360000001 -12.3533618),6450979543,0.0032251043161385944
1832652968,3,,,POINT (-76.8047299 -12.3533108),7059096560,0.003266783935309019
1832652970,3,,,POINT (-76.8059952 -12.3532943),7059096560,0.003921979512946708
1832652972,3,,,POINT (-76.80476640000001 -12.3533701),7059096560,0.003225311200490464
1832652976,3,,,POINT (-76.80640560000001 -12.3535433),6450979543,0.003995987750228734
1832652977,3,,,POINT (-76.8038033 -12.3535232),7059096560,0.002842518777422648
1832652979,3,,,POINT (-76.80498179999999 -12.3536008),7059096560,0.003107012122597371
1832652980,3,,,POINT (-76.8063235 -12.3536237),7059096560,0.0038979614890358918
1832652982,3,,,POINT (-76.8044275 -12.3536839),7059096560,0.0028130060522507092
1832652990,3,,,POINT (-76.8041863 -12.3539071),7059096560,0.002530147286224668
1832652992,3,,,POINT (-76.8052694 -12.3539267),7059096560,0.0029794067362456274
1832652994,3,,,POINT (-76.8040914 -12.3539929),7059096560,0.002423991456256206
1832652998,3,,,POINT (-76.803189 -12.3541005),7059096560,0.0022804460133938674
1832653001,4,,,POINT (-76.80556300000001 -12.3542602),7059096560,0.0029103957067741
1832653003,3,,,POINT (-76.8035498 -12.3544825),7059096560,0.0018711202259615659
1832653005,3,,,POINT (-76.8028621 -12.3544092),7059096560,0.0020595466394357806
1832653007,3,,,POINT (-76.8052141 -12.3545442),7059096560,0.0024643168140464507
1832653017,3,,,POINT (-76.80481279999999 -12.3547566),7059096560,0.002041477379246304
1832653019,3,,,POINT (-76.8032429 -12.3548031),7059096560,0.0015789152890523538
1832653025,3,,,POINT (-76.8022845 -12.3549681),7059096560,0.0018704688743764989
1832653034,3,,,POINT (-76.8035783 -12.3551898),7059096560,0.001164394383360171
1832653036,3,,,POINT (-76.8026627 -12.3553357),7059096560,0.001344509936746509
1832653040,3,,,POINT (-76.8016738 -12.355559),6450979556,0.001765447733573422
1832653043,4,,,POINT (-76.8020349 -12.3559118),6450979556,0.0012622936465025215
1832653044,3,,,POINT (-76.8013625 -12.3558625),6450979556,0.001857130711607568
1832653045,1,,,POINT (-76.8022101 -12.3560962),6450979556,0.0010107800007907685
1832653046,3,,,POINT (-76.801034 -12.3561866),6450979556,0.0020507055615025197
1832653047,1,,,POINT (-76.80185 -12.3563861),6450979556,0.0012108242027583152
1832653049,3,,,POINT (-76.8006857 -12.3565182),6450979556,0.0023402840105353345
1832653050,1,,,POINT (-76.80146329999999 -12.3566632),6450979556,0.001555901478244267
1832653052,1,,,POINT (-76.8009179 -12.3567588),6450979556,0.002101548916864404
1832653054,3,,,POINT (-76.7969549 -12.359349),1832653054,0.0
1832653060,3,,,POINT (-76.7959779 -12.3597171),1832653060,0.0
1832653070,3,,,POINT (-76.7958366 -12.3620417),1826469870,0.0007109507226191779
1832653075,1,,,POINT (-76.7941979 -12.3628376),1826469884,0.00149261867200219
1832653076,4,,,POINT (-76.79439979999999 -12.3629812),1826469884,0.0012449761644395593
1832653078,1,,,POINT (-76.7936603 -12.3633196),1826469884,0.0018115763798467108
1832653079,4,,,POINT (-76.7948818 -12.3632978),1826469884,0.0006683028430334489
1832653080,3,,,POINT (-76.7937713 -12.3634097),1826469884,0.0016866424784181054
1832653082,3,,,POINT (-76.7939307 -12.3635391),1826469884,0.0015128271315653639
1832653083,3,,,POINT (-76.79403859999999 -12.3636264),1826469884,0.0014000271318910216
1832653086,3,,,POINT (-76.7925547 -12.3637122),1826469922,0.002227730201346582
1832653087,4,,,POINT (-76.7943897 -12.3639006),1826469884,0.0010737300312536177
1832653089,3,,,POINT (-76.7930568 -12.3641268),1826469922,0.0015773722769154052
1832653090,3,,,POINT (-76.7933288 -12.3643272),1826469922,0.0012395224967678324
1832653091,3,,,POINT (-76.7949098 -12.3643211),1826469884,0.0008397279797674777
1832653093,3,,,POINT (-76.7933737 -12.3643585),1826469922,0.001184803190400235
1832653096,4,,,POINT (-76.7937934 -12.3646597),1826469922,0.00066824756639669
1832653107,4,,,POINT (-76.7944742 -12.3649869),1826469922,0.00016090969517331977
1832653110,4,,,POINT (-76.79269619999999 -12.3651121),1832653114,0.0012560047810513556
1832653111,3,,,POINT (-76.79489649999999 -12.3652146),1826469922,0.0005878161362183931
1832653112,1,,,POINT (-76.7924955 -12.3654236),1832653114,0.0012697873247174672
1832653113,4,,,POINT (-76.7931542 -12.3654874),1832653114,0.0006638860293781073
1832653114,3,,,POINT (-76.79367070000001 -12.3659045),1832653114,0.0
1832653115,1,,,POINT (-76.79283599999999 -12.3658552),1832653114,0.0008361546388206702
1832653117,3,,,POINT (-76.7868203 -12.3704114),472561534,0.0062909326256196845
1832653118,3,,,POINT (-76.7872282 -12.3708403),472561566,0.006272640880843481
1832653119,4,,,POINT (-76.7878813 -12.3708824),472561566,0.006702997836787182
1832653120,3,,,POINT (-76.7860362 -12.3711457),472561534,0.005220112221019884
1832653121,3,,,POINT (-76.7875506 -12.3711797),472561566,0.006258394600856872
1832653124,3,,,POINT (-76.7864144 -12.3715555),472561566,0.005196640801517951
1832653125,3,,,POINT (-76.78674049999999 -12.3719082),472561566,0.005169184837086173
1832653126,3,,,POINT (-76.7863608 -12.3722496),472561566,0.004658744862083643
1832653128,4,,,POINT (-76.7869924 -12.3730299),472561556,0.0046014124972627605
4216770953,3,,,POINT (-76.78449740000001 -12.3756142),472561556,0.0011888520597620816
4216770955,3,,,POINT (-76.7848564 -12.3758591),472561556,0.0015327420689622876
4216770960,3,,,POINT (-76.7820031 -12.3774304),1826470137,0.00036481502162090217
4216770962,3,,,POINT (-76.78240599999999 -12.377561),6453470975,0.0006849122352528521
4216770965,3,,,POINT (-76.7829034 -12.3778511),6453470975,0.0012337984357263293
4216770967,3,,,POINT (-76.78346089999999 -12.3781934),6453470975,0.0018791581200097887
4216770968,3,,,POINT (-76.782416 -12.3781955),1826470137,0.0012247281575944648
4216770969,3,,,POINT (-76.78199360000001 -12.3782367),1826470137,0.0011642730006327304
4216770972,4,,,POINT (-76.7839381 -12.3786562),6453470975,0.0025420849789137756
4216770974,4,,,POINT (-76.78344989999999 -12.378657),6453470975,0.0021942693544767895
4216770975,4,,,POINT (-76.7829144 -12.3786264),1826470137,0.0018417244229264804
4216770976,3,,,POINT (-76.7824229 -12.3786272),1826470137,0.0016312470444440534
4216770978,3,,,POINT (-76.7843499 -12.3787073),6453470975,0.0028975573247134417
4216770979,3,,,POINT (-76.7820195 -12.378952),1826470137,0.0018799041890482004
4216770980,3,,,POINT (-76.7848377 -12.3789951),6453470975,0.0034618227352085766
4216770981,3,,,POINT (-76.7824325 -12.379238),1826470137,0.0022227009605451284
4216770982,3,,,POINT (-76.78531340000001 -12.3792663),495284663,0.003965963152883173
4216770983,3,,,POINT (-76.7839487 -12.3792971),6453470975,0.003004792114274249
4216770984,4,,,POINT (-76.7843567 -12.3792827),6453470975,0.0032735712074177382
4216770985,3,,,POINT (-76.7848406 -12.3793229),6453470975,0.0036622267133535925
4216771989,3,,,POINT (-76.7834628 -12.3796493),1826470137,0.0030002673514218136
4216771990,3,,,POINT (-76.783958 -12.3796634),1826470137,0.0032931968799360086
4216771992,3,,,POINT (-76.78531649999999 -12.3797758),6453470975,0.004317588461165713
4216771993,3,,,POINT (-76.78484469999999 -12.3797782),6453470975,0.003968864270794891
4216771994,1,,,POINT (-76.7834653 -12.3798402),1826470137,0.0031668241504748704
4216771995,1,,,POINT (-76.7839759 -12.3801812),1826470137,0.003723897839634972
4216771996,1,,,POINT (-76.7843692 -12.3803537),1826470137,0.0040913124666832135
4216771997,3,,,POINT (-76.78485329999999 -12.3807524),1826470137,0.004702744037262693
4216771998,3,,,POINT (-76.7853223 -12.380757),6453470975,0.005007739170529025
4216772000,1,,,POINT (-76.7848546 -12.3808962),1826470137,0.004816828517817247
4893099862,1,,,POINT (-76.7978526 -12.3576522),1832653054,0.0019196342177589265
4975930805,3,,,POINT (-76.80278509999999 -12.3563461),6450979556,0.0004263009734924354
4975930806,3,,,POINT (-76.8030447 -12.3568102),6450979556,0.00011059950271299214
4975930808,3,,,POINT (-76.8013048 -12.3573038),6450979556,0.0018162528513387584
4975930814,3,,,POINT (-76.8011137 -12.357924),6450979556,0.0022628739889746477
4975930819,3,,,POINT (-76.79647199999999 -12.3606525),1832653060,0.0010578789959157717
4985365244,3,,,POINT (-76.7811892 -12.3737863),472563105,0.0003402732137557916
5008416139,3,,,POINT (-76.80319470000001 -12.3575295),6450979556,0.0008453249316117553
5008423216,3,,,POINT (-76.79440580000001 -12.3649756),1826469922,0.0001121028991694323
5009613442,3,,,POINT (-76.79821370000001 -12.3604136),1832653054,0.001648620817533358
5009613447,3,,,POINT (-76.7972292 -12.3605238),1832653054,0.001206397749500151
5009613453,4,,,POINT (-76.79534529999999 -12.3636135),1826469884,0.00010768625725701709
5009613474,4,,,POINT (-76.79482609999999 -12.364265),1826469884,0.0008546768395194182
5009613475,4,,,POINT (-76.79423869999999 -12.364999),1826469922,0.00010867497412081774
5466459848,3,,,POINT (-76.7894014 -12.3753649),472561556,0.00609305483070335
5466498388,1,,,POINT (-76.7996618 -12.3579731),1832653054,0.0030365125423680076
5487341359,1,,,POINT (-76.7975837 -12.3573816),1832653054,0.0020654423739240205
5489570531,3,,,POINT (-76.7977131 -12.3599561),1832653054,0.0009713071862129672
5557758307,3,,,POINT (-76.8102191 -12.3491349),6450979541,0.0011228489346264774
6300369874,3,,,POINT (-76.7932891 -12.367082),1832653114,0.0012377902932283837
6396947641,3,,,POINT (-76.7972662 -12.3574776),1832653054,0.0018971150861236351
6396947642,3,,,POINT (-76.79734980000001 -12.3573266),1832653054,0.002060594033282835
6396947648,1,,,POINT (-76.795829 -12.3571594),1832653054,0.0024621127045708954
6396947659,3,,,POINT (-76.79720039999999 -12.3574199),1832653054,0.001944658597285224
6396948402,3,,,POINT (-76.7973765 -12.3574055),1832653054,0.001988702795792815
6396948404,1,,,POINT (-76.7975814 -12.3572873),1832653054,0.0021547874930017115
6419452309,3,,,POINT (-76.7962809 -12.3624361),1826469870,0.000116989999569307
6419452311,4,,,POINT (-76.7935638 -12.3658291),1832653114,0.0001308157865138899
6419452322,4,,,POINT (-76.78828970000001 -12.3712929),472561556,0.006711337288499167
6419452323,4,,,POINT (-76.78672690000001 -12.3726544),472561556,0.004639333030726135
6419454254,3,,,POINT (-76.7987031 -12.3584823),1832653054,0.0019512488641840998
6419454255,3,,,POINT (-76.7989086 -12.3587108),1832653054,0.0020552963119716684
6450979535,3,,,POINT (-76.81352750000001 -12.3472798),6450979535,0.0
6450979538,3,,,POINT (-76.812141 -12.3486817),6450979538,0.0
6450979539,3,,,POINT (-76.81185480000001 -12.3489794),6450979539,0.0
6450979540,3,,,POINT (-76.8115667 -12.349285),6450979540,0.0
6450979541,3,,,POINT (-76.81123289999999 -12.3496176),6450979541,0.0
6450979542,3,,,POINT (-76.8105291 -12.3503188),6450979542,0.0
6450979543,4,,,POINT (-76.8096649 -12.3512314),6450979543,0.0
6450979554,3,,,POINT (-76.8044924 -12.3557535),7059096560,0.0011247629528011664
6450979556,4,,,POINT (-76.8030187 -12.3567027),6450979556,0.0
6450999524,4,H,motorway_junction,POINT (-76.794641 -12.3647751),1826469922,0.00042056177905710774
6450999526,3,,,POINT (-76.7954165 -12.3662601),1826469922,0.001620340569144405
6450999532,4,,,POINT (-76.79303090000001 -12.3668282),1832653114,0.001123639501799747
6450999542,4,,,POINT (-76.7868666 -12.3728002),472561556,0.004647056920236961
6450999544,3,,,POINT (-76.7915205 -12.3688585),1832653114,0.0036536934792092348
6450999546,3,,,POINT (-76.7907656 -12.369521),1832653114,0.00463882293907078
6450999547,3,,,POINT (-76.7900236 -12.3702015),1832653114,0.00563609327549465
6450999548,3,,,POINT (-76.78921029999999 -12.3709379),1832653114,0.006725346364323782
6450999549,3,,,POINT (-76.7884712 -12.3716547),472561556,0.006613691393613853
6450999550,3,,,POINT (-76.7877324 -12.3723359),472561556,0.0056113406749106875
6450999551,3,,,POINT (-76.7863272 -12.3736025),472561556,0.003725823523728827
6450999554,3,,,POINT (-76.7832926 -12.3759735),495284663,0.00010262187875742893
6450999558,3,,,POINT (-76.7834385 -12.3755669),472561556,0.00026696434218524787
6450999559,3,,,POINT (-76.7833711 -12.3759035),472561556,0.00010599339601691685
6450999560,4,,,POINT (-76.78197849999999 -12.3771448),1826470137,8.98000000002058e-05
6450999575,4,,,POINT (-76.7867475 -12.3740333),472561556,0.0038558467293165035
6453470974,4,,,POINT (-76.7820668 -12.3770715),6453470975,9.038418003135016e-05
6453470975,3,,,POINT (-76.78200409999999 -12.3770064),6453470975,0.0
6455608452,3,,,POINT (-76.811201 -12.34766),6450979538,0.0013883338539420213
6455608470,3,,,POINT (-76.80841289999999 -12.3515324),6450979543,0.001287674260059698
6455608471,3,,,POINT (-76.80806130000001 -12.3521798),6450979543,0.0018630607934222124
6455629524,3,,,POINT (-76.8111296 -12.3533254),6450979543,0.0025554220962489328
6534557189,3,,,POINT (-76.8130323 -12.3478072),6450979535,0.0007234457823516274
6595546832,3,,,POINT (-76.7929809 -12.3667744),1832653114,0.001110202706719509
6595546839,3,,,POINT (-76.7917478 -12.3687022),1832653114,0.003394800391782118
7059096552,4,,,POINT (-76.81192249999999 -12.3528881),7059096557,0.0027943948629272197
7059096553,4,,,POINT (-76.810096 -12.3509347),7059096557,0.0001293778961011905
7059096554,4,,,POINT (-76.80975239999999 -12.3512942),6450979543,0.00010770371395023823
7059096556,3,,,POINT (-76.8104178 -12.3488706),6450979541,0.0011056206447040446
7059096557,3,,,POINT (-76.81005020000001 -12.3508137),7059096557,0.0
7059096558,3,,,POINT (-76.8043431 -12.3559675),7059096560,0.0008900995506059718
7059096560,3,,,POINT (-76.8035411 -12.3563536),7059096560,0.0
7059096562,3,,,POINT (-76.8027561 -12.3570011),6450979556,0.00039749379869336086
7059096563,3,,,POINT (-76.80197389999999 -12.3575148),6450979556,0.0013232964331573026
7059096564,3,,,POINT (-76.8021933 -12.3577629),6450979556,0.001343617951650323
7059096565,4,,,POINT (-76.8020415 -12.3575342),6450979556,0.001283086937814056
7059096566,3,,,POINT (-76.8010232 -12.3581281),6450979556,0.0024523020633623726
7059096568,3,,,POINT (-76.7988931 -12.3600173),1832653054,0.0020501814870867168
7059096570,3,,,POINT (-76.79137110000001 -12.3685101),1832653114,0.003475242656276946
7059096571,3,,,POINT (-76.7914693 -12.3685992),1832653114,0.003479593374235534
7059096572,3,,,POINT (-76.7883623 -12.3713662),472561556,0.00671652300300933
7059096573,3,,,POINT (-76.78758190000001 -12.3720352),472561556,0.005688737853865499
7059096574,3,,,POINT (-76.7871267 -12.3715609),472561566,0.005688432983698027
7059096575,4,,,POINT (-76.7875181 -12.371965),472561556,0.005688342100291121
7059096576,4,,,POINT (-76.7868059 -12.3727404),472561556,0.00464027546272692
7060566728,3,,,POINT (-76.80103219999999 -12.3577919),6450979556,0.002265510734912978
7060566729,4,,,POINT (-76.8029219 -12.3565551),6450979556,0.00017651062290670463
7060566730,3,,,POINT (-76.8034834 -12.356192),7059096560,0.00017159210354786902
7060566733,3,,,POINT (-76.8014969 -12.3574877),6450979556,0.0017123376536116175
7060566742,3,,,POINT (-76.7972484 -12.3613672),1826469870,0.0014391258596826335
7060566748,3,,,POINT (-76.79458820000001 -12.364733),1826469922,0.0004152215071591559
7060566752,3,,,POINT (-76.79466739999999 -12.364806),1826469922,0.00042126079808214384
7060566753,3,,,POINT (-76.79451589999999 -12.3649906),1826469922,0.00019786927502716075
7061191614,3,,,POINT (-76.7891485 -12.3706709),1832653114,0.006570301499939698
7061191615,4,,,POINT (-76.7890755 -12.3705969),1832653114,0.006567684584396407
7061237050,3,,,POINT (-76.78058350000001 -12.3782876),1826470137,0.0018067346235587085
7066550081,3,,,POINT (-76.7975132 -12.3577411),1832653054,0.0017020697106737684
7066555460,3,,,POINT (-76.8091964 -12.3482582),6450979541,0.0024485302959026847
7066555464,3,,,POINT (-76.8094298 -12.3488703),6450979542,0.0018184093983438852
7066555465,3,,,POINT (-76.81006360000001 -12.3493418),6450979542,0.0010822288343931782
7066555466,4,,,POINT (-76.8098968 -12.3493839),6450979542,0.0011286457814530342
7066595398,4,,,POINT (-76.8067875 -12.3538426),6450979543,0.0038855882694925374
7066595402,3,,,POINT (-76.8068791 -12.3539234),6450979543,0.003873957361663595
7066595403,3,,,POINT (-76.8069658 -12.3540321),6450979543,0.0038896094019842745
7066595405,3,,,POINT (-76.8074325 -12.3535828),6450979543,0.003242328132682947
7066595410,3,,,POINT (-76.8073804 -12.3535265),6450979543,0.0032382748895061634
7313773262,3,,,POINT (-76.7839369 -12.3785071),6453470975,0.0024470014977561096
7313773263,3,,,POINT (-76.7839491 -12.3783166),6453470975,0.0023451330537992317
7722436550,3,,,POINT (-76.75191409999999 -12.3515041),472563105,0.03712480995682586
7773399499,3,,,POINT (-76.8133713 -12.3522134),6450979541,0.0033631729363844775
8096996363,3,,,POINT (-76.7899666 -12.3761416),472561556,0.006650457224876616
8096996364,3,,,POINT (-76.7885146 -12.3787264),472561556,0.00595419563164748
8124761645,1,,,POINT (-76.77934620000001 -12.3719956),472561535,0.0029069993670456356
8124761658,1,,,POINT (-76.7792362 -12.3727842),472563105,0.002516191242732621
8124761664,1,,,POINT (-76.7788312 -12.372758),472563105,0.002885890131313118
8124761679,3,,,POINT (-76.77996039999999 -12.3730908),472563105,0.0017381776692909972
8124761680,3,,,POINT (-76.78011859999999 -12.3732663),472563105,0.0015110850207772446
8124761682,3,,,POINT (-76.7802635 -12.3734839),472563105,0.00128030014058925
8210255882,3,,,POINT (-76.77296010000001 -12.3705721),472563105,0.009140144458919133
8214866553,1,,,POINT (-76.7896191 -12.3748592),472561556,0.0063657505425417
8220407995,3,,,POINT (-76.7877173 -12.3798691),472561556,0.0059822059877548866
8220407996,1,,,POINT (-76.78777959999999 -12.3793191),472561556,0.005672180590380597
8230418294,1,,,POINT (-76.79769589999999 -12.3668621),1826469922,0.003818949070097436
8941708517,3,,,POINT (-76.7861127 -12.3747051),472561556,0.0029985178805512513
8941708520,3,,,POINT (-76.7876057 -12.3765776),472561556,0.004349769641021171
8941708569,3,,,POINT (-76.78560400000001 -12.374279),472561556,0.0027449733587049277
9144168530,3,,,POINT (-76.792883 -12.3717184),1832653114,0.005867018365406991
9144168531,3,,,POINT (-76.79233139999999 -12.3712935),1832653114,0.005552931252054454
9200448562,3,,,POINT (-76.7928369 -12.3639495),1826469922,0.001859581393752319
