osmid,street_count,highway,geometry,NN,NN_dist
306532942,3,,POINT (-77.1298297 -11.8552263),1768569856,0.0014396646310817758
306532947,3,,POINT (-77.12880869999999 -11.8520731),306532947,0.0
306532954,3,,POINT (-77.12653450000001 -11.8499332),6023368552,0.0011311938693280457
306533000,3,,POINT (-77.1176701 -11.8444339),5057188612,0.003447228480967127
1617053872,4,traffic_signals,POINT (-77.1152697 -11.8419567),1617053872,0.0
1759542491,3,,POINT (-77.1151097 -11.8417837),1759542491,0.0
1759542528,3,,POINT (-77.1145805 -11.8422908),1759542491,0.000732941368734775
1759542550,3,,POINT (-77.1144843 -11.8425064),1759542491,0.0009557303228440756
1759542591,4,,POINT (-77.1144395 -11.8430621),1617053872,0.0013824403061215315
1759542628,3,,POINT (-77.1144218 -11.8435272),1617053872,0.001784770198090845
1759542745,3,,POINT (-77.1144029 -11.8449207),1617053872,0.003088144789349586
1759542811,4,,POINT (-77.1143924 -11.8462435),1617053872,0.004375649612342272
1767758083,3,,POINT (-77.12768579999999 -11.8510176),1767758103,0.0009051841470103288
1767758085,3,,POINT (-77.1280216 -11.8514555),1767758103,0.0004258758621945983
1767758093,3,,POINT (-77.1218083 -11.8517513),1767758093,0.0
1767758096,4,,POINT (-77.1232406 -11.8517783),1768569603,0.0010132838200709226
1767758100,3,,POINT (-77.1251367 -11.8518135),1767758100,0.0
1767758101,3,,POINT (-77.1262224 -11.8518382),1768569617,0.0008156121136988496
1767758103,3,,POINT (-77.12796729999999 -11.8518779),1767758103,0.0
1767758104,3,,POINT (-77.1278978 -11.8518763),1767758103,6.951841482161825e-05
1767758108,4,,POINT (-77.1282927 -11.8518956),1767758108,0.0
1767758126,3,,POINT (-77.1289555 -11.8534699),1767758134,0.0005894219626117121
1767758129,3,,POINT (-77.12176580000001 -11.8535759),1767758129,0.0
1767758130,3,,POINT (-77.12175209999999 -11.8536657),1767758130,0.0
1767758131,4,,POINT (-77.12301650000001 -11.8536862),1767758131,0.0
1767758132,4,,POINT (-77.1251003 -11.8537331),1767758132,0.0
1767758133,3,,POINT (-77.12686890000001 -11.8537699),1768569775,0.0011655533363996299
1767758134,4,,POINT (-77.12846949999999 -11.8538034),1767758134,0.0
1767758135,4,,POINT (-77.1285754 -11.8538055),1767758134,0.00010592081949154539
1767758136,4,,POINT (-77.12894729999999 -11.8538118),1767758134,0.0004778738327203266
1767758138,3,,POINT (-77.12961610000001 -11.8538232),1767758134,0.001146770944883518
1767758139,4,,POINT (-77.1207986 -11.8539101),1767758149,0.0003914208987749448
1767758141,4,,POINT (-77.1207035 -11.8539312),1767758149,0.00041142622667379595
1767758146,3,,POINT (-77.12155439999999 -11.854095),1767758146,0.0
1767758147,3,,POINT (-77.1289386 -11.854169),1767758134,0.000594742103775793
1767758149,4,,POINT (-77.12091599999999 -11.8542835),1767758149,0.0
1767758150,4,,POINT (-77.1207988 -11.8543177),1767758149,0.0001220880010399314
1767758151,3,,POINT (-77.1289305 -11.8545039),1768569856,0.0006037555879581569
1767758153,3,,POINT (-77.12854729999999 -11.854802),1768569856,0.00012040066443956538
1767758154,4,,POINT (-77.128923 -11.8548145),1768569856,0.000485741515617584
1767758155,3,,POINT (-77.1297836 -11.8548431),1768569856,0.0013447474781434162
1767758156,3,,POINT (-77.12891519999999 -11.8551352),1768569856,0.0005529107794103659
1767758157,3,,POINT (-77.129254 -11.8551624),1768569856,0.000871350681410308
1767758158,3,,POINT (-77.12956869999999 -11.8552073),1768569856,0.001183632734411239
1767758159,4,,POINT (-77.12128610000001 -11.85557),1767758159,0.0
1767758160,4,,POINT (-77.125055 -11.8556663),1767758160,0.0
1767758161,4,,POINT (-77.1284132 -11.8557366),1767758161,0.0
1767758162,4,,POINT (-77.12852100000001 -11.855737),1767758161,0.00010780074212167701
1767758163,4,,POINT (-77.1289003 -11.8557474),1767758161,0.0004872197142982114
1767758164,3,,POINT (-77.12923139999999 -11.8557559),1767758161,0.0008184275960622102
1767758165,4,,POINT (-77.1295561 -11.8557623),1767758161,0.001143188917026099
1767758169,3,,POINT (-77.1213087 -11.8561662),1767758159,0.0005966281924282376
1767758171,3,,POINT (-77.1284971 -11.8565847),1768569998,0.00011232675549987309
1767758172,4,,POINT (-77.1288799 -11.8565923),1768569998,0.0004924401486499244
1767758173,3,,POINT (-77.1292085 -11.8565989),1768569998,0.0008207833940870897
1767758174,4,,POINT (-77.1295313 -11.8566034),1768569998,0.0011435226670227611
1767758176,4,,POINT (-77.11862069999999 -11.856886),1767758159,0.0029725768551986395
1767758177,3,,POINT (-77.1183029 -11.8569507),1767758159,0.0032872199089834706
1767758179,3,,POINT (-77.1295308 -11.8569444),1768569998,0.0011907440698981824
1767758186,4,,POINT (-77.1218101 -11.8575013),1767758159,0.0020011236068755455
1767758187,3,,POINT (-77.12311099999999 -11.8575335),1767758190,0.001901065556481793
1767758190,4,,POINT (-77.12501140000001 -11.8575838),1767758190,0.0
1767758192,4,,POINT (-77.1284679 -11.857622),1767758198,0.0001133229456052158
1767758193,3,,POINT (-77.1288546 -11.8576341),1767758198,0.000497194338257938
1767758195,3,,POINT (-77.12919309999999 -11.8576418),1767758198,0.000835523003866194
1767758196,3,,POINT (-77.1295192 -11.8576479),1767758198,0.0011616000043076123
1767758198,4,,POINT (-77.1283576 -11.857648),1767758198,0.0
1767758199,3,,POINT (-77.1208489 -11.8576959),1767758159,0.0021703904372263887
1767758201,3,,POINT (-77.12177130000001 -11.8578166),1767758159,0.00229839739818801
1767758202,3,,POINT (-77.12015529999999 -11.8578848),1767758159,0.0025762390572366726
1767758205,3,,POINT (-77.1188956 -11.8579898),1767758159,0.0034014588473213854
1767758207,4,,POINT (-77.12093230000001 -11.8580885),1767758159,0.0025432295787038736
1767758219,3,,POINT (-77.1220143 -11.8583802),1767758159,0.0029030155493883734
1767758222,3,,POINT (-77.1272549 -11.8584616),1768570077,0.000846816892840131
1767758223,3,,POINT (-77.12557870000001 -11.8584838),1768570120,0.0006094955947430338
1767758228,3,,POINT (-77.1275823 -11.8585737),1767758258,0.0007551174743109862
1767758239,3,,POINT (-77.1206614 -11.8586402),1767758159,0.0031331099773232608
1767758244,3,,POINT (-77.12843890000001 -11.8586486),1767758258,0.00012226810704242508
1767758246,3,,POINT (-77.1289007 -11.8586499),1767758258,0.0005756215770755936
1767758248,3,,POINT (-77.12757999999999 -11.8586795),1767758258,0.0007473314994153789
1767758250,3,,POINT (-77.1292582 -11.8586556),1767758258,0.0009320694501903604
1767758253,3,,POINT (-77.1279081 -11.8586877),1767758258,0.00041912904934713474
1767758255,3,,POINT (-77.12961869999999 -11.8586649),1767758258,0.0012920266251002582
1767758258,3,,POINT (-77.12832710000001 -11.8586981),1767758258,0.0
1767758260,3,,POINT (-77.1259154 -11.8587078),1768570120,0.0009317872557622135
1767758268,1,,POINT (-77.12014739999999 -11.858804),1767758159,0.0034286139604835834
1767758272,3,,POINT (-77.12692610000001 -11.8587347),1768570075,0.0011231413268116938
1767758274,3,,POINT (-77.12144410000001 -11.8587763),1767758159,0.0032101906002607538
1767758276,3,,POINT (-77.1215969 -11.8588372),1767758159,0.0032819494938214734
1767758280,3,,POINT (-77.1225373 -11.8588222),1768570120,0.0024571599296663344
1767758286,3,,POINT (-77.1216455 -11.8588605),1767758159,0.003310069275709709
1767758288,3,,POINT (-77.1207481 -11.8589513),1767758159,0.003423833186649224
1767758290,3,,POINT (-77.1210999 -11.8590416),1767758159,0.003476589852138927
1767758292,3,,POINT (-77.1219621 -11.8590187),1767758354,0.003004544093525401
1767758300,4,,POINT (-77.121264 -11.8591176),1767758159,0.003547668836009753
1767758304,3,,POINT (-77.12842550000001 -11.859124),1767758258,0.00043711940016380343
1767758306,4,,POINT (-77.12889370000001 -11.8591303),1767758258,0.0007126236033134441
1767758307,4,,POINT (-77.12925 -11.8591371),1767758258,0.0010219909050403627
1767758309,4,,POINT (-77.1296026 -11.859142),306533363,0.001251592972979011
1767758313,3,,POINT (-77.1222539 -11.8591512),1767758354,0.002689402182632505
1767758315,3,,POINT (-77.12995530000001 -11.8591468),306533363,0.0010884157753361795
1767758316,4,,POINT (-77.1214586 -11.8592355),1767758354,0.003453968476981304
1767758317,3,,POINT (-77.12237330000001 -11.8592038),1767758354,0.0025611910393286727
1767758318,3,,POINT (-77.1272276 -11.859238),1767758342,0.0011251529496056753
1767758319,3,,POINT (-77.1233867 -11.8592216),1767758354,0.0015827917424569272
1767758320,3,,POINT (-77.1269137 -11.8592287),1767758380,0.0013165844370962303
1767758321,3,,POINT (-77.1208355 -11.859262),1767758159,0.003719395698228494
1767758322,3,,POINT (-77.12260240000001 -11.8593092),1767758354,0.0023149930561341225
1767758325,1,,POINT (-77.1204089 -11.8593898),1767758159,0.003919228480200217
1767758326,4,,POINT (-77.1217453 -11.8593955),1767758354,0.003147932389674139
1767758327,3,,POINT (-77.1208828 -11.85943),1767758159,0.0038810115807606234
1767758328,4,,POINT (-77.1242343 -11.8594633),1767758354,0.0007073603678432363
1767758330,4,,POINT (-77.1249511 -11.8595057),1767758330,0.0
1767758333,1,,POINT (-77.1221276 -11.8594373),1767758354,0.002763380900269437
1767758334,3,,POINT (-77.12527609999999 -11.859516),1767758334,0.0
1767758335,3,,POINT (-77.1255489 -11.8595182),1767758334,0.0002728088708282552
1767758336,3,,POINT (-77.1258964 -11.8595235),1767758334,0.0006203453393155294
1767758337,3,,POINT (-77.1269059 -11.8595388),1767758380,0.0010237628680502982
1767758338,3,,POINT (-77.127561 -11.8595487),1767758342,0.0007410117745356732
1767758339,3,,POINT (-77.1278993 -11.8595617),1767758342,0.00040247009827280796
1767758341,4,,POINT (-77.1284127 -11.85958),1767758342,0.00011129586694729119
1767758342,4,,POINT (-77.1283016 -11.8595734),1767758342,0.0
1767758343,4,,POINT (-77.1288859 -11.8595876),1767758342,0.0005844725228783813
1767758344,4,,POINT (-77.12923170000001 -11.859594),1767758342,0.0009303280980435568
1767758345,3,,POINT (-77.1207888 -11.8596141),1767758159,0.004074561583778615
1767758346,4,,POINT (-77.1295901 -11.859602),306533363,0.0009184439122812071
1767758347,3,,POINT (-77.12993299999999 -11.8596099),306533363,0.0006789654483170382
1767758351,3,,POINT (-77.1233766 -11.8596496),1767758357,0.0014977791826503949
1767758352,1,,POINT (-77.12052370000001 -11.8596914),1767758159,0.004191323385281172
1767758354,4,,POINT (-77.12487059999999 -11.8597723),1767758354,0.0
1767758355,1,,POINT (-77.1220781 -11.8600544),1767758357,0.002786554799387075
1767758358,3,,POINT (-77.1262698 -11.8599561),1767758380,0.000570537860267695
1767758359,3,,POINT (-77.1265234 -11.8599621),1767758380,0.0005168575142135822
1767758360,4,,POINT (-77.1268745 -11.8599703),1767758380,0.0006315580891722387
1767758361,3,,POINT (-77.127212 -11.8599781),1767758380,0.0008706887216453974
1767758362,1,,POINT (-77.12061439999999 -11.8599733),1767758357,0.004245311089896628
1767758363,3,,POINT (-77.1282891 -11.8600032),1767758363,0.0
1767758364,1,,POINT (-77.1210864 -11.8599849),1767758357,0.003773817220002079
1767758366,3,,POINT (-77.1265248 -11.8600633),1767758380,0.00041587638788424076
1767758367,1,,POINT (-77.1208216 -11.860024),1767758357,0.004039820872260869
1767758368,1,,POINT (-77.1213872 -11.8601045),1767758357,0.0034792608884575043
1767758371,3,,POINT (-77.1225869 -11.8601591),1767758357,0.0022901021680187083
1767758372,3,,POINT (-77.1233642 -11.8601742),1767758357,0.0015252916442400147
1767758374,3,,POINT (-77.12839169999999 -11.8603236),1767758363,0.00033642669334931396
1767758375,4,,POINT (-77.12886659999999 -11.8603293),1767758363,0.0006632099667454458
1767758377,4,,POINT (-77.1292208 -11.8603314),1767758363,0.0009878158380950467
1767758378,4,,POINT (-77.1295764 -11.8603451),306533363,0.000748887201121138
1767758380,4,,POINT (-77.1264994 -11.8604784),1767758380,0.0
1767758382,3,,POINT (-77.12257990000001 -11.8605455),1767758357,0.0023771494567966524
1767758383,3,,POINT (-77.1233553 -11.8605525),1767758357,0.0016517032723773221
1767758386,3,,POINT (-77.1268547 -11.8606362),1767758380,0.0003887659064228672
1767758388,3,,POINT (-77.1283796 -11.860754),1767758403,0.0005186881625816522
1767758389,4,,POINT (-77.12886210000001 -11.8607645),1767758403,0.0007835483456768767
1767758390,4,,POINT (-77.1292091 -11.8607728),1767758403,0.0010720284791007316
1767758392,3,,POINT (-77.1271952 -11.8607918),1767758380,0.0007631233190011433
1767758394,1,,POINT (-77.1223693 -11.8608591),1767758357,0.0026792339390126966
1767758398,3,,POINT (-77.1210701 -11.8612226),1767758357,0.004023269805764056
1767758399,3,,POINT (-77.1214356 -11.8612279),1767758357,0.003683127998043026
1767758400,3,,POINT (-77.12183090000001 -11.8612337),1767758357,0.003321361025231019
1767758401,3,,POINT (-77.12219589999999 -11.8612391),1767758357,0.0029948906390717222
1767758402,4,,POINT (-77.12256720000001 -11.8612445),1767758357,0.002672994637095848
1767758403,4,,POINT (-77.1282526 -11.8612569),1767758403,0.0
1767758404,3,,POINT (-77.1229379 -11.86125),1767758357,0.002366177738461164
1767758405,3,,POINT (-77.12333870000001 -11.8612559),1767758357,0.0020582297490720058
1767758406,3,,POINT (-77.12836419999999 -11.8613013),1767758403,0.0001201079514400944
1767758412,1,,POINT (-77.12000140000001 -11.8614216),1767758357,0.005099484624927663
1767758414,4,,POINT (-77.128244 -11.861337),1767758414,0.0
1767758417,3,,POINT (-77.1206832 -11.8614986),1767758357,0.004482388167029725
1767758421,4,,POINT (-77.1225558 -11.8618715),1767758357,0.0030523401596096685
1767758423,4,,POINT (-77.1229317 -11.8618793),1767758357,0.0027853734291822447
1767758425,3,,POINT (-77.12332379999999 -11.8618833),1767758357,0.002533226679553291
1767758426,4,,POINT (-77.1221827 -11.8619038),1767758357,0.003362241289673922
1767758428,3,,POINT (-77.1210592 -11.8619196),1767758357,0.004317847134848196
1767758429,3,,POINT (-77.1214385 -11.8619305),1767758357,0.003993801109216657
1767758430,3,,POINT (-77.1218198 -11.8619415),1767758357,0.0036787663217415813
1767758433,3,,POINT (-77.12192109999999 -11.8625596),1767758357,0.003984158446899485
1767758434,3,,POINT (-77.12216960000001 -11.8625598),1767758357,0.003804800841033516
1767758435,3,,POINT (-77.1222815 -11.8625599),1767758357,0.003726636019250299
1767758436,3,,POINT (-77.1225433 -11.86256),1767758357,0.0035507222997517933
1767758437,3,,POINT (-77.1226352 -11.8625601),1767758357,0.0034915752218660067
1767758439,3,,POINT (-77.1229249 -11.8625603),1767758357,0.0033148119856144047
1767758440,3,,POINT (-77.12330780000001 -11.8625606),1767758357,0.0031073352249092524
1767758449,1,,POINT (-77.1214908 -11.8632464),1767758357,0.00477029010857096
1767758450,3,,POINT (-77.1218909 -11.863463),1767758357,0.004661707765398618
1767758451,3,,POINT (-77.12226250000001 -11.8635076),1767758357,0.00447066447521423
1767758452,3,,POINT (-77.1226248 -11.8638131),1767758357,0.004533691768303614
1768569025,3,,POINT (-77.11635010000001 -11.8430651),1617053871,0.0015473136527561764
1768569026,3,,POINT (-77.1159473 -11.843448),1617053872,0.0016380224204824135
1768569028,3,,POINT (-77.11538830000001 -11.8434495),1617053872,0.0014975038564224163
1768569031,3,,POINT (-77.1144108 -11.8437135),1617053872,0.0019555192277223264
1768569032,4,,POINT (-77.11565469999999 -11.8437274),1617053872,0.0018120716017847856
1768569033,3,,POINT (-77.1150817 -11.843735),1617053872,0.0017882099680957787
1768569037,3,,POINT (-77.11725079999999 -11.8439848),5057188612,0.0028332745189926316
1768569038,3,,POINT (-77.1159294 -11.844014),1617053872,0.0021604831357812182
1768569039,3,,POINT (-77.1147398 -11.8440413),1617053872,0.0021508954344652267
1768569040,3,,POINT (-77.1144085 -11.8442632),1617053872,0.0024620332430742467
1768569041,3,,POINT (-77.1141499 -11.8442709),1617053872,0.002570889667020028
1768569042,3,,POINT (-77.1156374 -11.8443008),1617053872,0.0023727638104099613
1768569043,1,,POINT (-77.11373450000001 -11.8442942),1617053872,0.002796559545222197
1768569050,4,,POINT (-77.1150324 -11.8443381),1617053872,0.002393193943246815
1768569051,3,,POINT (-77.1168601 -11.8443985),1617053872,0.002914062353483797
1768569054,3,,POINT (-77.1147976 -11.8445584),1617053872,0.0026441863209679846
1768569056,3,,POINT (-77.1153048 -11.8446128),1617053872,0.0026563319107365123
1768569057,3,,POINT (-77.1159504 -11.8446362),1617053872,0.0027646107754982887
1768569059,4,,POINT (-77.1165695 -11.8446818),1617053872,0.003019213482016673
1768569062,3,,POINT (-77.1150592 -11.8448429),1617053872,0.0028938660456198657
1768569064,4,,POINT (-77.1162619 -11.8449698),1617053872,0.0031722598333033362
1768569083,4,,POINT (-77.11696329999999 -11.8450929),1617053872,0.003564271510417763
1768569088,3,,POINT (-77.11538090000001 -11.8451888),1617053872,0.0032340123453693157
1768569094,4,,POINT (-77.11440109999999 -11.8453004),1617053872,0.0034546773583066983
1768569096,3,,POINT (-77.11413659999999 -11.8452978),1617053872,0.0035280114540644494
1768569098,4,,POINT (-77.1147943 -11.8452981),1617053872,0.003375049498896202
1768569099,1,,POINT (-77.1138765 -11.8452978),1617053872,0.003619938597543875
1768569104,3,,POINT (-77.116651 -11.8453868),1617053872,0.0036977798339016925
1768569106,3,,POINT (-77.115793 -11.8453839),1617053872,0.0034669212177364387
1768569107,4,,POINT (-77.1172689 -11.845416),1617053872,0.0039954420443796415
1768569121,3,,POINT (-77.1156864 -11.8454859),1617053872,0.0035537151728853825
1768569132,3,,POINT (-77.1147886 -11.8456594),1617053872,0.0037338243799086897
1768569135,3,,POINT (-77.1154954 -11.8456654),1617053872,0.0037155613546263075
1768569136,3,,POINT (-77.1169529 -11.8457102),1617053872,0.0041136266833532095
1768569139,4,,POINT (-77.1175923 -11.8457545),1617053872,0.0044517137823529285
1768569147,4,,POINT (-77.1178996 -11.8460687),1617053872,0.004881077545993888
1768569163,5,,POINT (-77.1164977 -11.8461361),1617053872,0.004356072584334833
1768569168,4,,POINT (-77.11598050000001 -11.8461673),1617053872,0.004270174352412184
1768569172,4,,POINT (-77.1147776 -11.8462519),1617053872,0.004323297983021649
1768569174,3,,POINT (-77.1154136 -11.8462605),1617053872,0.0043062050171803826
1768569178,3,,POINT (-77.11822050000001 -11.8464065),1617053872,0.005339282787045804
1768569181,4,,POINT (-77.11682260000001 -11.8464828),1617053872,0.0047850893011540645
1768569183,3,,POINT (-77.11842559999999 -11.8466178),1617053864,0.005598477859204334
1768569188,3,,POINT (-77.11477069999999 -11.8466979),1617053872,0.004767386961428956
1768569203,4,,POINT (-77.115403 -11.8467049),1617053872,0.00475007074999933
1768569215,4,,POINT (-77.11712799999999 -11.8468087),1617053872,0.005195688875402164
1768569216,3,,POINT (-77.1159332 -11.8468231),1617053872,0.004911423542110179
1768569218,4,,POINT (-77.1163696 -11.8469098),1617053872,0.005073753996795454
1768569223,3,,POINT (-77.1137581 -11.8470263),1617053872,0.005290158666806653
1768569225,3,,POINT (-77.1168957 -11.8470304),1617053872,0.005327880224816682
1768569227,3,,POINT (-77.11429819999999 -11.8470879),1617053872,0.0052223582498717065
1768569244,4,,POINT (-77.11539519999999 -11.8471333),1617053872,0.005178121069459935
1768569246,3,,POINT (-77.11476089999999 -11.8471169),1617053872,0.0051852233780227686
1768569248,3,,POINT (-77.11487339999999 -11.847123),1617053872,0.0051814775286586736
1768569250,3,,POINT (-77.11861260000001 -11.8471281),1767758093,0.005620184759413371
1768569259,4,,POINT (-77.1141554 -11.8472926),1617053872,0.005451008466328027
1768569262,3,,POINT (-77.118084 -11.8473212),1767758093,0.005787589869714094
1768569264,4,,POINT (-77.11350760000001 -11.8473754),1617053872,0.0056980089592747795
1768569265,3,,POINT (-77.1187243 -11.8474328),1767758093,0.005306646610620342
1768569282,4,,POINT (-77.1145499 -11.8475581),1617053872,0.005647459074663187
1768569286,3,,POINT (-77.1172701 -11.8475795),1617053872,0.005968038203630486
1768569292,3,,POINT (-77.1181828 -11.8476498),1767758093,0.005474171398485315
1768569294,4,,POINT (-77.1139056 -11.8476531),1617053872,0.005857451815423356
1768569296,1,,POINT (-77.1179209 -11.8476587),1767758093,0.005644577355300516
1768569299,3,,POINT (-77.1132566 -11.8477378),1617053872,0.006121575681145985
1768569301,3,,POINT (-77.11884670000001 -11.8477667),1767758093,0.0049646864674376245
1768569306,3,,POINT (-77.11714360000001 -11.8478851),1767758093,0.006058624310017445
1768569317,4,,POINT (-77.11829040000001 -11.8479733),1767758093,0.005162257685348863
1768569321,4,,POINT (-77.11366769999999 -11.848007),1617053872,0.006258796536876572
1768569339,4,,POINT (-77.1170759 -11.8482197),1767758093,0.005904896977928825
1768569341,3,,POINT (-77.119055 -11.8482823),1767758093,0.004428839790506925
1768569348,3,,POINT (-77.1178005 -11.8483283),1767758093,0.005270615698376293
1768569354,3,,POINT (-77.118471 -11.8484703),1767758093,0.0046800141335240665
1768569360,4,,POINT (-77.11698509999999 -11.8485623),1767758093,0.0057821258409035715
1768569362,3,,POINT (-77.1191755 -11.8486098),1767758093,0.004098860584357912
1768569366,3,,POINT (-77.117749 -11.8486569),1767758093,0.005104236265099398
1768569368,3,,POINT (-77.1188198 -11.8487396),1767758093,0.004242813823396534
1768569371,3,,POINT (-77.1198442 -11.8487916),1767758093,0.0035521138636000773
1768569372,3,,POINT (-77.1185887 -11.8488254),1767758093,0.004350484452329237
1768569373,4,,POINT (-77.1168935 -11.8488861),1767758093,0.005688992009130363
1768569374,1,,POINT (-77.1183022 -11.848934),1767758093,0.004497767946434176
1768569377,3,,POINT (-77.1201738 -11.8489329),1767758093,0.0032580621249426087
1768569380,3,,POINT (-77.11766849999999 -11.849021),1767758093,0.004959080774703519
1768569384,3,,POINT (-77.12057780000001 -11.8491073),1767758093,0.002916310382997487
1768569387,3,,POINT (-77.1189512 -11.8491422),1767758093,0.003869163116231197
1768569395,4,,POINT (-77.1168936 -11.8492185),1767758093,0.005528955772115505
1768569396,3,,POINT (-77.11941349999999 -11.8492755),1767758093,0.003444510513850555
1768569397,3,,POINT (-77.11841699999999 -11.8492913),1767758093,0.004189572256212325
1768569398,3,,POINT (-77.1198363 -11.849268),1767758093,0.003171050754872732
1768569401,3,,POINT (-77.1176226 -11.84936),1767758093,0.004820622385122425
1768569404,4,,POINT (-77.11782150000001 -11.8493826),1767758093,0.004637382228147859
1768569408,3,,POINT (-77.1215071 -11.849446),1767758093,0.0023248934448692683
1768569411,3,,POINT (-77.1194807 -11.8495),1767758093,0.003238220722866399
1768569413,3,,POINT (-77.12049089999999 -11.8495582),1767758093,0.0025583647843907555
1768569414,3,,POINT (-77.1168826 -11.8495439),1767758093,0.005397697217333486
1768569415,3,,POINT (-77.11739710000001 -11.8496049),1767758093,0.0049056822563166135
1768569417,3,,POINT (-77.1190708 -11.8495802),1767758093,0.0034939349535977747
1768569422,3,,POINT (-77.12082580000001 -11.8496682),1767758093,0.0023031743008259248
1768569428,3,,POINT (-77.1185222 -11.8497169),1767758093,0.0038648721285415126
1768569434,3,,POINT (-77.1213671 -11.8498584),1767758093,0.0019436377877568444
1768569436,3,,POINT (-77.1257828 -11.8498571),6023368552,0.001134465905172609
1768569440,3,,POINT (-77.1251034 -11.8498205),6023368552,0.0015292096161058874
1768569441,3,,POINT (-77.1247736 -11.8498772),6023368552,0.0018255550005401321
1768569442,1,,POINT (-77.1175989 -11.8499919),1767758093,0.004562295115394061
1768569443,3,,POINT (-77.1254532 -11.8497946),6023368552,0.0012623163866479906
1768569445,3,,POINT (-77.12444170000001 -11.8499366),1767758100,0.0020014441311198734
1768569448,3,,POINT (-77.1261224 -11.8499641),6023368552,0.0011407334000532513
1768569449,3,,POINT (-77.1190959 -11.8499979),1767758093,0.003229787194222279
1768569450,1,,POINT (-77.1177319 -11.8501381),1767758093,0.004383999452556793
1768569453,3,,POINT (-77.1170597 -11.8500413),1767758093,0.005047108277022581
1768569454,3,,POINT (-77.1179317 -11.8502141),1767758093,0.004170253157781205
1768569455,3,,POINT (-77.11968539999999 -11.8501437),1767758093,0.0026629085921251088
1768569456,3,,POINT (-77.12657799999999 -11.8501453),6023368552,0.001347611386860779
1768569457,3,,POINT (-77.1185722 -11.8501502),1767758093,0.0036105213501611715
1768569460,4,,POINT (-77.12224759999999 -11.8501679),1768569603,0.001591226954270303
1768569462,3,,POINT (-77.1225778 -11.8501832),1768569603,0.001614266313222177
1768569463,4,,POINT (-77.1229246 -11.8501979),1768569603,0.0017096729570344183
1768569464,4,,POINT (-77.11739729999999 -11.8502847),1767758093,0.004648423018620639
1768569465,4,,POINT (-77.12326229999999 -11.8502165),1768569603,0.0018574491352380494
1768569466,4,,POINT (-77.1236281 -11.8502065),1768569603,0.0020909176478348373
1768569467,4,,POINT (-77.1240806 -11.8502066),1767758100,0.0019228819048503077
1768569470,3,,POINT (-77.1198054 -11.8502984),1767758093,0.0024743740258852693
1768569471,3,,POINT (-77.1197252 -11.8502875),1767758093,0.002545980371088959
1768569472,4,,POINT (-77.1201409 -11.850329),1767758093,0.0021916112908102704
1768569473,4,,POINT (-77.12047800000001 -11.8503226),1767758093,0.0019521479913109036
1768569474,3,,POINT (-77.1208256 -11.8503076),1767758093,0.0017464160386309185
1768569475,5,,POINT (-77.1179935 -11.8503201),1767758093,0.004074436461648072
1768569476,4,,POINT (-77.11917200000001 -11.8502964),1767758093,0.003011114693922932
1768569477,3,,POINT (-77.12158290000001 -11.8503241),1767758093,0.0014448892691124777
1768569478,3,,POINT (-77.12192349999999 -11.8503407),1767758093,0.001415296223410001
1768569479,4,,POINT (-77.11753659999999 -11.8503951),1767758093,0.004481818752474623
1768569480,4,,POINT (-77.1222461 -11.8503547),1768569603,0.00140442317340516
1768569484,3,,POINT (-77.1225771 -11.8503603),1768569603,0.001441728771303022
1768569485,3,,POINT (-77.126942 -11.8502985),6023368552,0.0016116773777654257
1768569486,3,,POINT (-77.1168576 -11.8502662),1767758093,0.005168650936167893
1768569491,4,,POINT (-77.1177083 -11.8505286),1767758093,0.0042784337426153675
1768569492,3,,POINT (-77.1236196 -11.8504422),1768569603,0.001916221451192419
1768569493,3,,POINT (-77.1232603 -11.8504416),1768569603,0.0016739828553506613
1768569494,3,,POINT (-77.12408139999999 -11.8504466),1767758100,0.001726868176790376
1768569496,3,,POINT (-77.12477869999999 -11.8504491),1767758100,0.001410585467103588
1768569497,4,,POINT (-77.1244344 -11.8504438),1767758100,0.0015392541635479496
1768569498,4,,POINT (-77.1186962 -11.8504961),1767758093,0.0033556956730268054
1768569500,3,,POINT (-77.1152037 -11.8504334),1767758093,0.006734805236236446
1768569501,4,,POINT (-77.1172041 -11.8505633),1767758093,0.004754997543640598
1768569502,3,,POINT (-77.11779439999999 -11.8506039),1767758093,0.0041746760317458035
1768569505,4,,POINT (-77.12046890000001 -11.850645),1767758093,0.0017372081193623783
1768569506,3,,POINT (-77.1180586 -11.8506302),1767758093,0.003913708637597193
1768569508,4,,POINT (-77.12012900000001 -11.8506522),1767758093,0.0020070050572861724
1768569509,3,,POINT (-77.1198093 -11.8506318),1767758093,0.002291130997998767
1768569510,3,,POINT (-77.1215698 -11.8506538),1767758093,0.0011231155327916633
1768569512,3,,POINT (-77.1192843 -11.8507175),1767758093,0.002727511400520585
1768569513,4,,POINT (-77.1173453 -11.8506727),1767758093,0.004591486356291389
1768569514,3,,POINT (-77.12658260000001 -11.8507225),1768569617,0.0016079999284908351
1768569515,3,,POINT (-77.1260987 -11.8507293),1768569617,0.0012912021452928936
1768569517,3,,POINT (-77.12576369999999 -11.8507338),1768569617,0.0011428895528434874
1768569518,3,,POINT (-77.1269337 -11.8507288),1767758103,0.0015455613122737195
1768569519,3,,POINT (-77.12741939999999 -11.8507159),1767758103,0.0012846938973929047
1768569520,3,,POINT (-77.1148469 -11.8506309),1767758093,0.007050984762423037
1768569522,4,,POINT (-77.1171959 -11.8508479),1767758093,0.0047000388636683705
1768569523,3,,POINT (-77.1163403 -11.8507744),1767758093,0.005554579876995784
1768569524,3,,POINT (-77.118797 -11.8508554),1767758093,0.003141745454358521
1768569528,4,,POINT (-77.1174908 -11.8507817),1767758093,0.004425034509468944
1768569529,3,,POINT (-77.1275818 -11.8508837),1767758103,0.0010663226012764535
1768569530,4,,POINT (-77.1156191 -11.8508496),1767758093,0.006254539114109847
1768569532,3,,POINT (-77.1147155 -11.850802),1767758149,0.0071110507310727005
1768569534,4,,POINT (-77.11988580000001 -11.8509179),1767758093,0.0020953667483208046
1768569536,3,,POINT (-77.12012439999999 -11.8509821),1767758093,0.0018512665529339574
1768569537,4,,POINT (-77.1173162 -11.8509987),1767758093,0.004554708461574514
1768569538,4,,POINT (-77.1204582 -11.8509856),1767758093,0.0015521167803972365
1768569539,3,,POINT (-77.1181838 -11.850976),1767758093,0.00370649299743128
1768569540,3,,POINT (-77.1214556 -11.8509973),1767758093,0.0008324141337076478
1768569541,3,,POINT (-77.1215691 -11.8509978),1767758093,0.0007905560637918667
1768569542,3,,POINT (-77.1219048 -11.8510009),1767758093,0.0007565794142049225
1768569543,4,,POINT (-77.122249 -11.8510027),1768569603,0.0007566055379117073
1768569544,3,,POINT (-77.1225683 -11.851008),1768569603,0.0008247094276176068
1768569545,3,,POINT (-77.1229027 -11.8510115),1768569603,0.0010072990072483375
1768569546,4,,POINT (-77.1232461 -11.8510057),1768569603,0.0012668886494153883
1768569547,3,,POINT (-77.12361079999999 -11.8510024),1768569603,0.0015766935180941007
1768569548,3,,POINT (-77.1194799 -11.8510427),1767758093,0.0024338365844857133
1768569549,3,,POINT (-77.1240761 -11.8510176),1767758100,0.001326020048869944
1768569550,4,,POINT (-77.1244184 -11.8510245),1767758100,0.0010669938565921525
1768569551,3,,POINT (-77.11938050000001 -11.851069),1767758093,0.0025218537090724294
1768569552,3,,POINT (-77.12476479999999 -11.8510323),1767758100,0.0008652069405663631
1768569553,3,,POINT (-77.12508870000001 -11.8510421),1767758100,0.0007728919458751861
1768569554,4,,POINT (-77.1169605 -11.8510742),1767758093,0.004894857428969199
1768569555,4,,POINT (-77.1254215 -11.8510521),1768569617,0.0007676369584644586
1768569556,3,,POINT (-77.1257552 -11.8510534),1768569617,0.0008416089828447336
1768569557,4,,POINT (-77.1265834 -11.8510797),1768569617,0.0013897370146954942
1768569558,4,,POINT (-77.1165743 -11.851136),1767758093,0.005270042702864519
1768569559,3,,POINT (-77.1269228 -11.8510881),1767758103,0.0013094900877756387
1768569561,3,,POINT (-77.12726360000001 -11.8510997),1767758103,0.0010491848883691906
1768569563,3,,POINT (-77.1175834 -11.8508544),1767758093,0.004319051935318193
1768569564,4,,POINT (-77.1153965 -11.8510981),1767758149,0.006372727313317313
1768569565,3,,POINT (-77.11889789999999 -11.8512084),1767758093,0.0029606027376239104
1768569566,4,,POINT (-77.1160658 -11.8511383),1767758093,0.005775125561402192
1768569567,3,,POINT (-77.11451649999999 -11.8511132),1767758149,0.0071417366473428955
1768569569,4,,POINT (-77.1152689 -11.8512463),1767758149,0.006412045091067872
1768569570,3,,POINT (-77.12000500000001 -11.8513243),1767758093,0.0018531648307612435
1768569571,4,,POINT (-77.1182026 -11.8513662),1767758093,0.003626206626760162
1768569572,3,,POINT (-77.12045430000001 -11.8513317),1767758093,0.001417526070299656
1768569573,3,,POINT (-77.12077909999999 -11.8513375),1767758093,0.001109271418549387
1768569574,4,,POINT (-77.1214463 -11.8513441),1767758093,0.0005448447852338652
1768569575,3,,POINT (-77.117683 -11.8513439),1767758093,0.0041453678787275895
1768569576,4,,POINT (-77.1164272 -11.851457),1767758149,0.005304566682577149
1768569578,4,,POINT (-77.1222365 -11.8513749),1768569603,0.0003842054268225928
1768569579,4,,POINT (-77.1232428 -11.8513773),1768569603,0.001084679206038435
1768569580,3,,POINT (-77.1195728 -11.8514318),1767758093,0.002258216220823243
1768569581,4,,POINT (-77.1244142 -11.8513965),1767758100,0.0008342033624920395
1768569582,4,,POINT (-77.1254167 -11.8514129),1768569617,0.0004068156585001732
1768569583,4,,POINT (-77.1265789 -11.8514319),1768569617,0.0012343665987085365
1768569584,4,,POINT (-77.1158253 -11.8514218),1767758149,0.0058399103914322445
1768569585,4,,POINT (-77.1272542 -11.8514429),1767758103,0.0008353062971136474
1768569588,4,,POINT (-77.11504960000001 -11.8515281),1767758149,0.006481271335151599
1768569589,4,,POINT (-77.118998 -11.8516041),1767758093,0.0028141524354521256
1768569590,4,,POINT (-77.11570399999999 -11.8515748),1767758149,0.00587384028468593
1768569591,3,,POINT (-77.1173758 -11.851667),1767758149,0.004402168589447125
1768569593,4,,POINT (-77.1200908 -11.8516636),1767758093,0.0017197376369647937
1768569596,4,,POINT (-77.1183882 -11.8517477),1767758093,0.00342010189468051
1768569597,4,,POINT (-77.1207622 -11.8517112),1767758093,0.0010468682916166727
1768569599,4,,POINT (-77.12143810000001 -11.8517354),1767758093,0.0003705412932372954
1768569600,4,,POINT (-77.1196692 -11.8517699),1767758093,0.0021391808642499607
1768569602,3,,POINT (-77.1162133 -11.851734),1767758149,0.00534933056932866
1768569603,4,,POINT (-77.12222749999999 -11.851759),1768569603,0.0
1768569605,3,,POINT (-77.12256410000001 -11.8517618),1768569603,0.00033661164568036156
1768569606,3,,POINT (-77.11683789999999 -11.8517579),1767758149,0.004796827594358605
1768569607,3,,POINT (-77.12288839999999 -11.8517717),1768569603,0.0006610220117361327
1768569608,3,,POINT (-77.1235705 -11.8517812),1768569603,0.0013431834722089037
1768569609,3,,POINT (-77.123902 -11.8517833),1767758100,0.0012350692814552537
1768569611,3,,POINT (-77.12423510000001 -11.8517914),1767758100,0.0009018708166833653
1768569612,3,,POINT (-77.12440429999999 -11.8517956),1767758100,0.0007326187071088139
1768569613,3,,POINT (-77.1245455 -11.851799),1767758100,0.0005913777895751525
1768569614,4,,POINT (-77.11826809999999 -11.8518145),1767758093,0.0035407640813846218
1768569616,3,,POINT (-77.1193244 -11.8518506),1767758093,0.002485884088208294
1768569617,3,,POINT (-77.125407 -11.8518196),1768569617,0.0
1768569618,3,,POINT (-77.1255623 -11.8518232),1768569617,0.00015534172009127968
1768569619,3,,POINT (-77.12589730000001 -11.8518308),1768569617,0.0004904279050070675
1768569620,4,,POINT (-77.1265691 -11.8518461),1768569617,0.0011624021077081938
1768569621,3,,POINT (-77.12690569999999 -11.8518537),1767758103,0.0010618757931131933
1768569622,4,,POINT (-77.11547760000001 -11.8518517),1767758149,0.0059573354614186015
1768569623,4,,POINT (-77.12724059999999 -11.8518614),1767758103,0.00072688729525413
1768569625,3,,POINT (-77.1275705 -11.8518689),1767758103,0.0003969020533987513
1768569626,3,,POINT (-77.1190924 -11.8519252),1767758093,0.0027214617432532355
1768569628,3,,POINT (-77.116095 -11.8518802),1767758149,0.005386825771261333
1768569629,3,,POINT (-77.1170705 -11.851904),1767758149,0.004522155514793502
1768569632,3,,POINT (-77.11691860000001 -11.8519392),1767758149,0.0046341071685822004
1768569633,4,,POINT (-77.1187972 -11.8519994),1767758093,0.0030213038278149047
1768569635,3,,POINT (-77.11711889999999 -11.8520471),1767758149,0.004406750885856357
1768569638,3,,POINT (-77.116806 -11.8521022),1767758149,0.004652974284259205
1768569643,4,,POINT (-77.1179643 -11.8521567),1767758149,0.0036381054313995545
1768569644,4,,POINT (-77.1186522 -11.8521774),1767758149,0.003091997356074202
1768569645,3,,POINT (-77.1152288 -11.8521653),1767758149,0.006068856159109867
1768569646,5,,POINT (-77.115854 -11.8521547),1767758149,0.0054914145208634175
1768569647,4,,POINT (-77.11696910000001 -11.8522173),1767758149,0.004455019870876778
1768569648,3,,POINT (-77.1192212 -11.8522727),1768569672,0.0026008385897580764
1768569649,3,,POINT (-77.11667610000001 -11.8522558),1767758149,0.004699821198715054
1768569650,3,,POINT (-77.12026 -11.8522604),1768569672,0.0015801677379235113
1768569651,3,,POINT (-77.1174415 -11.8523057),1767758149,0.003997979876133232
1768569652,3,,POINT (-77.11982810000001 -11.8523746),1768569672,0.0019858709650803124
1768569653,3,,POINT (-77.1168373 -11.8523883),1767758149,0.0044975078354516215
1768569654,4,,POINT (-77.119483 -11.8524575),1767758149,0.0023211559620098386
1768569655,3,,POINT (-77.11730249999999 -11.8524668),1767758149,0.004044475385015705
1768569656,3,,POINT (-77.1156067 -11.8524524),1767758149,0.005616190319061835
1768569657,3,,POINT (-77.119039 -11.8524665),1767758149,0.0026123969836093558
1768569658,4,,POINT (-77.11837559999999 -11.8524793),1767758149,0.003115889888940207
1768569659,4,,POINT (-77.11769080000001 -11.8525068),1767758149,0.0036821974322301648
1768569660,3,,POINT (-77.11902430000001 -11.8525544),1767758149,0.00256287254851806
1768569661,4,,POINT (-77.120338 -11.8525922),1768569672,0.0014610569461761752
1768569662,4,,POINT (-77.1164074 -11.8525953),1767758149,0.004814300904590567
1768569663,4,,POINT (-77.120739 -11.8525928),1768569672,0.0010601388022260674
1768569664,3,,POINT (-77.1232222 -11.8525991),1767758131,0.001106390030683931
1768569665,3,,POINT (-77.1236717 -11.8526164),2866930431,0.00107900313252452
1768569666,3,,POINT (-77.12356370000001 -11.8526106),2866930431,0.0010904234957107954
1768569668,3,,POINT (-77.12389469999999 -11.8526217),1768569755,0.001095223945136651
1768569669,3,,POINT (-77.12405339999999 -11.852627),1768569755,0.0010797409179983707
1768569670,4,,POINT (-77.1214188 -11.8526133),1768569672,0.00038005222008886724
1768569671,3,,POINT (-77.1242163 -11.8526325),1768569710,0.0009330121167446881
1768569672,4,,POINT (-77.12179879999999 -11.8526196),1768569672,0.0
1768569673,4,,POINT (-77.1171543 -11.8526468),1767758149,0.004102337599464903
1768569674,3,,POINT (-77.12222269999999 -11.8526308),1768569672,0.0004240479336125225
1768569676,3,,POINT (-77.12254950000001 -11.8526275),1768569672,0.0007507415667309609
1768569677,3,,POINT (-77.12655700000001 -11.8526691),1768569617,0.0014297378256244093
1768569678,3,,POINT (-77.126895 -11.8526798),1767758103,0.0013389812918706782
1768569679,3,,POINT (-77.1270336 -11.8526835),1767758103,0.00123320195020168
1768569680,3,,POINT (-77.12721500000001 -11.8526884),1767758103,0.0011058325099135766
1768569681,3,,POINT (-77.1275498 -11.8527055),1767758103,0.0009269455269860587
1768569682,3,,POINT (-77.12738899999999 -11.8526983),1767758103,0.0010037365441197153
1768569683,3,,POINT (-77.12512599999999 -11.8526916),1768569710,0.00016545080839951376
1768569684,3,,POINT (-77.1255498 -11.8527047),1768569710,0.00045419566268796127
1768569685,3,,POINT (-77.12571199999999 -11.8527097),1768569710,0.0006082066260704532
1768569686,3,,POINT (-77.1258749 -11.8527147),1768569710,0.0007663277954013945
1768569687,3,,POINT (-77.1243715 -11.8527318),1768569710,0.0007607727650235458
1768569688,3,,POINT (-77.1242225 -11.8527296),1768569710,0.000908378291236675
1768569689,3,,POINT (-77.12404410000001 -11.852727),1768569755,0.0009797000051038538
1768569690,3,,POINT (-77.12454270000001 -11.8527342),1768569710,0.0005920747250038357
1768569691,3,,POINT (-77.12286709999999 -11.8527536),1768569753,0.0009426434373614124
1768569693,3,,POINT (-77.1225487 -11.8527487),1768569672,0.0007609315475148216
1768569694,3,,POINT (-77.1223753 -11.852746),1768569672,0.000590194213805291
1768569695,3,,POINT (-77.12738899999999 -11.8528039),1767758103,0.0010917448832032562
1768569696,3,,POINT (-77.1275504 -11.8528056),1767758103,0.00101707074483157
1768569697,3,,POINT (-77.1257097 -11.8528093),1768569710,0.0005897322528115052
1768569698,3,,POINT (-77.11875120000001 -11.8527946),1767758149,0.0026273907684146243
1768569699,3,,POINT (-77.1277145 -11.8528075),1767758103,0.0009633607839231343
1768569700,3,,POINT (-77.1278825 -11.8528093),1767758103,0.0009352523723576699
1768569701,3,,POINT (-77.1258749 -11.8528176),1768569710,0.0007540300789787601
1768569702,4,,POINT (-77.1180829 -11.8528317),1767758149,0.0031834225057224357
1768569703,3,,POINT (-77.12604899999999 -11.8528265),1768569710,0.0009276015631708493
1768569704,3,,POINT (-77.1169807 -11.8528521),1767758149,0.004187540095325447
1768569705,3,,POINT (-77.1262103 -11.8528347),1768569710,0.0010886284260485395
1768569706,3,,POINT (-77.1174207 -11.8528409),1767758149,0.003781298302167951
1768569707,3,,POINT (-77.1243679 -11.8528399),1768569710,0.0007541938809092235
1768569708,3,,POINT (-77.1245423 -11.8528441),1768569710,0.0005797435381216698
1768569709,3,,POINT (-77.1246988 -11.8528479),1768569710,0.000423197849702885
1768569710,3,,POINT (-77.1251219 -11.852857),1768569710,0.0
1768569711,3,,POINT (-77.123023 -11.8528621),1767758131,0.0008241256336271951
1768569713,3,,POINT (-77.11911120000001 -11.8528878),1767758149,0.0022815086083457763
1768569714,3,,POINT (-77.1228626 -11.8528622),1768569753,0.0008351892001235409
1768569715,3,,POINT (-77.1227061 -11.8528623),1768569753,0.0008181752990651024
1768569716,3,,POINT (-77.1161748 -11.8528726),1767758149,0.0049466772938994525
1768569717,3,,POINT (-77.12770810000001 -11.8529253),1768569775,0.0009280778092350243
1768569718,3,,POINT (-77.12788209999999 -11.8529293),1768569775,0.0008781722040705973
1768569719,3,,POINT (-77.1204343 -11.8529218),1768569672,0.0013975639842181463
1768569720,3,,POINT (-77.12803150000001 -11.8529326),1768569775,0.000861604230489569
1768569721,3,,POINT (-77.1260462 -11.8529293),1768569710,0.0009271233898544895
1768569722,3,,POINT (-77.1284945 -11.852943),2866680485,0.0007851688480849836
1768569723,3,,POINT (-77.1262103 -11.8529327),1768569710,0.0010910293534094053
1768569724,3,,POINT (-77.1175203 -11.8529197),1767758149,0.0036593344927720165
1768569725,3,,POINT (-77.1263682 -11.8529359),1768569710,0.0012487949791752779
1768569726,3,,POINT (-77.1265429 -11.8529395),1768569710,0.0014233928656634863
1768569727,3,,POINT (-77.1267036 -11.8529428),1768569775,0.00157967665045979
1768569728,3,,POINT (-77.12702729999999 -11.8529494),1768569775,0.001314357124229798
1768569729,3,,POINT (-77.1168869 -11.8529685),1767758149,0.004238262829270266
1768569730,3,,POINT (-77.1199153 -11.8530564),1767758149,0.0015834061070938161
1768569731,3,,POINT (-77.117363 -11.8531318),1767758149,0.0037349995836645574
1768569732,3,,POINT (-77.11677589999999 -11.8531178),1767758149,0.004301079457532183
1768569733,3,,POINT (-77.11954350000001 -11.8531511),1767758149,0.0017793498840773
1768569734,3,,POINT (-77.1184489 -11.8531512),1767758149,0.0027145323169839165
1768569735,3,,POINT (-77.1178173 -11.8531497),1767758149,0.0032996127242406535
1768569736,4,,POINT (-77.1192085 -11.853229),1767758149,0.0020068698263663166
1768569737,3,,POINT (-77.1172672 -11.8532533),1767758149,0.003791444774746156
1768569738,3,,POINT (-77.11664260000001 -11.8532814),1767758149,0.004389322495545013
1768569739,3,,POINT (-77.1188593 -11.8533206),1767758149,0.002270945023550089
1768569740,3,,POINT (-77.1185469 -11.8534086),1767758149,0.0025254870460920194
1768569741,3,,POINT (-77.117132 -11.8534091),1767758149,0.0038837136042669234
1768569742,4,,POINT (-77.1181957 -11.8534516),1767758149,0.002844659856636788
1768569745,3,,POINT (-77.1214007 -11.8535578),1767758129,0.0003655483825809739
1768569747,3,,POINT (-77.11701069999999 -11.8535748),1767758149,0.003969083493704159
1768569748,3,,POINT (-77.1177311 -11.8536316),1767758149,0.003250932423160956
1768569751,3,,POINT (-77.1175416 -11.8536801),1767758149,0.003427924579098643
1768569752,3,,POINT (-77.1223646 -11.8536798),1768569752,0.0
1768569753,3,,POINT (-77.12269499999999 -11.8536804),1768569753,0.0
1768569754,3,,POINT (-77.1236285 -11.853694),2866930431,4.58213923932817e-05
1768569755,3,,POINT (-77.124044 -11.8537067),1768569755,0.0
1768569756,3,,POINT (-77.1243604 -11.8537127),1768569756,0.0
1768569757,3,,POINT (-77.12468440000001 -11.8537188),1768569757,0.0
1768569759,3,,POINT (-77.1255239 -11.8537419),1767758132,0.000423691397132522
1768569760,3,,POINT (-77.1256886 -11.8537454),1767758132,0.000588428568311127
1768569761,3,,POINT (-77.1258536 -11.8537488),1767758132,0.0007534635890335256
1768569762,3,,POINT (-77.12602390000001 -11.8537523),1767758132,0.0009237995453632766
1768569763,3,,POINT (-77.1172143 -11.8537527),1767758149,0.0037395630132345233
1768569764,3,,POINT (-77.1261753 -11.8537555),1767758132,0.0010752333514174358
1768569765,3,,POINT (-77.1263551 -11.8537592),1767758132,0.0012550714123090087
1768569766,3,,POINT (-77.1265322 -11.8537629),1767758132,0.0014322100579175262
1768569767,3,,POINT (-77.126677 -11.853766),1768569775,0.0013574929392091962
1768569768,3,,POINT (-77.12701199999999 -11.8537729),1768569775,0.0010224218943357993
1768569769,3,,POINT (-77.1272005 -11.8537769),1768569775,0.0008338794757049247
1768569771,3,,POINT (-77.127351 -11.85378),1768569775,0.0006833475543209872
1768569772,3,,POINT (-77.1275131 -11.8537834),1768569775,0.0005212119050830359
1768569773,3,,POINT (-77.1276934 -11.8537871),1768569775,0.00034087395031365275
1768569774,3,,POINT (-77.12785390000001 -11.8537905),1768569775,0.0001803379605041553
1768569775,3,,POINT (-77.1280342 -11.8537942),1768569775,0.0
1768569779,3,,POINT (-77.12104859999999 -11.853851),1767758149,0.00045237043448821343
1768569781,4,,POINT (-77.11485070000001 -11.8539667),1767758149,0.006073567841875451
1768569782,1,,POINT (-77.1159557 -11.8538387),1767758149,0.004980203121352877
1768569783,3,,POINT (-77.1202169 -11.8540583),1767758149,0.0007344765823275765
1768569784,3,,POINT (-77.1198404 -11.8541624),1767758149,0.0010823957547887544
1768569786,3,,POINT (-77.1147265 -11.8541705),1767758149,0.006190531419020921
1768569789,1,,POINT (-77.1158695 -11.8541925),1767758149,0.005047320402938226
1768569791,4,,POINT (-77.1194703 -11.854268),1767758149,0.0014457830888391723
1768569793,3,,POINT (-77.11915980000001 -11.8543406),1767758149,0.0017571280118305337
1768569794,3,,POINT (-77.11580549999999 -11.8543772),1767758149,0.005111358913244807
1768569795,1,,POINT (-77.11422589999999 -11.8543027),1767758149,0.006690127551101095
1768569796,3,,POINT (-77.1143776 -11.8543908),1767758149,0.006539280377071752
1768569797,3,,POINT (-77.118844 -11.8544205),1767758149,0.0020765242594280187
1768569799,3,,POINT (-77.12020560000001 -11.8544723),1767758149,0.0007350602696266699
1768569800,3,,POINT (-77.11454929999999 -11.8544928),1767758149,0.0063701393532647295
1768569801,4,,POINT (-77.1185244 -11.8545082),1767758149,0.0024021325213192776
1768569802,3,,POINT (-77.11847 -11.8545229),1767758149,0.0024576876042248716
1768569803,3,,POINT (-77.115709 -11.8545758),1767758149,0.005215197818873765
1768569804,3,,POINT (-77.11987430000001 -11.8545625),1767758149,0.0010784154533270633
1768569806,1,,POINT (-77.1268571 -11.8545958),1768569914,0.0011191701434552085
1768569807,3,,POINT (-77.1273465 -11.8546068),1768569775,0.0010645421785926712
1768569808,3,,POINT (-77.1250756 -11.8546166),1767758132,0.0008838452013790186
1768569809,3,,POINT (-77.1275084 -11.8546056),1768569856,0.000963188294166186
1768569810,3,,POINT (-77.1271946 -11.8546078),1768569915,0.0011119786373848812
1768569811,3,,POINT (-77.11474800000001 -11.8546339),1767758149,0.006177944978700801
1768569813,3,,POINT (-77.1255065 -11.85463),1767758132,0.0009845953737458524
1768569814,3,,POINT (-77.1256735 -11.854631),1768569910,0.0010449857080371606
1768569815,3,,POINT (-77.12584579999999 -11.854636),1768569911,0.0010559217821430554
1768569817,4,,POINT (-77.1195748 -11.8546504),1767758149,0.001390479431706121
1768569821,1,,POINT (-77.1141418 -11.8546678),1767758149,0.006785091902836426
1768569823,3,,POINT (-77.123661 -11.8547402),2866930431,0.0010448846491367834
1768569825,3,,POINT (-77.1273389 -11.8547184),1768569915,0.0009954474873149737
1768569827,3,,POINT (-77.1275066 -11.8547233),1768569856,0.0009414725168609856
1768569828,3,,POINT (-77.1276945 -11.8547287),1768569856,0.0007549383087399143
1768569829,3,,POINT (-77.1259989 -11.8547475),1768569911,0.0009368074775532189
1768569830,3,,POINT (-77.1278461 -11.8547331),1768569856,0.0006050830769473711
1768569834,3,,POINT (-77.125845 -11.8547481),1768569911,0.0009448718537458754
1768569835,3,,POINT (-77.1261614 -11.8547469),1768569911,0.000955478236276953
1768569837,3,,POINT (-77.1256734 -11.8547488),1768569910,0.0009272071828893082
1768569842,4,,POINT (-77.11562790000001 -11.8547537),1767758149,0.005308963142635714
1768569846,3,,POINT (-77.1276869 -11.8548407),1768569856,0.0007521247835356073
1768569847,3,,POINT (-77.1278423 -11.8548436),1768569856,0.000596697745940331
1768569849,3,,POINT (-77.1280051 -11.8548465),1768569856,0.00043387192811818523
1768569850,3,,POINT (-77.1260027 -11.8548599),1768569911,0.0008245687660840329
1768569852,3,,POINT (-77.126159 -11.8548633),1768569911,0.0008410952978110222
1768569855,3,,POINT (-77.1263192 -11.8548668),1768569912,0.0008256380926284258
1768569856,3,,POINT (-77.12843890000001 -11.8548544),1768569856,0.0
1768569858,1,,POINT (-77.126639 -11.8548964),1768569913,0.0008041713499003757
1768569859,3,,POINT (-77.1177079 -11.854873),1767758149,0.0032618117450225583
1768569860,4,,POINT (-77.1145628 -11.8549314),1767758149,0.006386151004314271
1768569861,1,,POINT (-77.11610450000001 -11.8548525),1767758149,0.004845027683087787
1768569862,3,,POINT (-77.1186254 -11.854892),1767758149,0.0023700465417322574
1768569863,3,,POINT (-77.1196484 -11.8549217),1767758149,0.0014191930805846369
1768569864,3,,POINT (-77.11733599999999 -11.8549749),1767758149,0.003646153309996367
1768569865,3,,POINT (-77.1193174 -11.8550172),1767758149,0.0017589308258096016
1768569866,4,,POINT (-77.11700829999999 -11.8550341),1767758149,0.003979135540540621
1768569868,3,,POINT (-77.1154597 -11.8550474),1767758149,0.005509514760839655
1768569869,1,,POINT (-77.1139926 -11.8549016),1767758149,0.006950936280090251
1768569870,3,,POINT (-77.1167456 -11.8550916),1767758149,0.004247971488832978
1768569871,4,,POINT (-77.11438080000001 -11.8551783),1767758149,0.006596173593822436
1768569872,3,,POINT (-77.1164129 -11.8551691),1767758149,0.0045893569233547435
1768569873,4,,POINT (-77.11870500000001 -11.8551847),1767758149,0.0023876101943053987
1768569874,3,,POINT (-77.11621719999999 -11.8552182),1767758149,0.004790864799803822
1768569875,3,,POINT (-77.1160984 -11.8552458),1767758149,0.004912768165704473
1768569877,3,,POINT (-77.1210777 -11.8553168),1767758159,0.0003279341397323122
1768569879,3,,POINT (-77.11527599999999 -11.8553275),1767758149,0.0057358117123905445
1768569880,3,,POINT (-77.1201102 -11.8553524),1767758159,0.0011958639429369086
1768569881,3,,POINT (-77.11573540000001 -11.8553283),1767758149,0.0052849052403882175
1768569882,3,,POINT (-77.12045310000001 -11.8553639),1767758159,0.0008581178299045198
1768569883,3,,POINT (-77.1199539 -11.8553906),1767758159,0.0013442251299613753
1768569884,3,,POINT (-77.1203009 -11.8554077),1767758159,0.0009984790082943514
1768569887,3,,POINT (-77.1206514 -11.8554357),1767758159,0.0006487530963379859
1768569888,3,,POINT (-77.1197868 -11.8554315),1767758159,0.0015056834793602295
1768569889,5,,POINT (-77.1142021 -11.8554428),1767758149,0.006813253972950292
1768569890,3,,POINT (-77.1201354 -11.8554553),1767758159,0.001156402429963357
1768569891,3,,POINT (-77.1204833 -11.8554826),1767758159,0.0008075435591990703
1768569892,3,,POINT (-77.1195929 -11.8554802),1767758159,0.0016955796295126276
1768569893,3,,POINT (-77.1199886 -11.8554975),1767758159,0.0012995239513059098
1768569896,3,,POINT (-77.12033409999999 -11.8555243),1767758159,0.0009530962648249739
1768569898,3,,POINT (-77.1221384 -11.8556009),1767758159,0.0008528599533246586
1768569899,3,,POINT (-77.1224778 -11.8556085),1767758159,0.0011923217434830044
1768569900,3,,POINT (-77.12280699999999 -11.8556181),1767758159,0.0015216604154557369
1768569901,3,,POINT (-77.1150993 -11.8555919),1767758149,0.0059620390345893
1768569902,3,,POINT (-77.1231598 -11.8556198),1767758159,0.0018743616860049288
1768569903,3,,POINT (-77.11579709999999 -11.8556144),1767758149,0.005289086123329463
1768569904,3,,POINT (-77.1234839 -11.8556313),1767758160,0.0015714898058915266
1768569905,3,,POINT (-77.1237265 -11.8556345),1767758160,0.0013288805401535928
1768569906,1,,POINT (-77.11371800000001 -11.8556365),1767758149,0.007324057140672167
1768569907,3,,POINT (-77.1238192 -11.8556355),1767758160,0.0012361837565703926
1768569908,3,,POINT (-77.12414769999999 -11.8556326),1767758160,0.0009079256467440365
1768569909,3,,POINT (-77.12447090000001 -11.8556515),1767758160,0.0005842874720521445
1768569910,4,,POINT (-77.12565379999999 -11.8556758),1768569910,0.0
1768569911,4,,POINT (-77.1259749 -11.855684),1768569911,0.0
1768569912,4,,POINT (-77.1263041 -11.8556923),1768569912,0.0
1768569913,4,,POINT (-77.1266224 -11.8557004),1768569913,0.0
1768569914,4,,POINT (-77.12697060000001 -11.8557092),1768569914,0.0
1768569915,4,,POINT (-77.1273126 -11.8557135),1768569915,0.0
1768569916,4,,POINT (-77.127646 -11.8557222),1768569916,0.0
1768569917,4,,POINT (-77.1279792 -11.8557304),1768569917,0.0
1768569920,3,,POINT (-77.115013 -11.8558006),1767758149,0.006094833993627465
1768569921,4,,POINT (-77.1169166 -11.8558166),1767758149,0.004283175920971179
1768569924,3,,POINT (-77.11887350000001 -11.8558667),1767758159,0.0024307755243949793
1768569927,3,,POINT (-77.1194368 -11.8561383),1767758159,0.0019346512295533422
1768569928,3,,POINT (-77.11498779999999 -11.8559209),1767758149,0.0061501734934873995
1768569929,1,,POINT (-77.1183407 -11.8558962),1767758159,0.002963408105544871
1768569931,4,,POINT (-77.1165829 -11.8558744),1767758149,0.004615920105457973
1768569932,3,,POINT (-77.11870140000001 -11.8559052),1767758159,0.002606344783408291
1768569933,3,,POINT (-77.11906190000001 -11.8559233),1767758159,0.0022520849295714464
1768569934,4,,POINT (-77.1146177 -11.8559089),1767758149,0.006504652800109131
1768569936,3,,POINT (-77.1185491 -11.8559455),1767758159,0.002762638096106232
1768569938,3,,POINT (-77.1188969 -11.8559615),1767758159,0.0024210635865356007
1768569939,3,,POINT (-77.1162666 -11.8559505),1767758149,0.00493921141073356
1768569940,3,,POINT (-77.1183755 -11.8559896),1767758159,0.0029406898034372415
1768569943,3,,POINT (-77.1187292 -11.8559991),1767758159,0.0025926558622403756
1768569947,3,,POINT (-77.11501699999999 -11.8560769),1767758149,0.006165588743988258
1768569951,4,,POINT (-77.1177016 -11.8562385),1767758159,0.0036463039505801346
1768569954,3,,POINT (-77.12088489999999 -11.856274),1767758159,0.0008102946624602038
1768569958,1,,POINT (-77.1166901 -11.8563335),1767758159,0.004658985753365118
1768569959,3,,POINT (-77.12057249999999 -11.8563588),1767758159,0.001063687172065812
1768569962,3,,POINT (-77.12152740000001 -11.8564491),1767758159,0.000911615324575301
1768569964,3,,POINT (-77.1202535 -11.8564427),1767758159,0.0013519867048181042
1768569965,3,,POINT (-77.1236203 -11.8564608),1768570007,0.001431136080186964
1768569966,3,,POINT (-77.12379900000001 -11.8564662),1768570007,0.0012544288939576658
1768569967,3,,POINT (-77.12396219999999 -11.856471),1768570007,0.0010936664985360276
1768569968,3,,POINT (-77.1241256 -11.8564759),1768570007,0.0009335563507405763
1768569969,3,,POINT (-77.12212510000001 -11.8564694),1767758159,0.0012299761623698884
1768569970,3,,POINT (-77.11815559999999 -11.8565467),1767758159,0.0032793251043583063
1768569971,3,,POINT (-77.122291 -11.856475),1767758159,0.0013523494407863793
1768569972,3,,POINT (-77.12246020000001 -11.8564808),1767758159,0.0014859567456691775
1768569973,3,,POINT (-77.1259524 -11.8565018),1768569911,0.0008181094608914811
1768569974,3,,POINT (-77.117492 -11.8568092),1767758159,0.003991342061269365
1768569975,3,,POINT (-77.1159609 -11.8565364),1767758159,0.005412179228371366
1768569976,3,,POINT (-77.12613159999999 -11.8565077),1768569912,0.0008334467049562858
1768569977,3,,POINT (-77.12629200000001 -11.8565131),1768569912,0.0008208891825344675
1768569978,3,,POINT (-77.1266281 -11.8565119),1768569913,0.0008115200182366991
1768569980,3,,POINT (-77.1264686 -11.8565097),1768569913,0.0008237845167290155
1768569981,3,,POINT (-77.1199172 -11.8565317),1767758159,0.0016729477278165847
1768569983,3,,POINT (-77.124461 -11.8565895),1768570007,0.0005811033126802383
1768569984,3,,POINT (-77.1239605 -11.8565864),1768570007,0.0010763774988439292
1768569985,3,,POINT (-77.1241227 -11.8565874),1768570007,0.0009152480101069655
1768569986,3,,POINT (-77.1243044 -11.8565885),1768570007,0.0007353113218259148
1768569989,3,,POINT (-77.1227938 -11.8565969),1767758159,0.0018241937671120046
1768569990,3,,POINT (-77.1226202 -11.8565913),1767758159,0.0016801418094861342
1768569991,3,,POINT (-77.1224593 -11.8565862),1767758159,0.0015521149055379563
1768569992,3,,POINT (-77.1222897 -11.856581),1767758159,0.001424546931476855
1768569993,3,,POINT (-77.12563280000001 -11.856605),1768570007,0.0006112702266609242
1768569994,3,,POINT (-77.127623 -11.856598),1768569998,0.0007649037847980046
1768569995,3,,POINT (-77.1277905 -11.8566007),1768569998,0.0005973820385604124
1768569996,3,,POINT (-77.1279617 -11.8566036),1768569998,0.0004261574943594896
1768569997,3,,POINT (-77.12579220000001 -11.8566096),1768570007,0.0007682988806475638
1768569998,3,,POINT (-77.1283878 -11.8566106),1768569998,0.0
1768569999,3,,POINT (-77.1259518 -11.8566137),1768570007,0.0009264101575357682
1768570000,3,,POINT (-77.1261275 -11.8566185),1768569912,0.000942885995230453
1768570002,3,,POINT (-77.1195724 -11.8566202),1767758159,0.0020098974426660866
1768570003,3,,POINT (-77.1166788 -11.8566627),1767758159,0.00473510365039993
1768570005,3,,POINT (-77.12430449999999 -11.8566843),1768570007,0.0007259549917275829
1768570006,3,,POINT (-77.1273005 -11.8567024),1768570077,0.0009414857035543722
1768570007,4,,POINT (-77.1250301 -11.856707),1768570007,0.0
1768570008,3,,POINT (-77.1244595 -11.8566892),1768570007,0.0005708775700652935
1768570009,3,,POINT (-77.12463099999999 -11.8566945),1768570007,0.0003992957049704966
1768570011,3,,POINT (-77.1274576 -11.8567065),1768570077,0.0009279703928468993
1768570012,3,,POINT (-77.1226174 -11.8567051),1767758159,0.0017495175620640278
1768570013,3,,POINT (-77.122793 -11.8567099),1767758159,0.0018894760173091382
1768570014,3,,POINT (-77.12761740000001 -11.8567107),1768569998,0.0007768759038545634
1768570015,3,,POINT (-77.12544920000001 -11.856713),1768570007,0.0004191429469783173
1768570016,3,,POINT (-77.1192834 -11.8567032),1767758159,0.0023010757332217915
1768570017,3,,POINT (-77.1229544 -11.8567143),1767758159,0.002023029258308359
1768570018,3,,POINT (-77.12312540000001 -11.8567191),1768570007,0.0019047384334835423
1768570019,3,,POINT (-77.1277879 -11.8567151),1768569998,0.0006089337073911214
1768570020,3,,POINT (-77.1232911 -11.8567236),1768570007,0.0017390792276380347
1768570021,3,,POINT (-77.12562920000001 -11.8567138),1768570007,0.0005991385899796003
1768570022,3,,POINT (-77.11481740000001 -11.8567123),1767758149,0.006564449055316558
1768570023,3,,POINT (-77.12578670000001 -11.856719),1768570007,0.0007566951565880779
1768570024,4,,POINT (-77.1170985 -11.8567385),1767758159,0.004347572427237288
1768570025,3,,POINT (-77.1189547 -11.8567895),1767758159,0.0026310846071556896
1768570026,3,,POINT (-77.1267931 -11.8568032),1768570073,0.0008821711625332427
1768570027,3,,POINT (-77.1269662 -11.856802),1768570075,0.0008371259045089643
1768570029,3,,POINT (-77.1271261 -11.8568112),1768570075,0.0008156608915491865
1768570030,3,,POINT (-77.12729419999999 -11.8568149),1768570077,0.0008313443871221851
1768570031,3,,POINT (-77.1274549 -11.8568185),1768570077,0.0008159378530262433
1768570036,3,,POINT (-77.1151088 -11.8568657),1767758159,0.006311725103333917
1768570037,3,,POINT (-77.1158885 -11.8568529),1767758159,0.005547965227909903
1768570039,3,,POINT (-77.11825779999999 -11.8569093),1767758159,0.0033112422714241807
1768570042,4,,POINT (-77.11658009999999 -11.8570177),1767758159,0.004923644106769089
1768570043,3,,POINT (-77.1170166 -11.8571231),1767758159,0.00454320920276166
1768570044,1,,POINT (-77.1143053 -11.8573205),1767758159,0.007196931213379192
1768570045,1,,POINT (-77.1156563 -11.8579328),1767758159,0.006105527977177322
1768570046,3,,POINT (-77.11486050000001 -11.8571828),1767758159,0.006624912014510156
1768570048,1,,POINT (-77.1236148 -11.8571941),1767758190,0.001449950912969064
1768570049,3,,POINT (-77.11806300000001 -11.8572596),1767758159,0.003639110024442716
1768570050,1,,POINT (-77.1239412 -11.8572019),1767758190,0.0011362991023504728
1768570054,1,,POINT (-77.1164775 -11.8573386),1767758159,0.005123531977068101
1768570057,3,,POINT (-77.11872700000001 -11.8574176),1767758159,0.0031563616031744877
1768570058,3,,POINT (-77.1222798 -11.8575264),1767758159,0.0021942973020963007
1768570060,3,,POINT (-77.12260360000001 -11.8575313),1767758159,0.002362732303921831
1768570061,3,,POINT (-77.1227691 -11.8575351),1767758190,0.002242828789726734
1768570062,3,,POINT (-77.12292739999999 -11.8575363),1767758190,0.0020845412564985135
1768570063,3,,POINT (-77.1232638 -11.8575418),1767758190,0.0017481046192964903
1768570064,3,,POINT (-77.1234436 -11.8575432),1767758190,0.0015683256039520387
1768570065,3,,POINT (-77.1237747 -11.8575536),1767758190,0.0012370686844379527
1768570066,3,,POINT (-77.124109 -11.8575614),1767758190,0.0009026779713729467
1768570067,3,,POINT (-77.12427460000001 -11.8575653),1767758190,0.0007370322177475642
1768570068,3,,POINT (-77.1244415 -11.8575695),1767758190,0.0005700793804396208
1768570069,3,,POINT (-77.1246012 -11.8575733),1767758190,0.00041033436366426775
1768570070,4,,POINT (-77.12543290000001 -11.8575933),1768570070,0.0
1768570071,4,,POINT (-77.1257588 -11.8576028),1768570071,0.0
1768570072,4,,POINT (-77.1260939 -11.8576084),1768570072,0.0
1768570073,4,,POINT (-77.12645209999999 -11.8576168),1768570073,0.0
1768570074,3,,POINT (-77.12678320000001 -11.8576228),1768570075,0.00032672327739569323
1768570075,4,,POINT (-77.12710989999999 -11.8576267),1768570075,0.0
1768570077,4,,POINT (-77.12743519999999 -11.8576342),1768570077,0.0
1768570078,4,,POINT (-77.12776700000001 -11.8576419),1768570078,0.0
1768570079,3,,POINT (-77.1148788 -11.8577167),1767758159,0.006757352601431905
1768570082,1,,POINT (-77.1234336 -11.8583668),1768570120,0.0015753744729405073
1768570083,3,,POINT (-77.1240904 -11.8583827),1768570120,0.0009298773359928809
1768570084,3,,POINT (-77.1239229 -11.858384),1768570120,0.0010919777287104304
1768570085,3,,POINT (-77.12375900000001 -11.8583852),1768570120,0.001251986329787012
1768570088,3,,POINT (-77.12709340000001 -11.8584604),1768570075,0.0008338632621710427
1768570089,3,,POINT (-77.1274153 -11.8584628),1768570077,0.0008288389288638779
1768570090,3,,POINT (-77.1249931 -11.8584693),1768570120,0.00016041985538061795
1768570091,3,,POINT (-77.1254198 -11.8584823),1768570120,0.0004572742065829222
1768570092,3,,POINT (-77.12574619999999 -11.8584853),1768570120,0.0007728900180478411
1768570093,3,,POINT (-77.12392560000001 -11.8585037),1768570120,0.001068741549663597
1768570094,3,,POINT (-77.12409169999999 -11.8585092),1768570120,0.0009032603168544382
1768570096,3,,POINT (-77.12441080000001 -11.8585197),1768570120,0.0005864888916149071
1768570097,3,,POINT (-77.1272512 -11.8585658),1768570077,0.0009495970513830678
1768570099,3,,POINT (-77.12741269999999 -11.8585696),1767758258,0.0009233848656030158
1768570100,3,,POINT (-77.1277458 -11.8585776),1767758258,0.0005936581002635617
1768570102,3,,POINT (-77.12557579999999 -11.8585836),1768570120,0.000590693837784273
1768570113,3,,POINT (-77.1257461 -11.858589),1768570120,0.0007602848150573997
1768570114,3,,POINT (-77.126085 -11.8585983),1768570072,0.0009899400082837393
1768570115,3,,POINT (-77.1242439 -11.8586176),1768570120,0.0007430968981229203
1768570116,3,,POINT (-77.1244083 -11.8586202),1768570120,0.0005786763516826699
1768570118,3,,POINT (-77.1245746 -11.8586229),1768570120,0.00041235443491578755
1768570120,3,,POINT (-77.1249869 -11.8586296),1768570120,0.0
1768570121,3,,POINT (-77.1230796 -11.8586433),1768570120,0.0019073492024264547
1768570122,3,,POINT (-77.1277434 -11.8586836),1767758258,0.00058388007330977
1768570123,3,,POINT (-77.1260827 -11.8587123),1768570120,0.0010989162524977156
1768570124,3,,POINT (-77.1262404 -11.8587164),1768570072,0.0011176431675631617
1768570125,3,,POINT (-77.1264183 -11.8587212),1768570073,0.0011049171009618111
1768570126,3,,POINT (-77.1265691 -11.8587252),1768570073,0.001114558011051911
1768570128,3,,POINT (-77.12355599999999 -11.8591578),1767758330,0.001437824196495886
1768570130,3,,POINT (-77.12384590000001 -11.8592885),1767758330,0.0011263404813798847
1768570131,3,,POINT (-77.1245559 -11.859481),1767758330,0.0003959711226842327
1768570132,3,,POINT (-77.1262253 -11.8595285),1767758334,0.0009492823025924132
1768570133,3,,POINT (-77.126565 -11.8595336),1767758380,0.0009470746538675654
2187560694,3,,POINT (-77.1233761 -11.8556243),1767758160,0.0016794252618100092
2187589749,3,,POINT (-77.12200850000001 -11.8539795),1767758130,0.0004052300581219198
2187589754,4,,POINT (-77.1210829 -11.8526028),1768569672,0.0007160970953606528
2187592026,3,,POINT (-77.1223767 -11.8526295),1768569672,0.0005779847921978236
2187611668,4,,POINT (-77.1173003 -11.8560172),1767758149,0.004009863112374839
2187629817,3,,POINT (-77.1194596 -11.8555115),1767758159,0.0018274365926142977
2187629820,4,,POINT (-77.121675 -11.8574779),1767758159,0.0019471326662528164
2216447670,3,,POINT (-77.1264546 -11.8568061),1768570073,0.0008107038546849432
2216447675,3,,POINT (-77.12361730000001 -11.8567326),1768570007,0.0014130319175418007
2216447676,3,,POINT (-77.12696769999999 -11.8565205),1768569914,0.0008113051830235695
2216447678,3,,POINT (-77.1231363 -11.8564463),1768570007,0.0019116597317562442
2866237766,3,,POINT (-77.1143979 -11.8456519),1617053872,0.0037966482955354396
2866237767,1,,POINT (-77.1140003 -11.8456559),1617053872,0.003910940679682304
2866358515,3,,POINT (-77.11541459999999 -11.846183),1617053872,0.004228783241074342
2866358526,3,,POINT (-77.1178336 -11.848099),1767758093,0.005397919541824316
2866358546,3,,POINT (-77.1189912 -11.849597),1767758093,0.0035464152182185047
2866358555,3,,POINT (-77.12240009999999 -11.8497845),1768569603,0.0019820295179429123
2866358567,3,,POINT (-77.1172601 -11.8501858),1767758093,0.00481008456162871
2866358575,4,,POINT (-77.11707 -11.8504483),1767758093,0.004914193310198199
2866358580,3,,POINT (-77.1169527 -11.8505666),1767758093,0.004998036159331985
2866358583,4,,POINT (-77.11708059999999 -11.850708),1767758093,0.004841448355609784
2866358584,3,,POINT (-77.1167142 -11.8507856),1767758093,0.005184827027002607
2866358589,4,,POINT (-77.1168382 -11.8509353),1767758093,0.005036640746563427
2866358592,4,,POINT (-77.1164574 -11.8510002),1767758093,0.005403358401953435
2866358594,3,,POINT (-77.11740140000001 -11.8511028),1767758093,0.004454359646451111
2866358597,4,,POINT (-77.1170647 -11.8512035),1767758093,0.004775125736562034
2866358599,4,,POINT (-77.116694 -11.8512727),1767758093,0.005136645057819782
2866358702,3,,POINT (-77.1162966 -11.8513418),1767758149,0.00547653679344488
2866358703,3,,POINT (-77.1172181 -11.8513529),1767758093,0.004607456847324678
2866358704,3,,POINT (-77.11682810000001 -11.8514209),1767758149,0.004990531551837939
2866358705,3,,POINT (-77.11699590000001 -11.8516197),1767758149,0.0047395162675000465
2866358716,3,,POINT (-77.1189368 -11.8525791),1767758149,0.00261193644638876
2866358717,3,,POINT (-77.118225 -11.8535025),1767758149,0.002802042469341373
2866680408,3,,POINT (-77.11620809999999 -11.8458269),1617053872,0.0039823413464931965
2866680422,3,,POINT (-77.1191256 -11.848474),1767758093,0.004235277391148297
2866680436,4,,POINT (-77.118436 -11.8497388),1767758093,0.003927157182997005
2866680446,3,,POINT (-77.12294679999999 -11.8499444),1768569603,0.0019519645616655318
2866680447,3,,POINT (-77.12408259999999 -11.8499747),1767758100,0.002119507548938906
2866680449,3,,POINT (-77.1232704 -11.8499818),1768569603,0.002060601914490312
2866680450,3,,POINT (-77.12363550000001 -11.8499957),1768569603,0.002256477540334766
2866680452,3,,POINT (-77.118539 -11.8501587),1767758093,0.003636577683756777
2866680453,3,,POINT (-77.1244377 -11.8502109),1767758100,0.0017484072065729749
2866680459,3,,POINT (-77.1273566 -11.8505404),1767758103,0.0014703267459972224
2866680470,3,,POINT (-77.12111489999999 -11.8513392),1767758093,0.0008066163710241741
2866680476,4,,POINT (-77.12110439999999 -11.8517279),1767758093,0.0007042888398994005
2866680485,3,,POINT (-77.1292219 -11.8526474),2866680485,0.0
2866680493,3,,POINT (-77.1296766 -11.8541913),1767758134,0.001267894640735061
2866680494,3,,POINT (-77.12973150000001 -11.8545258),1768569856,0.0013337138823597443
2866864421,3,,POINT (-77.1149297 -11.8537904),1767758149,0.006006574339827345
2866864432,1,,POINT (-77.1175855 -11.8543738),1767758149,0.003331723929129305
2866864433,1,,POINT (-77.1173658 -11.8546395),1767758149,0.003568004489899817
2866864434,3,,POINT (-77.1174429 -11.8549455),1767758149,0.0035356283189775907
2866864435,3,,POINT (-77.1190282 -11.8550976),1767758149,0.0020558569137880626
2866864436,1,,POINT (-77.113821 -11.8552121),1767758149,0.007155509972035104
2866864439,3,,POINT (-77.1140307 -11.8553413),1767758149,0.006966081892276877
2866864442,1,,POINT (-77.1134028 -11.8555963),1767758149,0.00762703206233387
2866864445,3,,POINT (-77.11387379999999 -11.8556973),1767758149,0.00718271614920224
2866864447,3,,POINT (-77.1140364 -11.8557589),1767758149,0.007036028803229313
2866864454,3,,POINT (-77.1197635 -11.8560436),1767758159,0.0015945556497041053
2866864462,1,,POINT (-77.11779749999999 -11.8565957),1767758159,0.003636260503605123
2866864467,3,,POINT (-77.1162272 -11.8569336),1767758159,0.0052394536136974295
2866864473,1,,POINT (-77.11613509999999 -11.8572348),1767758159,0.005413350167883657
2866864474,1,,POINT (-77.1153066 -11.8574319),1767758159,0.00626267449737817
2866864479,3,,POINT (-77.11814339999999 -11.8575765),1767758159,0.0037286197902276627
2866864481,1,,POINT (-77.1179746 -11.8576285),1767758159,0.0038991607430400106
2866864485,3,,POINT (-77.1213989 -11.8579319),1767758159,0.0023645920261222515
2866864494,1,,POINT (-77.1180542 -11.8582623),1767758159,0.004206382876060759
2866866104,3,,POINT (-77.1242486 -11.8585144),1768570120,0.0007472335177119631
2866866109,3,,POINT (-77.1235705 -11.8586553),1768570120,0.0014166331388154848
2866866112,1,,POINT (-77.1203032 -11.8590762),1767758159,0.0036413638722357948
2866866117,3,,POINT (-77.1229812 -11.8594764),1767758354,0.0019124301738847008
2866866126,3,,POINT (-77.12688540000001 -11.8595385),1767758380,0.0010160748053197942
2866866127,3,,POINT (-77.1272168 -11.8595435),1767758342,0.00108521198390095
2866866135,3,,POINT (-77.1229742 -11.8601666),1767758357,0.0019077450248840906
2866866142,3,,POINT (-77.12179159999999 -11.8637132),1767758357,0.0049185733094049226
2866866143,3,,POINT (-77.12205489999999 -11.8638258),1767758357,0.004850296511554715
2866866145,1,,POINT (-77.12157500000001 -11.8645804),1767758357,0.005743632502163373
2866866146,1,,POINT (-77.1217963 -11.8646012),1767758357,0.005637511150317634
2866930422,3,,POINT (-77.1227076 -11.8527511),1768569672,0.0009182644989374252
2866930429,3,,POINT (-77.1230221 -11.8531823),1767758131,0.0005039311163243828
2866930430,3,,POINT (-77.12364890000001 -11.8531842),2866930431,0.0005118306360506028
2866930431,3,,POINT (-77.1236743 -11.8536954),2866930431,0.0
2866930434,3,,POINT (-77.12427839999999 -11.8537111),1768569756,8.201560827677105e-05
2866930451,3,,POINT (-77.1236573 -11.8543022),2866930431,0.000607038087767051
2866930471,3,,POINT (-77.1233146 -11.8553916),1767758131,0.0017312575689361535
2866930477,3,,POINT (-77.1211426 -11.8555554),1767758159,0.00014424080560667657
2866930481,3,,POINT (-77.1221839 -11.8556019),1767758159,0.0008983665454489889
2866930482,3,,POINT (-77.12293150000001 -11.8556187),1767758159,0.0016461205454046848
2866930486,3,,POINT (-77.12347269999999 -11.8564564),1768570007,0.0015774330794144375
2866930494,3,,POINT (-77.121663 -11.8586653),1767758159,0.0031181622311858836
2884574472,3,,POINT (-77.1259163 -11.8585969),1768570120,0.0009299750803152664
3159957782,1,,POINT (-77.11673999999999 -11.8481262),1767758093,0.006231293196444455
3159957783,1,,POINT (-77.1166661 -11.848467),1767758093,0.006101544667536934
3159957784,1,,POINT (-77.1165342 -11.8488702),1767758093,0.006009731110452108
4346736390,4,,POINT (-77.1162593 -11.8431457),1617053872,0.0015469418735020945
4346736391,4,,POINT (-77.1150335 -11.8418567),1759542491,0.00010552459429553715
4346736396,4,,POINT (-77.1171624 -11.8440813),1617053872,0.0028453889804365205
4346736397,4,,POINT (-77.11756939999999 -11.8445387),1617053872,0.0034576500820597753
4346736403,3,,POINT (-77.1178326 -11.8449138),1617053872,0.003913169664096234
4346736404,3,,POINT (-77.1180828 -11.8453067),1617053872,0.004374475009641772
4346744650,4,,POINT (-77.129525 -11.8538202),1767758134,0.0010556336912083853
4346744658,4,,POINT (-77.1295992 -11.854189),1767758134,0.0011936957108138887
4346744659,4,,POINT (-77.1296564 -11.8545237),1768569856,0.0012616135462137708
4346744660,3,,POINT (-77.12969080000001 -11.8548542),1768569856,0.0012519000159754673
4346744666,3,,POINT (-77.12976260000001 -11.8557631),1767758161,0.001349660183166619
4346744668,3,,POINT (-77.1298589 -11.8566127),1768569998,0.0014711014988810153
4346744669,3,,POINT (-77.12988420000001 -11.8569451),1768569998,0.0015333307568896534
4346761128,1,,POINT (-77.12972569999999 -11.8556338),1767758161,0.0013165196884183852
4904992640,3,,POINT (-77.12078700000001 -11.8585408),1767758159,0.0030124331444861346
4904992649,1,,POINT (-77.1199699 -11.8583397),1767758159,0.003066532329849685
4904992651,3,,POINT (-77.1185318 -11.8590673),1767758159,0.004451659890426447
4904992666,1,,POINT (-77.1181204 -11.860495),1767758159,0.0058546803063933275
4904992667,3,,POINT (-77.1184287 -11.8588999),1767758159,0.004387820503400834
4904992675,3,,POINT (-77.1190355 -11.8582178),1767758159,0.0034750604599126625
5057325960,3,,POINT (-77.1151957 -11.8420205),1617053872,9.770588518419524e-05
5724361018,3,,POINT (-77.1148022 -11.8518256),1767758149,0.006589371961721997
5724679009,1,,POINT (-77.1165116 -11.8491933),1767758093,0.005882040027917843
5724679012,1,,POINT (-77.11540359999999 -11.8503035),1767758093,0.006566300855889523
5724679013,1,,POINT (-77.1150461 -11.853601),1767758149,0.005909444327508425
5724679014,3,,POINT (-77.1153891 -11.8543468),1767758149,0.0055272624779285325
5724679015,4,,POINT (-77.1154938 -11.8541585),1767758149,0.005423640644436144
5724679016,1,,POINT (-77.1155898 -11.8539864),1767758149,0.0053344798106271145
5724679019,1,,POINT (-77.1168344 -11.8585599),1767758159,0.005362567938966652
5724681221,3,,POINT (-77.121139 -11.8589246),1767758159,0.0033578236359285397
5724681222,3,,POINT (-77.1210679 -11.858043),1767758159,0.002482607548527058
5724681223,1,,POINT (-77.1211929 -11.858486),1767758159,0.0029174890299701293
5724681228,3,,POINT (-77.1181047 -11.8574248),1767758159,0.0036826062781700197
5724681229,1,,POINT (-77.1176758 -11.8575272),1767758159,0.004106689412414533
5724681233,3,,POINT (-77.1173857 -11.8567901),1767758159,0.004086779192719765
5724681234,3,,POINT (-77.11729 -11.8571667),1767758159,0.004303285500646387
5724681235,3,,POINT (-77.1158897 -11.8559589),1767758149,0.005298174860267647
5724681236,1,,POINT (-77.1152589 -11.8561188),1767758149,0.005947361305649018
5724681241,3,,POINT (-77.11571480000001 -11.855218),1767758149,0.0052844840514353515
5724681242,3,,POINT (-77.11532010000001 -11.8552602),1767758149,0.005680496430759882
5737384668,3,,POINT (-77.1149779 -11.8579347),1767758159,0.006736853370088984
5737384669,3,,POINT (-77.11475040000001 -11.8578694),1767758159,0.006928391938250028
5737384670,3,,POINT (-77.1172619 -11.8571622),1767758159,0.004327734566724909
5737384671,1,,POINT (-77.1171398 -11.8575778),1767758159,0.004606849740334025
5737384672,3,,POINT (-77.1169539 -11.857108),1767758159,0.0045971078777928024
5737384673,1,,POINT (-77.11685490000001 -11.8574658),1767758159,0.004819708609448399
6290671416,4,,POINT (-77.1283612 -11.8613376),1767758414,0.00011720153583148252
8095360666,3,,POINT (-77.11914640000001 -11.8562208),1767758159,0.002236483116413316
9028082353,1,,POINT (-77.1184149 -11.848308),1767758093,0.004834405697700397
9028371448,3,,POINT (-77.1163025 -11.8520984),1767758149,0.005104805996305355
9028418981,3,,POINT (-77.11915810000001 -11.8555872),1767758159,0.002128069510141959
9030271598,3,,POINT (-77.12239719999999 -11.8637801),1767758357,0.004622077101260057
9030311949,3,,POINT (-77.12258749999999 -11.8601257),1767758357,0.002285497586959125
9333552021,1,,POINT (-77.1289802 -11.8526222),2866680485,0.00024301014382481465
9477904971,3,,POINT (-77.12881520000001 -11.8614055),1767758414,0.0005752926994248875
