osmid,y,x,street_count,highway,ref,geometry,bank_amenity,bank_node,bank_dist,courthouse_amenity,courthouse_node,courthouse_dist,hospital_amenity,hospital_node,hospital_dist,marketplace_amenity,marketplace_node,marketplace_dist,police_amenity,police_node,police_dist,school_amenity,school_node,school_dist,university_amenity,university_node,university_dist
197654185,-12.1342897,-77.0214587,3,,,POINT (-77.0214587 -12.1342897),436631995,391017391,,,,,,,,4757036316,391017388,,511806555,7546524260,,436732540,391018142,,437212067,263640435,
258309932,-12.1419848,-77.0266267,3,,,POINT (-77.02662669999999 -12.1419848),4344482235,391013653,3441.9850000000006,,,,,,,4757036316,391017388,2515.7850000000003,511806555,7546524260,,522148231,391008260,2764.928,379598570,4344675721,2987.628000000001
263621934,-12.1369648,-77.0226891,3,,,POINT (-77.02268909999999 -12.1369648),436631995,391017391,801.1690000000001,,,,,,,4757036316,391017388,495.553,511806555,7546524260,,5595074952,391016290,278.842,437212067,263640435,501.345
263621936,-12.1394795,-77.0223535,4,,,POINT (-77.02235349999999 -12.1394795),436631995,391017391,1071.077,,,,,,,4757036316,391017388,599.011,511806555,7546524260,,421580799,1192969371,110.475,379598570,4344675721,684.257
263621937,-12.1403602,-77.0222885,4,,,POINT (-77.0222885 -12.1403602),436631995,391017391,972.806,,,,,,,4757036316,391017388,500.74,511806555,7546524260,,421580799,1192969371,12.204,379598570,4344675721,585.9859999999999
263622404,-12.1411176,-77.0221221,4,,,POINT (-77.0221221 -12.1411176),4344482235,391013653,974.43,,,,,,,4757036316,391017388,573.835,318792235,2676305091,874.7219999999999,421580799,1192969371,85.299,379598570,4344675721,520.073
263622407,-12.1394691,-77.0222563,4,,,POINT (-77.0222563 -12.1394691),436631995,391017391,861.962,,,,,,,4757036316,391017388,389.89599999999996,511806555,7546524260,,421580799,1192969371,121.10499999999999,379598570,4344675721,694.887
263622408,-12.1392349,-77.0222708,3,,,POINT (-77.0222708 -12.1392349),436631995,391017391,835.8720000000001,,,,,,,4757036316,391017388,363.806,511806555,7546524260,,657445335,391007955,435.87799999999993,379598570,4344675721,1029.1689999999999
263622411,-12.1386361,-77.0223211,4,,,POINT (-77.0223211 -12.1386361),436631995,391017391,769.0510000000002,,,,,,,4757036316,391017388,296.985,511806555,7546524260,,657445335,391007955,369.057,437212067,263640435,469.227
263622412,-12.1378688,-77.0224012,4,traffic_signals,,POINT (-77.0224012 -12.1378688),436631995,391017391,683.28,,,,,,,4757036316,391017388,404.7339999999999,511806555,7546524260,,657445335,391007955,283.286,437212067,263640435,383.456
263622413,-12.1370734,-77.0225514,3,,,POINT (-77.0225514 -12.1370734),436631995,391017391,593.2639999999999,,,,,,,4757036316,391017388,505.95000000000005,511806555,7546524260,,5595074952,391016290,70.937,437212067,263640435,293.44
263622414,-12.1358543,-77.02272,4,,,POINT (-77.02272000000001 -12.1358543),436631995,391017391,658.615,,,,,,,4757036316,391017388,671.457,511806555,7546524260,,5595074952,391016290,236.44400000000002,437212067,263640435,156.643
263631691,-12.1356061,-77.0179241,3,crossing,,POINT (-77.0179241 -12.1356061),436631995,391017391,763.235,,,,,,,4757036316,391017388,914.093,511806555,7546524260,,436732540,391018142,1118.326,437212067,263640435,1417.6350000000002
263631693,-12.1356495,-77.0183885,3,motorway_junction,1,POINT (-77.0183885 -12.1356495),436631995,391017391,,,,,,,,4757036316,391017388,,511806555,7546524260,,436732540,391018142,,437212067,263640435,
263631697,-12.1338204,-77.0204599,3,motorway_junction,2,POINT (-77.02045990000001 -12.1338204),436631995,391017391,,,,,,,,4757036316,391017388,,511806555,7546524260,,436732540,391018142,,437212067,263640435,
263635519,-12.1315789,-77.0189599,3,,,POINT (-77.0189599 -12.1315789),436631995,391017391,1395.626,,,,,,,4757036316,391017388,1546.4840000000004,511806555,7546524260,,436732540,391018142,1750.717,437212067,263640435,2050.026
263636369,-12.1335649,-77.0192577,4,,,POINT (-77.0192577 -12.1335649),436631995,391017391,1088.8070000000002,,,,,,,4757036316,391017388,1239.6650000000004,511806555,7546524260,,436732540,391018142,1443.8980000000001,437212067,263640435,1743.207
263636370,-12.1329118,-77.0196062,3,,,POINT (-77.0196062 -12.1329118),436631995,391017391,1170.7169999999999,,,,,,,4757036316,391017388,1321.5750000000003,511806555,7546524260,,436732540,391018142,1525.808,437212067,263640435,1825.117
263636371,-12.13213,-77.0199958,3,,,POINT (-77.0199958 -12.13213),436631995,391017391,1267.418,,,,,,,4757036316,391017388,1418.2760000000003,511806555,7546524260,,436732540,391018142,1622.509,437212067,263640435,1921.8179999999998
263636372,-12.1316908,-77.020203,4,,,POINT (-77.020203 -12.1316908),436631995,391017391,1321.1989999999998,,,,,,,4757036316,391017388,1472.0570000000002,511806555,7546524260,,436732540,391018142,1676.29,437212067,263640435,1975.5989999999997
263636878,-12.1324573,-77.0206653,4,,,POINT (-77.0206653 -12.1324573),436631995,391017391,1420.144,,,,,,,4757036316,391017388,1571.0020000000004,511806555,7546524260,,436732540,391018142,1775.2350000000001,437212067,263640435,2074.544
263638414,-12.1333544,-77.0187819,3,,,POINT (-77.01878189999999 -12.1333544),436631995,391017391,1145.581,,,,,,,4757036316,391017388,1296.4390000000003,511806555,7546524260,,436732540,391018142,1500.672,437212067,263640435,1799.981
263640435,-12.1347311,-77.0220501,3,,,POINT (-77.0220501 -12.1347311),436631995,391017391,616.7180000000001,,,,,,,4757036316,391017388,777.836,511806555,7546524260,,436732540,391018142,982.0690000000001,437212067,263640435,0.0
263640436,-12.1343621,-77.0213949,3,motorway_junction,,POINT (-77.0213949 -12.1343621),436631995,391017391,534.5060000000001,,,,,,,4757036316,391017388,695.624,511806555,7546524260,,436732540,391018142,899.8570000000001,437212067,263640435,1217.95
263640458,-12.1340045,-77.0202673,3,,,POINT (-77.0202673 -12.1340045),436631995,391017391,,,,,,,,4757036316,391017388,,511806555,7546524260,,436732540,391018142,,437212067,263640435,
263641100,-12.1351845,-77.0194808,3,,,POINT (-77.0194808 -12.1351845),436631995,391017391,292.547,,,,,,,4757036316,391017388,453.665,511806555,7546524260,,436732540,391018142,657.898,437212067,263640435,975.991
263641105,-12.1373485,-77.0183186,3,,,POINT (-77.0183186 -12.1373485),436631995,391017391,194.941,,,,,,,4757036316,391017388,356.059,318792235,2676305091,1722.223,5595075567,391020811,1504.391,437212067,263640435,878.385
263641107,-12.1382612,-77.0179947,3,,,POINT (-77.0179947 -12.1382612),436631995,391017391,457.43399999999997,,,,,,,4757036316,391017388,608.292,318792235,2676305091,1614.7540000000001,5595075565,391018361,291.803,437212067,263640435,1111.834
263642305,-12.1361799,-77.025314,3,,,POINT (-77.02531399999999 -12.1361799),436631995,391017391,1009.2149999999999,,,,,,,4757036316,391017388,883.106,511806555,7546524260,,657445334,391007955,761.6579999999999,437212067,263640435,392.49699999999996
263642540,-12.1429363,-77.0259837,3,,,POINT (-77.0259837 -12.1429363),4344482235,391013653,2702.5449999999996,,,,,,,4757036316,391017388,1776.3449999999998,511806555,7546524260,,522148231,391008260,2025.4879999999998,379598570,4344675721,2248.188
316633871,-12.1456908,-77.0193488,3,,,POINT (-77.0193488 -12.1456908),4344482235,391013653,381.942,,,,,,,459595827,678989831,1002.6800000000002,318792235,2676305091,503.52,436622704,316633871,0.0,379598570,4344675721,708.175
316633878,-12.1522383,-77.0198696,3,,,POINT (-77.01986960000001 -12.1522383),4412506991,434289102,871.2610000000001,,,,,,,459595827,678989831,2192.0660000000003,430458076,459457260,,5595087687,678989669,1215.7020000000002,379598570,4344675721,1618.5210000000002
316634026,-12.1419088,-77.0178107,5,,,POINT (-77.0178107 -12.1419088),4412525789,316757406,388.693,,,,,,,459595827,678989831,410.52299999999997,318792235,2676305091,1150.9899999999998,5595082445,678989830,480.07699999999994,379598570,4344675721,1255.2020000000002
316634031,-12.146289,-77.0194546,4,traffic_signals,,POINT (-77.0194546 -12.146289),5693127722,1192945730,602.191,,,,,,,459595827,678989831,929.644,318792235,2676305091,676.349,436622704,316633871,172.829,379598570,4344675721,881.004
316634032,-12.1479463,-77.0200413,4,,,POINT (-77.0200413 -12.1479463),436474200,316634164,605.336,,,,,,,459595827,678989831,1124.719,318792235,2676305091,454.88999999999993,459260181,434289143,135.546,379598570,4344675721,659.5449999999998
316634035,-12.1526839,-77.0196516,3,,,POINT (-77.0196516 -12.1526839),4412506991,434289102,1612.4680000000003,,,,,,,459595827,678989831,1656.2450000000003,430458076,459457260,,5595087687,678989669,93.64,379598570,4344675721,1191.0710000000001
316634164,-12.1489988,-77.0209968,3,traffic_signals,,POINT (-77.02099680000001 -12.1489988),436474200,316634164,0.0,,,,,,,459595827,678989831,1648.7659999999996,318792235,2676305091,394.158,436570284,316634165,494.099,379598570,4344675721,690.689
316634165,-12.150456,-77.0204679,4,,,POINT (-77.0204679 -12.150456),436464360,434289102,115.36099999999999,,,,,,,459595827,678989831,1436.1660000000002,430458076,459457260,,436570284,316634165,0.0,379598570,4344675721,862.6209999999999
316634246,-12.1418421,-77.0181086,3,,,POINT (-77.01810860000001 -12.1418421),4412525789,316757406,421.94399999999996,,,,,,,459595827,678989831,443.77399999999994,318792235,2676305091,1184.241,5595082445,678989830,513.328,379598570,4344675721,1249.8420000000003
316757396,-12.1438269,-77.0155285,4,,,POINT (-77.0155285 -12.1438269),4412525789,316757406,40.961,,,,,,,459595827,678989831,497.611,318792235,2676305091,1194.705,5595082450,678989824,91.923,379598570,4344675721,1336.3240000000003
316757405,-12.1437601,-77.0154563,4,,,POINT (-77.0154563 -12.1437601),4412525789,316757406,30.155,,,,,,,459595827,678989831,486.805,318792235,2676305091,1183.8990000000003,5595082450,678989824,81.117,379598570,4344675721,1325.5180000000003
316757406,-12.1434902,-77.0154714,3,crossing,,POINT (-77.0154714 -12.1434902),4412525789,316757406,0.0,,,,,,,459595827,678989831,694.7250000000001,318792235,2676305091,1153.7440000000001,5595082450,678989824,289.03700000000003,379598570,4344675721,1295.3630000000003
371264934,-12.1562082,-77.0229039,4,traffic_signals,,POINT (-77.0229039 -12.1562082),4412506991,434289102,907.3729999999999,,,,,,,459595827,678989831,2228.178,430458076,459457260,,436464371,1815623571,321.983,379598570,4344675721,1654.633
371265019,-12.1553457,-77.0228447,5,,,POINT (-77.02284469999999 -12.1553457),4412506991,434289102,810.696,,,,,,,459595827,678989831,2131.501,430458076,459457260,,436464371,1815623571,225.306,379598570,4344675721,1557.9560000000001
371265022,-12.151112,-77.0221241,3,,,POINT (-77.0221241 -12.151112),4412506991,434289102,309.613,,,,,,,459595827,678989831,1630.4180000000001,430458076,459457260,,5595086030,371265022,0.0,379598570,4344675721,1056.8730000000003
371265030,-12.1477191,-77.0180974,4,,,POINT (-77.0180974 -12.1477191),436474200,316634164,1065.1680000000001,,,,,,,459595827,678989831,1020.0010000000002,318792235,2676305091,914.7220000000001,5595087690,678989759,1756.568,379598570,4344675721,1119.3770000000002
371265034,-12.1419077,-77.0138079,4,,,POINT (-77.0138079 -12.1419077),4412525789,316757406,524.63,,,,,,,459595827,678989831,213.744,318792235,2676305091,1440.299,5595082450,678989824,390.576,379598570,4344675721,1581.9180000000003
391003020,-12.1353221,-77.0230333,3,,,POINT (-77.02303329999999 -12.1353221),436631995,391017391,987.9570000000001,,,,,,,4757036316,391017388,682.3409999999999,511806555,7546524260,,5595074952,391016290,465.63000000000005,437212067,263640435,688.133
391003225,-12.1363478,-77.0243167,3,,,POINT (-77.0243167 -12.1363478),436631995,391017391,1574.266,,,,,,,4757036316,391017388,1102.2,511806555,7546524260,,5595074952,391016290,1051.9389999999999,437212067,263640435,1274.442
391003241,-12.1382095,-77.0258579,3,,,POINT (-77.02585790000001 -12.1382095),436631995,391017391,1490.671,,,,,,,4757036316,391017388,1018.605,511806555,7546524260,,522148231,391008260,252.18200000000002,437212067,263640435,1190.847
391003500,-12.1400448,-77.0263554,3,,,POINT (-77.0263554 -12.1400448),4344482235,391013653,1236.018,,,,,,,4757036316,391017388,981.625,511806555,7546524260,,522148231,391008260,94.496,379598570,4344675721,791.385
391003505,-12.1406735,-77.0258986,3,,,POINT (-77.0258986 -12.1406735),4344482235,391013653,1149.188,,,,,,,4757036316,391017388,894.7950000000001,511806555,7546524260,,522148231,391008260,181.326,379598570,4344675721,704.5550000000001
391003520,-12.1424357,-77.0252463,3,,,POINT (-77.02524630000001 -12.1424357),4344482235,391013653,887.824,,,,,,,4757036316,391017388,1035.739,511806555,7546524260,,402968886,391010575,291.664,379598570,4344675721,443.191
391003595,-12.1457681,-77.0240875,3,,,POINT (-77.02408749999999 -12.1457681),436575326,2676305092,444.174,,,,,,,4757036316,391017388,1321.8559999999998,318792235,2676305091,385.273,440663309,391009544,406.868,379598570,4344675721,550.533
391007527,-12.1388387,-77.017295,3,,,POINT (-77.017295 -12.1388387),436631995,391017391,440.04200000000003,,,,,,,459595827,678989831,1048.778,318792235,2676305091,1597.362,5595075567,391020811,409.95000000000005,437212067,263640435,1094.442
391007541,-12.1389706,-77.017709,4,traffic_signals,,POINT (-77.017709 -12.1389706),436631995,391017391,392.706,,,,,,,4757036316,391017388,543.564,318792235,2676305091,1550.026,5595075565,391018361,227.075,437212067,263640435,1047.106
391007680,-12.139275,-77.0187619,5,,,POINT (-77.0187619 -12.139275),436631995,391017391,273.286,,,,,,,4757036316,391017388,424.144,318792235,2676305091,1430.606,5595075565,391018361,488.23699999999997,379598570,4344675721,1075.957
391007681,-12.1392516,-77.0195707,4,,,POINT (-77.0195707 -12.1392516),436631995,391017391,393.45399999999995,,,,,,,4757036316,391017388,336.18,318792235,2676305091,1342.642,5595075565,391018361,608.405,379598570,4344675721,987.9929999999999
391007682,-12.1393662,-77.0206953,4,,,POINT (-77.0206953 -12.1393662),436631995,391017391,775.9920000000002,,,,,,,4757036316,391017388,221.68,318792235,2676305091,1219.676,421580357,391020463,351.33,379598570,4344675721,865.0269999999999
391007683,-12.1394487,-77.0220106,3,crossing,,POINT (-77.0220106 -12.1394487),436631995,391017391,873.251,,,,,,,4757036316,391017388,401.18499999999995,511806555,7546524260,,421580799,1192969371,147.916,379598570,4344675721,721.698
391007955,-12.1393841,-77.0233902,3,,,POINT (-77.02339019999999 -12.1393841),436631995,391017391,1237.899,,,,,,,4757036316,391017388,765.8329999999999,511806555,7546524260,,657445334,391007955,0.0,379598570,4344675721,614.4649999999999
391007961,-12.1393124,-77.0237324,4,,,POINT (-77.0237324 -12.1393124),436631995,391017391,1228.9539999999997,,,,,,,4757036316,391017388,756.8879999999999,511806555,7546524260,,657445334,391007955,491.8019999999999,379598570,4344675721,605.5199999999999
391007963,-12.1390187,-77.0243657,3,,,POINT (-77.0243657 -12.1390187),436631995,391017391,1305.1680000000001,,,,,,,4757036316,391017388,833.1019999999999,511806555,7546524260,,657445334,391007955,568.016,379598570,4344675721,681.7339999999999
391007966,-12.1386093,-77.0251309,4,,,POINT (-77.02513089999999 -12.1386093),436631995,391017391,1399.9940000000001,,,,,,,4757036316,391017388,927.9279999999999,511806555,7546524260,,657445334,391007955,662.8419999999999,437212067,263640435,1100.1699999999998
391008260,-12.1399796,-77.0254887,3,,,POINT (-77.0254887 -12.1399796),436631995,391017391,1508.949,,,,,,,4757036316,391017388,1036.883,511806555,7546524260,,522148231,391008260,0.0,379598570,4344675721,885.5149999999999
391009544,-12.1461385,-77.0228825,4,traffic_signals,,POINT (-77.02288249999999 -12.1461385),436575326,2676305092,247.47499999999997,,,,,,,459595827,678989831,1572.5919999999996,318792235,2676305091,188.57399999999998,5595079080,391009544,0.0,379598570,4344675721,614.5149999999999
391009545,-12.1446292,-77.0230202,4,,,POINT (-77.0230202 -12.1446292),4344482235,391013653,456.775,,,,,,,4757036316,391017388,1083.481,318792235,2676305091,357.067,5595079081,391009545,0.0,379598570,4344675721,312.15799999999996
391009546,-12.1434067,-77.023127,5,,,POINT (-77.023127 -12.1434067),4344482235,391013653,593.206,,,,,,,4757036316,391017388,942.4849999999999,318792235,2676305091,493.498,5595079081,391009545,136.43099999999998,379598570,4344675721,138.849
391009550,-12.1431669,-77.0231548,5,,,POINT (-77.0231548 -12.1431669),4344482235,391013653,624.12,,,,,,,4757036316,391017388,973.3990000000001,318792235,2676305091,524.4119999999999,5595079081,391009545,167.34499999999997,379598570,4344675721,169.76300000000003
391009551,-12.1422771,-77.0232198,4,,,POINT (-77.02321980000001 -12.1422771),4344482235,391013653,723.3130000000002,,,,,,,4757036316,391017388,1070.6409999999998,318792235,2676305091,623.6050000000001,402968886,391010575,326.566,379598570,4344675721,268.956
391009553,-12.1404847,-77.023382,4,,,POINT (-77.023382 -12.1404847),436631995,391017391,1092.482,,,,,,,4757036316,391017388,620.4159999999999,511806555,7546524260,,402968886,391010575,296.549,379598570,4344675721,469.04799999999994
391009559,-12.1366462,-77.0244706,3,,,POINT (-77.0244706 -12.1366462),436631995,391017391,1536.44,,,,,,,4757036316,391017388,1064.374,511806555,7546524260,,657445334,391007955,799.2879999999999,437212067,263640435,1236.616
391009870,-12.1399107,-77.024572,3,,,POINT (-77.02457200000001 -12.1399107),436631995,391017391,1409.0020000000002,,,,,,,4757036316,391017388,936.9359999999999,511806555,7546524260,,522148231,391008260,99.947,379598570,4344675721,785.5679999999999
391010575,-12.1405698,-77.0245162,4,,,POINT (-77.02451619999999 -12.1405698),4344482235,391013653,1047.0639999999999,,,,,,,4757036316,391017388,744.0749999999998,511806555,7546524260,,402968886,391010575,0.0,379598570,4344675721,592.7069999999999
391011521,-12.1423906,-77.0243478,4,,,POINT (-77.0243478 -12.1423906),4344482235,391013653,977.1840000000001,,,,,,,4757036316,391017388,947.3709999999999,511806555,7546524260,,402968886,391010575,203.296,379598570,4344675721,524.2909999999999
391011523,-12.1413403,-77.0244523,4,,,POINT (-77.02445229999999 -12.1413403),4344482235,391013653,963.0690000000001,,,,,,,4757036316,391017388,830.0319999999999,511806555,7546524260,,402968886,391010575,85.957,379598570,4344675721,508.71200000000005
391012553,-12.1412496,-77.023305,4,traffic_signals,,POINT (-77.02330499999999 -12.1412496),4344482235,391013653,837.9410000000001,,,,,,,4757036316,391017388,955.1599999999999,511806555,7546524260,,402968886,391010575,211.08499999999998,379598570,4344675721,383.584
391012566,-12.1421658,-77.0220526,3,,,POINT (-77.02205259999999 -12.1421658),4344482235,391013653,850.7990000000001,,,,,,,4757036316,391017388,690.684,318792235,2676305091,751.091,421580357,391020463,508.923,379598570,4344675721,396.44200000000006
391012761,-12.1430806,-77.0219911,3,,,POINT (-77.02199109999999 -12.1430806),4344482235,391013653,750.9860000000002,,,,,,,4757036316,391017388,792.636,318792235,2676305091,651.2780000000001,459259885,434289086,492.253,379598570,4344675721,21.313
391012762,-12.1432926,-77.0219721,3,,,POINT (-77.0219721 -12.1432926),4344482235,391013653,774.6500000000002,,,,,,,4757036316,391017388,816.3,318792235,2676305091,674.9420000000001,459259885,434289086,515.9169999999999,379598570,4344675721,44.977000000000004
391013439,-12.1447024,-77.023938,3,,,POINT (-77.023938 -12.1447024),4344482235,391013653,556.8770000000001,,,,,,,4757036316,391017388,1183.583,318792235,2676305091,457.16900000000004,5595079081,391009545,100.102,379598570,4344675721,412.26
391013653,-12.1458133,-77.0217643,4,,,POINT (-77.0217643 -12.1458133),436575326,2676305092,192.087,,,,,,,459595827,678989831,1284.31,318792235,2676305091,121.578,436561158,434289087,142.35999999999999,379598570,4344675721,326.233
391013663,-12.1464372,-77.0238171,3,,,POINT (-77.0238171 -12.1464372),436575326,2676305092,364.00199999999995,,,,,,,459595827,678989831,1588.7819999999997,318792235,2676305091,305.101,440663309,391009544,397.893,379598570,4344675721,630.7049999999999
391013940,-12.1485902,-77.0218814,3,,,POINT (-77.0218814 -12.1485902),436474200,316634164,144.179,,,,,,,459595827,678989831,1792.9449999999997,318792235,2676305091,538.337,436570284,316634165,504.42400000000004,379598570,4344675721,834.8679999999999
391013941,-12.1478528,-77.0221416,3,,,POINT (-77.0221416 -12.1478528),436474376,434289093,393.172,,,,,,,459595827,678989831,1879.7019999999998,318792235,2676305091,625.094,5595079080,391009544,717.886,379598570,4344675721,921.625
391013943,-12.1469571,-77.0225211,4,,,POINT (-77.02252110000001 -12.1469571),4344600221,2676305092,148.335,,,,,,,459595827,678989831,1473.4519999999998,318792235,2676305091,89.434,5595079080,391009544,182.226,379598570,4344675721,515.375
391015696,-12.1355926,-77.0219264,3,,,POINT (-77.0219264 -12.1355926),436631995,391017391,567.566,,,,,,,4757036316,391017388,580.408,511806555,7546524260,,5595074952,391016290,145.395,437212067,263640435,349.70399999999995
391015697,-12.1353089,-77.0210594,4,,,POINT (-77.0210594 -12.1353089),436631995,391017391,468.175,,,,,,,4757036316,391017388,629.293,511806555,7546524260,,436732540,391018142,40.425,437212067,263640435,749.008
391015732,-12.136329,-77.0226601,3,,,POINT (-77.0226601 -12.136329),436631995,391017391,711.799,,,,,,,4757036316,391017388,724.6409999999998,511806555,7546524260,,5595074952,391016290,289.628,437212067,263640435,209.827
391015733,-12.1361025,-77.0219315,4,,,POINT (-77.02193149999999 -12.1361025),436631995,391017391,611.021,,,,,,,4757036316,391017388,523.707,511806555,7546524260,,5595074952,391016290,88.694,437212067,263640435,293.003
391015736,-12.1354768,-77.0200006,4,,,POINT (-77.0200006 -12.1354768),436631995,391017391,333.63300000000004,,,,,,,4757036316,391017388,494.75100000000003,511806555,7546524260,,436732540,391018142,196.04899999999998,437212067,263640435,514.142
391015737,-12.1353311,-77.0195639,3,,,POINT (-77.01956389999999 -12.1353311),436631995,391017391,283.471,,,,,,,4757036316,391017388,444.589,511806555,7546524260,,436732540,391018142,246.211,437212067,263640435,564.304
391016290,-12.1369001,-77.0219234,4,,,POINT (-77.02192340000001 -12.1369001),436631995,391017391,522.327,,,,,,,4757036316,391017388,435.0129999999999,511806555,7546524260,,5595074952,391016290,0.0,437212067,263640435,528.546
391016292,-12.1364738,-77.0206553,4,,,POINT (-77.0206553 -12.1364738),436631995,391017391,376.55,,,,,,,4757036316,391017388,537.668,511806555,7546524260,,5595074952,391016290,291.001,437212067,263640435,495.30999999999995
391016295,-12.1362012,-77.0197573,4,,,POINT (-77.01975729999999 -12.1362012),436631995,391017391,274.331,,,,,,,4757036316,391017388,435.449,511806555,7546524260,,436732540,391018142,280.83000000000004,437212067,263640435,598.923
391016298,-12.1359829,-77.0189947,3,,,POINT (-77.01899469999999 -12.1359829),436631995,391017391,187.948,,,,,,,4757036316,391017388,349.06600000000003,511806555,7546524260,,436732540,391018142,553.299,437212067,263640435,871.392
391017387,-12.1376844,-77.0219045,4,,,POINT (-77.02190450000001 -12.1376844),436631995,391017391,741.135,,,,,,,4757036316,391017388,347.778,511806555,7546524260,,5595074952,391016290,218.808,437212067,263640435,441.31100000000004
391017388,-12.1373952,-77.0209424,3,,,POINT (-77.0209424 -12.1373952),436631995,391017391,850.556,,,,,,,4757036316,391017388,0.0,511806555,7546524260,,5595074952,391016290,328.22900000000004,437212067,263640435,550.7320000000001
391017389,-12.1372231,-77.020417,4,,,POINT (-77.02041699999999 -12.1372231),436631995,391017391,463.80300000000005,,,,,,,4757036316,391017388,60.237,511806555,7546524260,,5595074952,391016290,378.254,437212067,263640435,582.563
391017391,-12.1369369,-77.0195364,4,,,POINT (-77.01953640000001 -12.1369369),436631995,391017391,0.0,,,,,,,4757036316,391017388,161.118,511806555,7546524260,,5595074952,391016290,479.135,437212067,263640435,683.444
391017681,-12.1386034,-77.0218478,3,,,POINT (-77.0218478 -12.1386034),436631995,391017391,799.7160000000001,,,,,,,4757036316,391017388,245.404,511806555,7546524260,,657445335,391007955,391.5759999999999,437212067,263640435,796.136
391017682,-12.1385657,-77.0212902,4,,,POINT (-77.0212902 -12.1385657),436631995,391017391,738.9550000000002,,,,,,,4757036316,391017388,184.643,511806555,7546524260,,421580799,1192969371,327.11,437212067,263640435,735.375
391017683,-12.1385309,-77.0207741,4,,,POINT (-77.0207741 -12.1385309),436631995,391017391,682.7169999999999,,,,,,,4757036316,391017388,128.405,511806555,7546524260,,421580799,1192969371,598.476,437212067,263640435,679.1370000000001
391017684,-12.1384599,-77.0200767,3,,,POINT (-77.0200767 -12.1384599),436631995,391017391,606.4480000000001,,,,,,,4757036316,391017388,202.882,318792235,2676305091,1601.384,5595075565,391018361,900.837,437212067,263640435,725.208
391018032,-12.1393007,-77.0199188,3,,,POINT (-77.0199188 -12.1393007),436631995,391017391,701.5130000000001,,,,,,,4757036316,391017388,297.947,318792235,2676305091,1304.409,421580357,391020463,218.38399999999996,379598570,4344675721,949.76
391018140,-12.1377663,-77.0202293,3,,,POINT (-77.0202293 -12.1377663),436631995,391017391,527.558,,,,,,,4757036316,391017388,123.992,511806555,7546524260,,5595074952,391016290,442.009,437212067,263640435,646.318
391018142,-12.1349591,-77.0211607,1,,,POINT (-77.0211607 -12.1349591),436631995,391017391,508.59999999999997,,,,,,,4757036316,391017388,669.718,511806555,7546524260,,436732540,391018142,0.0,437212067,263640435,789.433
391018361,-12.140567,-77.0183234,4,,,POINT (-77.0183234 -12.140567),436631995,391017391,424.65200000000004,,,,,,,459595827,678989831,824.8240000000001,318792235,2676305091,1331.0149999999999,5595075565,391018361,0.0,379598570,4344675721,1093.121
391018362,-12.1385623,-77.018991,3,,,POINT (-77.018991 -12.1385623),436631995,391017391,190.216,,,,,,,4757036316,391017388,351.334,318792235,2676305091,1728.118,5595075565,391018361,405.16700000000003,437212067,263640435,873.6599999999999
391018363,-12.1376526,-77.0192913,3,,,POINT (-77.01929130000001 -12.1376526),436631995,391017391,83.924,,,,,,,4757036316,391017388,245.042,318792235,2676305091,1643.544,5595074952,391016290,563.059,437212067,263640435,767.3679999999999
391018364,-12.1346734,-77.0202743,1,,,POINT (-77.0202743 -12.1346734),436631995,391017391,406.142,,,,,,,4757036316,391017388,567.26,511806555,7546524260,,436732540,391018142,368.882,437212067,263640435,686.975
391019695,-12.140284,-77.0206152,3,,,POINT (-77.02061519999999 -12.140284),436631995,391017391,878.422,,,,,,,4757036316,391017388,324.11,318792235,2676305091,1322.106,421580357,391020463,136.814,379598570,4344675721,967.457
391019718,-12.1413263,-77.0210691,3,,,POINT (-77.02106910000001 -12.1413263),4344482235,391013653,1155.302,,,,,,,4757036316,391017388,1059.1460000000002,318792235,2676305091,1177.54,421580357,391020463,729.097,379598570,4344675721,822.891
391019946,-12.14029,-77.0211487,4,,,POINT (-77.0211487 -12.14029),436631995,391017391,936.422,,,,,,,4757036316,391017388,382.11,318792235,2676305091,1293.096,421580357,391020463,194.814,379598570,4344675721,938.4469999999999
391019994,-12.1393919,-77.0212133,4,,,POINT (-77.0212133 -12.1393919),436631995,391017391,900.4390000000001,,,,,,,4757036316,391017388,346.12699999999995,511806555,7546524260,,421580799,1192969371,234.861,379598570,4344675721,808.6429999999999
391019999,-12.1413965,-77.0206749,3,,,POINT (-77.0206749 -12.1413965),4344482235,391013653,1111.7439999999997,,,,,,,4757036316,391017388,1015.588,318792235,2676305091,1133.982,421580357,391020463,685.539,379598570,4344675721,779.333
391020019,-12.1402529,-77.0200536,3,,,POINT (-77.0200536 -12.1402529),436631995,391017391,981.351,,,,,,,4757036316,391017388,1132.2090000000003,318792235,2676305091,1277.9679999999998,421580357,391020463,75.65899999999999,379598570,4344675721,923.3189999999998
391020020,-12.1395984,-77.0196645,3,,,POINT (-77.0196645 -12.1395984),436631995,391017391,377.89300000000003,,,,,,,4757036316,391017388,481.798,318792235,2676305091,1362.1439999999998,5595075565,391018361,592.844,379598570,4344675721,1007.4949999999998
391020322,-12.1415679,-77.0197127,3,,,POINT (-77.0197127 -12.1415679),4344482235,391013653,1005.423,,,,,,,459595827,678989831,620.8100000000001,318792235,2676305091,1127.0010000000002,421580357,391020463,579.2180000000001,379598570,4344675721,894.5389999999999
391020370,-12.1411183,-77.0195643,3,,,POINT (-77.0195643 -12.1411183),436631995,391017391,811.3270000000001,,,,,,,4757036316,391017388,962.1850000000001,318792235,2676305091,1179.9189999999999,421580357,391020463,94.36500000000001,379598570,4344675721,942.0249999999999
391020463,-12.1408538,-77.0203801,3,,,POINT (-77.0203801 -12.1408538),436631995,391017391,905.6919999999999,,,,,,,4757036316,391017388,1056.55,318792235,2676305091,1202.309,421580357,391020463,0.0,379598570,4344675721,847.6599999999999
391020808,-12.1410863,-77.0130798,3,,,POINT (-77.0130798 -12.1410863),4412525789,316757406,,,,,,,,459595827,678989831,,318792235,2676305091,,5595075563,391020809,,379598570,4344675721,
391020809,-12.1399603,-77.0144059,4,,,POINT (-77.0144059 -12.1399603),4412525789,316757406,636.0,,,,,,,459595827,678989831,325.114,318792235,2676305091,1404.935,5595075563,391020809,0.0,379598570,4344675721,1509.1470000000004
391020810,-12.1391535,-77.0153703,4,,,POINT (-77.0153703 -12.1391535),4412525789,316757406,773.9830000000001,,,,,,,459595827,678989831,463.09700000000004,318792235,2676305091,1542.9180000000001,5595075567,391020811,979.879,437212067,263640435,1664.3709999999999
391020811,-12.1381031,-77.0165781,4,,,POINT (-77.0165781 -12.1381031),436631995,391017391,553.02,,,,,,,459595827,678989831,638.8280000000001,318792235,2676305091,1710.34,5595075567,391020811,0.0,437212067,263640435,1207.42
391020814,-12.1372146,-77.0177607,3,,,POINT (-77.0177607 -12.1372146),436631995,391017391,720.264,,,,,,,4757036316,391017388,871.1219999999998,318792235,2676305091,1877.5839999999998,5595075567,391020811,167.244,437212067,263640435,1374.664
391021177,-12.1413033,-77.0144837,4,,,POINT (-77.0144837 -12.1413033),4412525789,316757406,425.062,,,,,,,459595827,678989831,114.176,318792235,2676305091,1340.7310000000002,5595075563,391020809,485.947,379598570,4344675721,1482.3500000000004
391021178,-12.140731,-77.0151467,4,,,POINT (-77.0151467 -12.140731),4412525789,316757406,519.264,,,,,,,459595827,678989831,209.668,318792235,2676305091,1287.3359999999998,5595075563,391020809,389.8,379598570,4344675721,1391.5480000000002
391021179,-12.1399016,-77.0160881,4,,,POINT (-77.0160881 -12.1399016),4412525789,316757406,888.038,,,,,,,459595827,678989831,577.152,318792235,2676305091,1656.9730000000004,5595075567,391020811,586.5350000000001,379598570,4344675721,1419.2980000000002
391022450,-12.1412357,-77.0172554,3,,,POINT (-77.0172554 -12.1412357),4412525789,316757406,464.275,,,,,,,459595827,678989831,314.002,318792235,2676305091,1232.3469999999998,5595082445,678989830,561.434,379598570,4344675721,1336.5590000000002
391022455,-12.1406903,-77.0167748,3,,,POINT (-77.01677479999999 -12.1406903),4412525789,316757406,543.551,,,,,,,459595827,678989831,233.95499999999998,318792235,2676305091,1311.623,5595075565,391018361,566.165,379598570,4344675721,1415.8350000000003
391022922,-12.144976,-77.0185003,3,,,POINT (-77.0185003 -12.144976),4344482235,391013653,680.564,,,,,,,459595827,678989831,990.1780000000001,318792235,2676305091,802.1419999999999,495933226,391022922,0.0,379598570,4344675721,1006.7969999999999
391022925,-12.1437028,-77.0177784,4,,,POINT (-77.0177784 -12.1437028),4412525789,316757406,587.614,,,,,,,459595827,678989831,660.855,318792235,2676305091,850.2,495933226,391022922,161.869,379598570,4344675721,954.4119999999998
391022927,-12.1431545,-77.0173019,4,,,POINT (-77.01730190000001 -12.1431545),4412525789,316757406,305.919,,,,,,,459595827,678989831,740.8560000000001,318792235,2676305091,930.201,5595082442,391022972,458.492,379598570,4344675721,1034.413
391022972,-12.1425922,-77.016796,4,,,POINT (-77.016796 -12.1425922),4412525789,316757406,251.18099999999998,,,,,,,459595827,678989831,707.831,318792235,2676305091,1013.478,5595082442,391022972,0.0,379598570,4344675721,1117.69
391023510,-12.141521,-77.0158221,4,,,POINT (-77.01582209999999 -12.141521),4412525789,316757406,404.77700000000004,,,,,,,459595827,678989831,95.181,318792235,2676305091,1172.8490000000002,5595082442,391022972,159.371,379598570,4344675721,1277.0610000000001
434288150,-12.1428959,-77.0220039,3,,,POINT (-77.0220039 -12.1428959),4344482235,391013653,932.166,,,,,,,4757036316,391017388,772.0509999999999,318792235,2676305091,832.458,459259885,434289086,673.433,379598570,4344675721,477.809
434288151,-12.1434502,-77.0184626,4,,,POINT (-77.01846260000001 -12.1434502),4412525789,316757406,740.655,,,,,,,459595827,678989831,762.485,318792235,2676305091,770.651,5595082446,434288215,85.875,379598570,4344675721,874.8629999999999
434288204,-12.1428532,-77.0211429,3,,,POINT (-77.0211429 -12.1428532),4344482235,391013653,1025.8829999999998,,,,,,,4757036316,391017388,865.7679999999998,318792235,2676305091,926.1749999999998,421580516,434288208,744.951,379598570,4344675721,571.526
434288206,-12.1428536,-77.0209259,4,,,POINT (-77.02092589999999 -12.1428536),4344482235,391013653,1049.473,,,,,,,459595827,678989831,873.248,318792235,2676305091,949.765,421580516,434288208,272.484,379598570,4344675721,595.116
434288208,-12.1429311,-77.0199006,3,,,POINT (-77.0199006 -12.1429311),4344482235,391013653,1162.5589999999997,,,,,,,459595827,678989831,986.3340000000001,318792235,2676305091,1062.8509999999997,421580516,434288208,0.0,379598570,4344675721,708.2019999999999
434288215,-12.1431887,-77.0192059,3,,,POINT (-77.0192059 -12.1431887),4344482235,391013653,889.758,,,,,,,459595827,678989831,676.61,318792235,2676305091,1011.336,5595082446,434288215,0.0,379598570,4344675721,788.9879999999999
434288301,-12.142148,-77.0207214,3,,,POINT (-77.0207214 -12.142148),4344482235,391013653,1010.01,,,,,,,4757036316,391017388,970.9180000000001,318792235,2676305091,1031.3249999999998,421580516,434288208,190.92399999999998,379598570,4344675721,676.6759999999999
434288316,-12.1414272,-77.0205025,3,,,POINT (-77.02050250000001 -12.1414272),4344482235,391013653,1092.694,,,,,,,4757036316,391017388,996.538,318792235,2676305091,1114.932,421580357,391020463,666.489,379598570,4344675721,760.2829999999999
434288571,-12.1416205,-77.0194261,3,,,POINT (-77.0194261 -12.1416205),4412525789,316757406,567.28,,,,,,,459595827,678989831,589.11,318792235,2676305091,1095.301,5595082445,678989830,658.664,379598570,4344675721,862.8389999999999
434288997,-12.1422733,-77.0196808,4,,,POINT (-77.0196808 -12.1422733),4344482235,391013653,896.034,,,,,,,459595827,678989831,682.8860000000001,318792235,2676305091,1017.612,421580516,434288208,76.948,379598570,4344675721,785.15
434289035,-12.1417487,-77.0186776,3,,,POINT (-77.0186776 -12.1417487),4412525789,316757406,484.66999999999996,,,,,,,459595827,678989831,506.49999999999994,318792235,2676305091,1016.41,5595082445,678989830,576.054,379598570,4344675721,959.0979999999998
434289050,-12.142541,-77.0189712,4,,,POINT (-77.0189712 -12.142541),4412525789,316757406,578.373,,,,,,,459595827,678989831,600.2030000000001,318792235,2676305091,934.929,5595082445,678989830,669.757,379598570,4344675721,865.3949999999999
434289053,-12.1428013,-77.0182142,3,,,POINT (-77.0182142 -12.1428013),4412525789,316757406,817.6969999999999,,,,,,,459595827,678989831,839.527,318792235,2676305091,847.6930000000001,5595082445,678989830,865.285,379598570,4344675721,951.9049999999999
434289054,-12.1452652,-77.0191777,4,,,POINT (-77.0191777 -12.1452652),4344482235,391013653,432.798,,,,,,,459595827,678989831,1053.536,318792235,2676305091,554.376,436622704,316633871,50.855999999999995,379598570,4344675721,759.031
434289057,-12.1445209,-77.0197743,3,,,POINT (-77.01977429999999 -12.1445209),4344482235,391013653,1263.698,,,,,,,459595827,678989831,1105.524,318792235,2676305091,1163.99,5595079084,434289057,0.0,379598570,4344675721,809.341
434289058,-12.1435456,-77.0205819,3,,,POINT (-77.0205819 -12.1435456),4344482235,391013653,1124.1689999999999,,,,,,,459595827,678989831,965.995,318792235,2676305091,1024.4609999999998,421580516,434288208,365.231,379598570,4344675721,669.8119999999999
434289059,-12.1430244,-77.0209854,3,,,POINT (-77.0209854 -12.1430244),4344482235,391013653,1051.4859999999999,,,,,,,459595827,678989831,893.312,318792235,2676305091,951.7779999999999,421580516,434288208,292.548,379598570,4344675721,597.1289999999999
434289080,-12.1434506,-77.0219589,3,,,POINT (-77.0219589 -12.1434506),4344482235,391013653,713.447,,,,,,,4757036316,391017388,833.9269999999999,318792235,2676305091,692.5690000000001,459259885,434289086,104.352,379598570,4344675721,62.604
434289084,-12.1456718,-77.02003,3,,,POINT (-77.02003000000001 -12.1456718),4344482235,391013653,389.419,,,,,,,459595827,678989831,1022.6730000000001,318792235,2676305091,510.99699999999996,436622704,316633871,265.858,379598570,4344675721,715.6519999999999
434289085,-12.1451412,-77.0205072,4,,,POINT (-77.0205072 -12.1451412),4344482235,391013653,467.981,,,,,,,459595827,678989831,1101.235,318792235,2676305091,589.559,459259885,434289086,680.098,379598570,4344675721,794.2139999999999
434289086,-12.1441597,-77.0213301,4,,,POINT (-77.0213301 -12.1441597),4344482235,391013653,609.095,,,,,,,459595827,678989831,1072.193,318792235,2676305091,730.673,459259885,434289086,0.0,379598570,4344675721,776.01
434289087,-12.1445354,-77.021844,4,,,POINT (-77.021844 -12.1445354),4344482235,391013653,678.852,,,,,,,459595827,678989831,1141.95,318792235,2676305091,800.43,436561158,434289087,0.0,379598570,4344675721,183.873
434289092,-12.146836,-77.0205413,4,,,POINT (-77.0205413 -12.146836),436474377,434289093,126.253,,,,,,,459595827,678989831,1330.746,318792235,2676305091,318.77299999999997,459260181,434289143,1276.4569999999999,379598570,4344675721,523.428
434289093,-12.147595,-77.0214035,4,,,POINT (-77.02140350000001 -12.147595),436474376,434289093,0.0,,,,,,,459595827,678989831,1486.5300000000002,318792235,2676305091,231.92200000000003,5595079080,391009544,324.714,379598570,4344675721,528.4530000000001
434289101,-12.1524473,-77.0225927,4,,,POINT (-77.0225927 -12.1524473),4412506991,434289102,466.603,,,,,,,459595827,678989831,1787.4080000000004,430458076,459457260,,5595086030,371265022,156.99,379598570,4344675721,1213.863
434289102,-12.1514168,-77.0200685,3,,,POINT (-77.02006849999999 -12.1514168),436464360,434289102,0.0,,,,,,,459595827,678989831,2091.785,430458076,459457260,,5595087687,678989669,1115.421,379598570,4344675721,1518.2399999999998
434289131,-12.1523615,-77.0219698,3,,,POINT (-77.02196979999999 -12.1523615),4412506991,434289102,539.1279999999999,,,,,,,459595827,678989831,1859.933,430458076,459457260,,5595086030,371265022,229.515,379598570,4344675721,1286.3880000000001
434289137,-12.1492785,-77.018817,4,,,POINT (-77.018817 -12.1492785),436474200,316634164,804.695,,,,,,,459595827,678989831,1210.2920000000001,430458076,459457260,,459260183,3672893676,14.931,379598570,4344675721,858.904
434289143,-12.1467911,-77.0196446,3,,,POINT (-77.01964460000001 -12.1467911),436474376,434289093,543.3580000000001,,,,,,,459595827,678989831,989.1730000000001,318792235,2676305091,735.878,459260181,434289143,0.0,379598570,4344675721,940.533
434289145,-12.1467391,-77.0183295,3,,,POINT (-77.01832949999999 -12.1467391),436474376,434289093,756.249,,,,,,,459595827,678989831,1054.0480000000002,318792235,2676305091,948.769,459260181,434289143,1906.4530000000002,379598570,4344675721,1153.4240000000002
434289146,-12.1472139,-77.0178825,3,,,POINT (-77.0178825 -12.1472139),436474200,316634164,1004.3290000000001,,,,,,,459595827,678989831,959.162,318792235,2676305091,853.883,5595087690,678989759,1695.7289999999998,379598570,4344675721,1058.5380000000002
434289147,-12.1466881,-77.0176667,3,,,POINT (-77.01766670000001 -12.1466881),436474376,434289093,598.362,,,,,,,459595827,678989831,896.1610000000001,318792235,2676305091,790.882,459260181,434289143,1748.5660000000005,379598570,4344675721,995.5369999999999
434289246,-12.1469128,-77.0177557,3,,,POINT (-77.0177557 -12.1469128),436474376,434289093,625.1550000000001,,,,,,,459595827,678989831,922.954,318792235,2676305091,817.6750000000001,459260181,434289143,1775.3590000000006,379598570,4344675721,1022.33
434289247,-12.1470412,-77.0160979,3,,,POINT (-77.01609790000001 -12.1470412),4412525789,316757406,532.161,,,,,,,459595827,678989831,988.8109999999999,318792235,2676305091,998.532,5595087690,678989759,1840.3780000000002,379598570,4344675721,1203.1870000000001
434289248,-12.1470432,-77.0157847,3,,,POINT (-77.0157847 -12.1470432),4412525789,316757406,566.208,,,,,,,459595827,678989831,1022.8580000000002,318792235,2676305091,1032.579,5595087690,678989759,1874.425,379598570,4344675721,1237.234
459319088,-12.1353071,-77.0179334,3,,,POINT (-77.0179334 -12.1353071),436631995,391017391,796.497,,,,,,,4757036316,391017388,947.355,511806555,7546524260,,436732540,391018142,1151.588,437212067,263640435,1450.8970000000002
459457168,-12.1539925,-77.0195269,3,,,POINT (-77.0195269 -12.1539925),4412506991,434289102,1758.7340000000004,,,,,,,459595827,678989831,1802.511,430458076,459457260,36.73500000000001,436464371,1815623571,2156.3640000000005,379598570,4344675721,1337.337
459457260,-12.1538285,-77.0192677,4,,,POINT (-77.0192677 -12.1538285),4412506991,434289102,1754.1860000000001,,,,,,,459595827,678989831,1797.9630000000002,430458076,459457260,0.0,436464371,1815623571,2151.8160000000003,379598570,4344675721,1332.789
678989668,-12.1515946,-77.023878,1,,,POINT (-77.023878 -12.1515946),4412506991,434289102,525.8009999999999,,,,,,,459595827,678989831,1846.6060000000002,430458076,459457260,,5595086030,371265022,216.188,379598570,4344675721,1273.0610000000001
678989669,-12.1518532,-77.019793,3,,,POINT (-77.01979300000001 -12.1518532),436464360,434289102,1518.828,,,,,,,459595827,678989831,1562.605,430458076,459457260,,5595087687,678989669,0.0,379598570,4344675721,1097.4310000000003
678989705,-12.1518648,-77.0180069,3,,,POINT (-77.0180069 -12.1518648),436464360,434289102,1698.5220000000004,,,,,,,459595827,678989831,1628.5129999999997,430458076,459457260,,430458075,678989705,0.0,379598570,4344675721,1277.125
678989706,-12.1510568,-77.0176308,4,,,POINT (-77.01763080000001 -12.1510568),436464360,434289102,1599.8120000000004,,,,,,,459595827,678989831,1529.8029999999999,430458076,459457260,,430458075,678989705,,379598570,4344675721,1178.4150000000002
678989746,-12.150318,-77.0200618,4,,,POINT (-77.02006179999999 -12.150318),436464360,434289102,1345.6320000000005,,,,,,,459595827,678989831,1389.409,430458076,459457260,,436570284,316634165,1230.2710000000004,379598570,4344675721,924.235
678989747,-12.1503283,-77.018527,3,,,POINT (-77.01852700000001 -12.1503283),436464360,434289102,1446.7330000000002,,,,,,,459595827,678989831,1376.724,430458076,459457260,,430458075,678989705,,379598570,4344675721,1025.336
678989748,-12.1496281,-77.0181733,4,,,POINT (-77.0181733 -12.1496281),436464360,434289102,1369.8220000000001,,,,,,,459595827,678989831,1292.8619999999999,430458076,459457260,,459260183,3672893676,104.452,379598570,4344675721,948.425
678989749,-12.1505448,-77.0186565,3,,,POINT (-77.01865650000001 -12.1505448),436464360,434289102,1474.62,,,,,,,459595827,678989831,1404.6109999999999,430458076,459457260,,430458075,678989705,,379598570,4344675721,1053.2230000000002
678989751,-12.1499598,-77.0191734,3,,,POINT (-77.0191734 -12.1499598),436464360,434289102,1365.3920000000003,,,,,,,459595827,678989831,1295.3829999999998,430458076,459457260,,459260183,3672893676,100.02199999999999,379598570,4344675721,943.995
678989752,-12.1495591,-77.0181319,4,,,POINT (-77.0181319 -12.1495591),436464360,434289102,1360.9270000000001,,,,,,,459595827,678989831,1283.9669999999999,430458076,459457260,,459260183,3672893676,95.557,379598570,4344675721,939.53
678989753,-12.1500775,-77.017174,4,,,POINT (-77.017174 -12.1500775),436464360,434289102,,,,,,,,459595827,678989831,,430458076,459457260,,430458075,678989705,,379598570,4344675721,
678989758,-12.1486384,-77.0177138,3,,,POINT (-77.0177138 -12.1486384),436474200,316634164,997.3330000000002,,,,,,,459595827,678989831,1195.498,430458076,459457260,,5595087690,678989759,80.04899999999999,379598570,4344675721,1051.5420000000001
678989759,-12.1485101,-77.0184384,3,,,POINT (-77.01843839999999 -12.1485101),436474200,316634164,1077.382,,,,,,,459595827,678989831,1115.449,318792235,2676305091,926.936,5595087690,678989759,0.0,379598570,4344675721,1131.5910000000001
678989761,-12.1492248,-77.018788,4,,,POINT (-77.018788 -12.1492248),436474200,316634164,804.8939999999999,,,,,,,459595827,678989831,1203.5400000000002,430458076,459457260,,459260183,3672893676,15.13,379598570,4344675721,859.103
678989790,-12.1460642,-77.0174275,4,,,POINT (-77.0174275 -12.1460642),4412525789,316757406,365.423,,,,,,,459595827,678989831,822.073,318792235,2676305091,1180.3630000000003,495933226,391022922,529.439,379598570,4344675721,1321.9820000000002
678989792,-12.1459643,-77.0186491,3,,,POINT (-77.0186491 -12.1459643),5693127722,1192945730,577.8489999999999,,,,,,,459595827,678989831,905.302,318792235,2676305091,652.007,436622704,316633871,148.487,379598570,4344675721,856.6619999999999
678989795,-12.1458871,-77.0173559,3,,,POINT (-77.0173559 -12.1458871),4412525789,316757406,344.24799999999993,,,,,,,459595827,678989831,800.898,318792235,2676305091,1159.188,495933226,391022922,508.264,379598570,4344675721,1300.8070000000002
678989797,-12.1464803,-77.0182347,3,,,POINT (-77.01823469999999 -12.1464803),436474376,434289093,532.4350000000001,,,,,,,459595827,678989831,978.2500000000001,318792235,2676305091,724.955,459260181,434289143,1682.6390000000006,379598570,4344675721,929.61
678989807,-12.1457638,-77.0162758,3,,,POINT (-77.0162758 -12.1457638),4412525789,316757406,322.39300000000003,,,,,,,459595827,678989831,779.043,318792235,2676305091,1137.333,495933226,391022922,486.409,379598570,4344675721,1278.9520000000002
678989808,-12.1458986,-77.0152485,3,,,POINT (-77.0152485 -12.1458986),4412525789,316757406,348.58299999999997,,,,,,,459595827,678989831,777.313,318792235,2676305091,1180.6680000000001,415607447,678989864,244.79000000000002,379598570,4344675721,1322.2870000000003
678989810,-12.1446972,-77.0188351,3,,,POINT (-77.0188351 -12.1446972),4344482235,391013653,728.373,,,,,,,459595827,678989831,740.2610000000001,318792235,2676305091,849.951,495933226,391022922,47.809,379598570,4344675721,1033.818
678989811,-12.1442377,-77.0171119,4,,,POINT (-77.0171119 -12.1442377),4412525789,316757406,637.919,,,,,,,459595827,678989831,754.595,318792235,2676305091,906.533,495933226,391022922,255.60899999999998,379598570,4344675721,1048.1519999999998
678989813,-12.1448391,-77.0164378,4,,,POINT (-77.01643780000001 -12.1448391),4412525789,316757406,190.799,,,,,,,459595827,678989831,647.4490000000001,318792235,2676305091,1005.739,495933226,391022922,354.815,379598570,4344675721,1147.358
678989814,-12.1443061,-77.0159755,4,,,POINT (-77.0159755 -12.1443061),4412525789,316757406,113.075,,,,,,,459595827,678989831,569.725,318792235,2676305091,1248.601,5595082442,391022972,436.499,379598570,4344675721,1390.2200000000003
678989815,-12.1447329,-77.0143891,4,,,POINT (-77.0143891 -12.1447329),4412525789,316757406,188.778,,,,,,,459595827,678989831,617.5079999999999,318792235,2676305091,1324.8380000000002,415607447,678989864,84.985,379598570,4344675721,1466.4570000000003
678989816,-12.144817,-77.014459,4,,,POINT (-77.014459 -12.144817),4412525789,316757406,200.827,,,,,,,459595827,678989831,629.557,318792235,2676305091,1328.424,415607447,678989864,97.03399999999999,379598570,4344675721,1470.0430000000003
678989817,-12.1451937,-77.0167345,3,,,POINT (-77.0167345 -12.1451937),4412525789,316757406,241.74,,,,,,,459595827,678989831,698.3900000000001,318792235,2676305091,1056.68,495933226,391022922,405.756,379598570,4344675721,1198.2990000000002
678989819,-12.1453247,-77.0158755,4,,,POINT (-77.01587550000001 -12.1453247),4412525789,316757406,272.358,,,,,,,459595827,678989831,729.008,318792235,2676305091,1087.2980000000002,415607447,678989864,477.97900000000004,379598570,4344675721,1228.9170000000001
678989820,-12.145302,-77.0148055,3,,,POINT (-77.01480549999999 -12.145302),4412525789,316757406,266.608,,,,,,,459595827,678989831,695.338,318792235,2676305091,1262.643,415607447,678989864,162.815,379598570,4344675721,1404.2620000000004
678989821,-12.1443241,-77.0149997,4,,,POINT (-77.0149997 -12.1443241),4412525789,316757406,120.478,,,,,,,459595827,678989831,557.867,318792235,2676305091,1233.77,415607447,678989864,166.826,379598570,4344675721,1375.3890000000001
678989822,-12.1442484,-77.0149292,4,,,POINT (-77.0149292 -12.1442484),4412525789,316757406,109.094,,,,,,,459595827,678989831,546.483,318792235,2676305091,1245.154,415607447,678989864,155.442,379598570,4344675721,1386.7730000000001
678989823,-12.1448031,-77.0153991,4,,,POINT (-77.0153991 -12.1448031),4412525789,316757406,350.11299999999994,,,,,,,459595827,678989831,780.434,318792235,2676305091,1165.0529999999999,415607447,678989864,247.911,379598570,4344675721,1306.6720000000003
678989824,-12.1432005,-77.0149776,4,,,POINT (-77.01497759999999 -12.1432005),4412525789,316757406,328.83000000000004,,,,,,,459595827,678989831,405.688,318792235,2676305091,1244.4989999999998,5595082450,678989824,0.0,379598570,4344675721,1386.1180000000002
678989825,-12.1436843,-77.0144056,4,,,POINT (-77.0144056 -12.1436843),4412525789,316757406,193.795,,,,,,,459595827,678989831,461.782,318792235,2676305091,1326.721,415607447,678989864,70.741,379598570,4344675721,1468.3400000000004
678989826,-12.1426686,-77.0144779,4,,,POINT (-77.0144779 -12.1426686),4412525789,316757406,354.3349999999999,,,,,,,459595827,678989831,325.383,318792235,2676305091,1487.261,5595082450,678989824,242.762,379598570,4344675721,1628.8800000000003
678989829,-12.1437291,-77.0166462,4,,,POINT (-77.0166462 -12.1437291),4412525789,316757406,210.19500000000002,,,,,,,459595827,678989831,666.8450000000001,318792235,2676305091,982.436,5595082442,391022972,533.6190000000001,379598570,4344675721,1124.055
678989830,-12.1425236,-77.0179882,3,,,POINT (-77.0179882 -12.1425236),4412525789,316757406,408.327,,,,,,,459595827,678989831,481.5679999999999,318792235,2676305091,1032.609,5595082445,678989830,0.0,379598570,4344675721,1136.821
678989831,-12.1420856,-77.015164,4,,,POINT (-77.015164 -12.1420856),4412525789,316757406,310.88599999999997,,,,,,,459595827,678989831,0.0,318792235,2676305091,1226.5549999999998,5595082450,678989824,176.832,379598570,4344675721,1368.1740000000002
678989832,-12.1420554,-77.0162984,4,,,POINT (-77.0162984 -12.1420554),4412525789,316757406,325.961,,,,,,,459595827,678989831,452.316,318792235,2676305091,1094.033,5595082442,391022972,80.555,379598570,4344675721,1198.2450000000001
678989833,-12.1426203,-77.0156487,4,,,POINT (-77.0156487 -12.1426203),4412525789,316757406,231.442,,,,,,,459595827,678989831,503.07599999999996,318792235,2676305091,1147.1110000000003,5595082450,678989824,97.388,379598570,4344675721,1288.7300000000002
678989864,-12.144116,-77.0139276,3,,,POINT (-77.0139276 -12.144116),4412525789,316757406,264.536,,,,,,,459595827,678989831,532.523,318792235,2676305091,1397.462,415607447,678989864,0.0,379598570,4344675721,1539.0810000000004
678989884,-12.1405066,-77.0137625,4,,,POINT (-77.0137625 -12.1405066),4412525789,316757406,543.361,,,,,,,459595827,678989831,232.47500000000002,318792235,2676305091,1459.0300000000002,5595075563,391020809,604.2460000000001,379598570,4344675721,1600.6490000000003
678989885,-12.1406678,-77.0126614,3,,,POINT (-77.0126614 -12.1406678),4412525789,316757406,,,,,,,,459595827,678989831,,318792235,2676305091,,5595075563,391020809,,379598570,4344675721,
1151314377,-12.1511446,-77.0222079,4,traffic_signals,,POINT (-77.0222079 -12.1511446),4412506991,434289102,319.41700000000003,,,,,,,459595827,678989831,1640.2220000000002,430458076,459457260,,5595086030,371265022,9.804,379598570,4344675721,1066.6770000000001
1192945730,-12.1465568,-77.0216434,3,,,POINT (-77.0216434 -12.1465568),5693127722,1192945730,0.0,,,,,,,459595827,678989831,1368.1680000000001,318792235,2676305091,113.56,5595079080,391009544,206.352,379598570,4344675721,410.09099999999995
1192945766,-12.1473478,-77.0233944,3,,,POINT (-77.0233944 -12.1473478),4344600221,2676305092,252.736,,,,,,,459595827,678989831,1577.8529999999996,318792235,2676305091,193.835,5595079080,391009544,286.627,379598570,4344675721,619.776
1192959994,-12.1480772,-77.0230773,4,,,POINT (-77.0230773 -12.1480772),436474376,434289093,553.498,,,,,,,459595827,678989831,1665.9799999999996,318792235,2676305091,281.962,5595079080,391009544,374.75399999999996,379598570,4344675721,707.9029999999999
1192969371,-12.1403527,-77.0221765,4,,,POINT (-77.0221765 -12.1403527),436631995,391017391,960.6020000000001,,,,,,,4757036316,391017388,488.53599999999994,511806555,7546524260,,421580799,1192969371,0.0,379598570,4344675721,793.5269999999999
1193564393,-12.1553699,-77.0210864,3,,,POINT (-77.0210864 -12.1553699),4412506991,434289102,887.276,,,,,,,459595827,678989831,2208.081,430458076,459457260,,436464371,1815623571,117.49199999999999,379598570,4344675721,1634.536
1194106545,-12.1503673,-77.0226344,3,,,POINT (-77.0226344 -12.1503673),436474200,316634164,551.219,,,,,,,459595827,678989831,1815.453,318792235,2676305091,945.3770000000001,5595086030,371265022,185.035,379598570,4344675721,1241.9080000000001
1273464952,-12.1449074,-77.0194475,3,,,POINT (-77.0194475 -12.1449074),4344482235,391013653,495.412,,,,,,,459595827,678989831,1128.6660000000002,318792235,2676305091,616.9899999999999,5595079084,434289057,55.759,379598570,4344675721,821.6449999999999
1273572575,-12.1551914,-77.0207407,3,,,POINT (-77.0207407 -12.1551914),4412506991,434289102,929.774,,,,,,,459595827,678989831,2250.579,430458076,459457260,,436464371,1815623571,69.228,379598570,4344675721,1677.034
1273591094,-12.1438549,-77.0209585,3,,,POINT (-77.02095850000001 -12.1438549),4344482235,391013653,647.046,,,,,,,459595827,678989831,1019.463,318792235,2676305091,768.624,459259885,434289086,859.163,379598570,4344675721,723.28
1273591245,-12.1321086,-77.0193814,2,,,POINT (-77.0193814 -12.1321086),436631995,391017391,1313.0439999999999,,,,,,,4757036316,391017388,1463.9020000000003,511806555,7546524260,,436732540,391018142,1668.135,437212067,263640435,1967.4439999999997
1273708291,-12.1445778,-77.0203797,3,,,POINT (-77.02037970000001 -12.1445778),4344482235,391013653,544.966,,,,,,,459595827,678989831,1121.5430000000001,318792235,2676305091,666.544,459259885,434289086,757.0830000000001,379598570,4344675721,825.3599999999999
1273787535,-12.1527977,-77.0208698,3,,,POINT (-77.0208698 -12.1527977),4412506991,434289102,745.9999999999999,,,,,,,459595827,678989831,2066.805,430458076,459457260,,436464371,1815623571,523.818,379598570,4344675721,1493.2599999999998
1273880265,-12.1331506,-77.0188787,2,,,POINT (-77.0188787 -12.1331506),436631995,391017391,1170.567,,,,,,,4757036316,391017388,1321.4250000000004,511806555,7546524260,,436732540,391018142,1525.6580000000001,437212067,263640435,1824.967
1273880833,-12.1388783,-77.0200045,3,,,POINT (-77.0200045 -12.1388783),436631995,391017391,653.6289999999999,,,,,,,4757036316,391017388,250.063,318792235,2676305091,1648.565,5595075565,391018361,948.0179999999999,437212067,263640435,772.3889999999999
1273985047,-12.1389349,-77.0207357,3,,,POINT (-77.0207357 -12.1389349),436631995,391017391,727.8330000000001,,,,,,,4757036316,391017388,173.52100000000002,511806555,7546524260,,421580799,1192969371,643.592,437212067,263640435,724.253
1319962140,-12.1500894,-77.0218001,3,,,POINT (-77.02180009999999 -12.1500894),436474200,316634164,501.845,,,,,,,459595827,678989831,1766.0790000000002,318792235,2676305091,896.003,436570284,316634165,329.913,379598570,4344675721,1192.534
1579083033,-12.1418152,-77.0182517,4,,,POINT (-77.01825169999999 -12.1418152),4412525789,316757406,437.78499999999997,,,,,,,459595827,678989831,459.61499999999995,318792235,2676305091,969.525,5595082445,678989830,529.169,379598570,4344675721,1073.737
1579083034,-12.1426664,-77.0185961,3,,,POINT (-77.0185961 -12.1426664),4412525789,316757406,539.57,,,,,,,459595827,678989831,561.4,318792235,2676305091,891.835,5595082445,678989830,630.954,379598570,4344675721,996.0469999999999
1594854847,-12.1566237,-77.023944,3,,,POINT (-77.023944 -12.1566237),4412506991,434289102,1029.509,,,,,,,459595827,678989831,2350.314,430458076,459457260,,436464371,1815623571,444.119,379598570,4344675721,1776.769
1594869196,-12.1567919,-77.0243651,3,,,POINT (-77.0243651 -12.1567919),4412506991,434289102,1072.8919999999998,,,,,,,459595827,678989831,2393.697,430458076,459457260,,436464371,1815623571,487.50199999999995,379598570,4344675721,1820.152
1717282343,-12.1476685,-77.0218233,3,,,POINT (-77.02182329999999 -12.1476685),436474376,434289093,458.841,,,,,,,459595827,678989831,1813.1939999999995,318792235,2676305091,429.17600000000004,5595079080,391009544,521.9680000000001,379598570,4344675721,855.117
1717282356,-12.1484899,-77.02288,3,,,POINT (-77.02288 -12.1484899),436474376,434289093,502.84299999999996,,,,,,,459595827,678989831,1716.6349999999998,318792235,2676305091,332.617,5595079080,391009544,425.409,379598570,4344675721,758.5579999999999
1815623554,-12.1553151,-77.0227706,4,,,POINT (-77.0227706 -12.1553151),4412506991,434289102,801.9520000000001,,,,,,,459595827,678989831,2122.757,430458076,459457260,,436464371,1815623571,216.562,379598570,4344675721,1549.212
1815623560,-12.152175,-77.021597,3,,,POINT (-77.021597 -12.152175),4412506991,434289102,584.6510000000001,,,,,,,459595827,678989831,1905.4560000000001,430458076,459457260,,5595086030,371265022,275.038,379598570,4344675721,1331.911
1815623566,-12.1530586,-77.0213466,3,,,POINT (-77.0213466 -12.1530586),4412506991,434289102,686.6039999999999,,,,,,,459595827,678989831,2007.409,430458076,459457260,,436464371,1815623571,464.42199999999997,379598570,4344675721,1433.8639999999998
1815623571,-12.154594,-77.02092,3,,,POINT (-77.02092 -12.154594),4412506991,434289102,863.5210000000001,,,,,,,459595827,678989831,2184.326,430458076,459457260,,436464371,1815623571,0.0,379598570,4344675721,1610.7810000000002
1815623573,-12.1533845,-77.0197145,3,,,POINT (-77.01971450000001 -12.1533845),4412506991,434289102,929.0490000000001,,,,,,,459595827,678989831,2249.8540000000003,430458076,459457260,,436464371,1815623571,706.8670000000001,379598570,4344675721,1676.3090000000002
1815623578,-12.1547319,-77.021291,4,,,POINT (-77.02129100000001 -12.1547319),4412506991,434289102,812.929,,,,,,,459595827,678989831,2133.734,430458076,459457260,,436464371,1815623571,43.145,379598570,4344675721,1560.189
1815623582,-12.153646,-77.0206579,3,,,POINT (-77.0206579 -12.153646),4412506991,434289102,822.4509999999999,,,,,,,459595827,678989831,2143.256,430458076,459457260,,436464371,1815623571,600.269,379598570,4344675721,1569.711
1815623586,-12.1537616,-77.0211473,3,,,POINT (-77.0211473 -12.1537616),4412506991,434289102,767.7209999999999,,,,,,,459595827,678989831,2088.526,430458076,459457260,,436464371,1815623571,545.539,379598570,4344675721,1514.9809999999998
1837245629,-12.1318709,-77.0195058,3,,,POINT (-77.0195058 -12.1318709),436631995,391017391,1327.979,,,,,,,4757036316,391017388,1478.8370000000004,511806555,7546524260,,436732540,391018142,1683.0700000000002,437212067,263640435,1982.379
1837245638,-12.1335304,-77.0181523,3,,,POINT (-77.0181523 -12.1335304),436631995,391017391,1242.725,,,,,,,4757036316,391017388,1393.5830000000003,511806555,7546524260,,436732540,391018142,1597.816,437212067,263640435,1897.1249999999998
1838358297,-12.1447806,-77.0200748,3,,,POINT (-77.0200748 -12.1447806),4344482235,391013653,595.868,,,,,,,459595827,678989831,1149.124,318792235,2676305091,717.446,5595079084,434289057,43.6,379598570,4344675721,852.9409999999999
1838358302,-12.1449064,-77.0202283,4,,,POINT (-77.0202283 -12.1449064),4344482235,391013653,497.137,,,,,,,459595827,678989831,1130.391,318792235,2676305091,618.715,5595079084,434289057,65.374,379598570,4344675721,823.3699999999999
1838358306,-12.1453997,-77.0198256,3,,,POINT (-77.0198256 -12.1453997),4344482235,391013653,426.95799999999997,,,,,,,459595827,678989831,1060.212,318792235,2676305091,548.536,436622704,316633871,303.397,379598570,4344675721,753.1909999999999
1838358309,-12.1504269,-77.0228153,3,,,POINT (-77.0228153 -12.1504269),436474200,316634164,530.4680000000001,,,,,,,459595827,678989831,1794.7020000000002,318792235,2676305091,924.6260000000001,5595086030,371265022,164.284,379598570,4344675721,1221.1570000000002
1838358314,-12.1513215,-77.0226677,4,,,POINT (-77.0226677 -12.1513215),4412506991,434289102,373.135,,,,,,,459595827,678989831,1693.94,430458076,459457260,,5595086030,371265022,63.522,379598570,4344675721,1120.3950000000002
1838358319,-12.1533981,-77.0230038,4,,,POINT (-77.0230038 -12.1533981),4412506991,434289102,588.579,,,,,,,459595827,678989831,1909.384,430458076,459457260,,436464371,1815623571,451.952,379598570,4344675721,1335.8390000000002
1845277063,-12.1413936,-77.0251256,3,,,POINT (-77.0251256 -12.1413936),4344482235,391013653,1020.0980000000001,,,,,,,4757036316,391017388,903.4649999999999,511806555,7546524260,,522148231,391008260,310.416,379598570,4344675721,575.4649999999999
1949862586,-12.1493291,-77.0230672,1,,,POINT (-77.0230672 -12.1493291),436474200,316634164,529.9369999999999,,,,,,,459595827,678989831,2046.5259999999998,318792235,2676305091,662.5079999999999,436570284,316634165,890.182,379598570,4344675721,1088.449
2174297459,-12.1403665,-77.0178427,3,,,POINT (-77.0178427 -12.1403665),4412525789,316757406,859.8069999999999,,,,,,,459595827,678989831,881.6370000000001,318792235,2676305091,1387.828,5595075565,391018361,56.813,379598570,4344675721,1149.934
2174304703,-12.1415203,-77.0180076,3,,,POINT (-77.0180076 -12.1415203),4412525789,316757406,914.417,,,,,,,459595827,678989831,936.2470000000001,318792235,2676305091,1442.438,5595082445,678989830,1005.8010000000002,379598570,4344675721,1204.5440000000003
2174311465,-12.13717,-77.0243489,3,,,POINT (-77.02434890000001 -12.13717),436631995,391017391,1476.4340000000002,,,,,,,4757036316,391017388,1004.3679999999999,511806555,7546524260,,657445334,391007955,739.2819999999999,437212067,263640435,1176.61
2489287675,-12.1434861,-77.0183399,4,,,POINT (-77.0183399 -12.1434861),4412525789,316757406,521.991,,,,,,,459595827,678989831,595.2320000000001,318792235,2676305091,784.577,5595082446,434288215,99.801,379598570,4344675721,888.7889999999999
2603948895,-12.1458842,-77.0211004,3,,,POINT (-77.02110039999999 -12.1458842),4344482235,391013653,72.83,,,,,,,459595827,678989831,1206.3810000000003,318792235,2676305091,194.408,436561158,434289087,215.19,379598570,4344675721,399.063
2603948896,-12.146036,-77.0171499,3,,,POINT (-77.01714990000001 -12.146036),4412525789,316757406,372.09800000000007,,,,,,,459595827,678989831,828.748,318792235,2676305091,1158.5950000000003,495933226,391022922,536.114,379598570,4344675721,1328.6570000000002
2676305050,-12.1460112,-77.0224508,3,,,POINT (-77.0224508 -12.1460112),436575326,2676305092,114.28399999999999,,,,,,,459595827,678989831,1439.4009999999998,318792235,2676305091,43.775,5595079080,391009544,49.016999999999996,379598570,4344675721,481.324
2676305051,-12.1468063,-77.0221854,3,,,POINT (-77.0221854 -12.1468063),5693127722,1192945730,65.123,,,,,,,459595827,678989831,1433.2910000000002,318792235,2676305091,49.273,5595079080,391009544,142.065,379598570,4344675721,475.214
2676305091,-12.1463894,-77.022339,3,,,POINT (-77.022339 -12.1463894),436575326,2676305092,70.509,,,,,,,459595827,678989831,1395.6260000000002,318792235,2676305091,0.0,5595079080,391009544,92.792,379598570,4344675721,437.549
2676305092,-12.1461785,-77.0217273,3,,,POINT (-77.02172729999999 -12.1461785),4344600221,2676305092,0.0,,,,,,,459595827,678989831,1325.1170000000002,318792235,2676305091,70.509,5595079080,391009544,163.301,379598570,4344675721,367.03999999999996
2676306772,-12.1540178,-77.0224873,3,,,POINT (-77.02248729999999 -12.1540178),4412506991,434289102,794.9149999999998,,,,,,,459595827,678989831,2115.72,430458076,459457260,,436464371,1815623571,266.175,379598570,4344675721,1542.1749999999997
2676306773,-12.1536924,-77.021605,3,,,POINT (-77.02160499999999 -12.1536924),4412506991,434289102,692.407,,,,,,,459595827,678989831,2013.212,430458076,459457260,,436464371,1815623571,163.667,379598570,4344675721,1439.667
2887495581,-12.135736,-77.0181618,4,,,POINT (-77.0181618 -12.135736),436631995,391017391,,,,,,,,4757036316,391017388,,511806555,7546524260,,436732540,391018142,,437212067,263640435,
2887499830,-12.1434873,-77.0240506,3,,,POINT (-77.0240506 -12.1434873),4344482235,391013653,692.543,,,,,,,4757036316,391017388,1043.286,318792235,2676305091,592.8349999999999,5595079081,391009545,235.768,379598570,4344675721,239.65000000000003
2887499842,-12.1432641,-77.0242692,3,,,POINT (-77.02426920000001 -12.1432641),4344482235,391013653,823.7310000000001,,,,,,,4757036316,391017388,1044.875,318792235,2676305091,724.023,5595079081,391009545,366.956,379598570,4344675721,370.838
2887499843,-12.1433706,-77.0246882,3,,,POINT (-77.0246882 -12.1433706),4344482235,391013653,773.984,,,,,,,4757036316,391017388,1124.727,318792235,2676305091,674.276,5595079081,391009545,317.209,379598570,4344675721,321.09100000000007
3261249482,-12.1491871,-77.0214767,3,crossing,,POINT (-77.02147669999999 -12.1491871),436474200,316634164,56.216,,,,,,,459595827,678989831,1704.9819999999995,318792235,2676305091,450.374,436570284,316634165,437.88300000000004,379598570,4344675721,746.905
3316136603,-12.1383624,-77.0177341,3,,,POINT (-77.0177341 -12.1383624),436631995,391017391,847.926,,,,,,,4757036316,391017388,998.784,318792235,2676305091,2005.246,5595075567,391020811,294.906,437212067,263640435,1502.326
3672893676,-12.1491937,-77.0189235,3,,,POINT (-77.0189235 -12.1491937),436474200,316634164,789.764,,,,,,,459595827,678989831,1309.147,430458076,459457260,,459260183,3672893676,0.0,379598570,4344675721,843.973
3672906437,-12.1454296,-77.0191148,4,,,POINT (-77.0191148 -12.1454296),4344482235,391013653,452.32,,,,,,,459595827,678989831,827.1930000000001,318792235,2676305091,573.898,436622704,316633871,70.37799999999999,379598570,4344675721,778.5529999999999
3672931639,-12.1421567,-77.0178859,3,,,POINT (-77.0178859 -12.1421567),4412525789,316757406,408.09900000000005,,,,,,,459595827,678989831,439.282,318792235,2676305091,1170.3960000000002,5595082445,678989830,499.48299999999995,379598570,4344675721,1274.6080000000002
3672931642,-12.1419458,-77.0175946,3,,,POINT (-77.0175946 -12.1419458),4412525789,316757406,364.84399999999994,,,,,,,459595827,678989831,821.494,318792235,2676305091,1127.141,5595082445,678989830,456.22799999999995,379598570,4344675721,1231.353
3672931645,-12.1343754,-77.0215681,3,motorway_junction,,POINT (-77.0215681 -12.1343754),436631995,391017391,,,,,,,,4757036316,391017388,,511806555,7546524260,,436732540,391018142,,437212067,263640435,
3825454543,-12.1476604,-77.0222164,4,,,POINT (-77.0222164 -12.1476604),436474376,434289093,416.059,,,,,,,459595827,678989831,1770.4119999999998,318792235,2676305091,386.394,5595079080,391009544,479.186,379598570,4344675721,812.3349999999999
3831532709,-12.1524703,-77.024055,1,,,POINT (-77.024055 -12.1524703),4412506991,434289102,591.583,,,,,,,459595827,678989831,1912.388,430458076,459457260,,5595086030,371265022,281.96999999999997,379598570,4344675721,1338.843
3831532710,-12.1528821,-77.0238707,1,,,POINT (-77.0238707 -12.1528821),4412506991,434289102,631.0949999999999,,,,,,,459595827,678989831,1951.9,430458076,459457260,,5595086030,371265022,321.48199999999997,379598570,4344675721,1378.3549999999998
3831532711,-12.1527231,-77.0227617,4,,,POINT (-77.0227617 -12.1527231),4412506991,434289102,509.252,,,,,,,459595827,678989831,1830.0570000000002,430458076,459457260,,5595086030,371265022,199.639,379598570,4344675721,1256.5120000000002
3952821598,-12.1358912,-77.0242556,3,motorway_junction,,POINT (-77.0242556 -12.1358912),436631995,391017391,889.1610000000001,,,,,,,4757036316,391017388,763.0519999999999,511806555,7546524260,,5595074952,391016290,546.341,437212067,263640435,272.443
3952827987,-12.1378889,-77.022524,3,traffic_signals,,POINT (-77.022524 -12.1378889),436631995,391017391,696.815,,,,,,,4757036316,391017388,391.19899999999996,511806555,7546524260,,657445335,391007955,269.751,437212067,263640435,396.991
3952828765,-12.1391512,-77.0223826,3,crossing,,POINT (-77.0223826 -12.1391512),436631995,391017391,1107.719,,,,,,,4757036316,391017388,635.653,511806555,7546524260,,657445335,391007955,127.608,379598570,4344675721,720.899
3952828770,-12.1394949,-77.0228173,3,,,POINT (-77.0228173 -12.1394949),436631995,391017391,1301.501,,,,,,,4757036316,391017388,829.435,511806555,7546524260,,657445335,391007955,63.602000000000004,379598570,4344675721,678.0669999999999
4053978694,-12.1359155,-77.0179144,4,,,POINT (-77.0179144 -12.1359155),436631995,391017391,728.8149999999999,,,,,,,4757036316,391017388,879.6729999999999,511806555,7546524260,,436732540,391018142,1083.906,437212067,263640435,1383.215
4170825803,-12.1562428,-77.0229905,4,traffic_signals,,POINT (-77.02299050000001 -12.1562428),4412506991,434289102,917.542,,,,,,,459595827,678989831,2238.347,430458076,459457260,,436464371,1815623571,332.152,379598570,4344675721,1664.8020000000001
4203689689,-12.143186,-77.0161057,5,,,POINT (-77.0161057 -12.143186),4412525789,316757406,151.22699999999998,,,,,,,459595827,678989831,607.8770000000001,318792235,2676305091,1066.8960000000002,5595082442,391022972,474.651,379598570,4344675721,1208.515
4264094073,-12.1484179,-77.0237257,1,,,POINT (-77.0237257 -12.1484179),436474376,434289093,633.518,,,,,,,459595827,678989831,1745.9999999999995,318792235,2676305091,361.982,5595079080,391009544,454.774,379598570,4344675721,787.9229999999999
4266807082,-12.13222,-77.017989,3,,,POINT (-77.017989 -12.13222),436631995,391017391,1140.0669999999998,,,,,,,4757036316,391017388,1290.9250000000002,511806555,7546524260,,436732540,391018142,1495.158,437212067,263640435,1794.4669999999999
4266807086,-12.1337994,-77.017974,3,traffic_signals,,POINT (-77.017974 -12.1337994),436631995,391017391,964.205,,,,,,,4757036316,391017388,1115.0630000000003,511806555,7546524260,,436732540,391018142,1319.296,437212067,263640435,1618.605
4266808690,-12.1337393,-77.0179653,4,,,POINT (-77.0179653 -12.1337393),436631995,391017391,970.9540000000001,,,,,,,4757036316,391017388,1121.8120000000004,511806555,7546524260,,436732540,391018142,1326.045,437212067,263640435,1625.354
4266808702,-12.1346932,-77.0179525,3,,,POINT (-77.01795250000001 -12.1346932),436631995,391017391,864.791,,,,,,,4757036316,391017388,1015.649,511806555,7546524260,,436732540,391018142,1219.8819999999998,437212067,263640435,1519.191
4266808707,-12.1358278,-77.0178147,4,,,POINT (-77.0178147 -12.1358278),436631995,391017391,749.603,,,,,,,4757036316,391017388,900.4609999999999,511806555,7546524260,,436732540,391018142,1104.694,437212067,263640435,1404.003
4266808708,-12.1358287,-77.0179171,4,,,POINT (-77.01791710000001 -12.1358287),436631995,391017391,738.471,,,,,,,4757036316,391017388,889.329,511806555,7546524260,,436732540,391018142,1093.562,437212067,263640435,1392.871
4266808709,-12.139033,-77.0178996,4,,,POINT (-77.01789960000001 -12.139033),436631995,391017391,370.856,,,,,,,4757036316,391017388,521.7139999999999,318792235,2676305091,1528.176,5595075565,391018361,205.22500000000002,437212067,263640435,1025.2559999999999
4266825894,-12.1462251,-77.0195265,3,,,POINT (-77.0195265 -12.1462251),5693127722,1192945730,612.754,,,,,,,459595827,678989831,940.207,318792235,2676305091,686.912,436622704,316633871,183.392,379598570,4344675721,891.567
4266831605,-12.1394042,-77.0195865,3,,,POINT (-77.0195865 -12.1394042),436631995,391017391,376.399,,,,,,,4757036316,391017388,480.304,318792235,2676305091,1385.3429999999998,5595075565,391018361,591.35,379598570,4344675721,1030.694
4266831608,-12.139538,-77.0194794,3,,,POINT (-77.01947939999999 -12.139538),436631995,391017391,356.67999999999995,,,,,,,4757036316,391017388,460.585,318792235,2676305091,1467.0469999999998,5595075565,391018361,571.631,379598570,4344675721,1112.398
4271742068,-12.1393296,-77.0202068,3,,,POINT (-77.0202068 -12.1393296),436631995,391017391,829.2520000000002,,,,,,,4757036316,391017388,274.94,318792235,2676305091,1272.936,421580357,391020463,186.91099999999997,379598570,4344675721,918.2869999999999
4271742070,-12.1402592,-77.020122,3,,,POINT (-77.020122 -12.1402592),436631995,391017391,933.0350000000001,,,,,,,4757036316,391017388,378.72299999999996,318792235,2676305091,1285.437,421580357,391020463,83.12799999999999,379598570,4344675721,930.7879999999999
4271747832,-12.1377229,-77.0198663,3,,,POINT (-77.0198663 -12.1377229),436631995,391017391,566.539,,,,,,,4757036316,391017388,164.449,511806555,7546524260,,5595074952,391016290,482.466,437212067,263640435,686.775
4271747833,-12.137822,-77.0204951,1,,,POINT (-77.02049510000001 -12.137822),436631995,391017391,721.5330000000001,,,,,,,4757036316,391017388,317.96700000000004,511806555,7546524260,,5595074952,391016290,635.9839999999999,437212067,263640435,840.2929999999999
4271747835,-12.1380514,-77.0213427,1,,,POINT (-77.02134270000001 -12.1380514),436631995,391017391,796.4270000000001,,,,,,,4757036316,391017388,242.115,511806555,7546524260,,5595074952,391016290,570.344,437212067,263640435,792.847
4271747836,-12.1385075,-77.0204275,3,,,POINT (-77.0204275 -12.1385075),436631995,391017391,644.9490000000001,,,,,,,4757036316,391017388,241.38299999999998,511806555,7546524260,,421580799,1192969371,711.454,437212067,263640435,763.709
4271747837,-12.1396755,-77.0206725,3,,,POINT (-77.0206725 -12.1396755),436631995,391017391,810.4740000000002,,,,,,,4757036316,391017388,256.162,318792235,2676305091,1254.1580000000001,421580357,391020463,315.87699999999995,379598570,4344675721,899.509
4271747838,-12.1397008,-77.0211819,3,,,POINT (-77.0211819 -12.1397008),436631995,391017391,865.922,,,,,,,4757036316,391017388,311.61,318792235,2676305091,1309.606,421580799,1192969371,381.175,379598570,4344675721,954.957
4271747839,-12.1407422,-77.01879,3,,,POINT (-77.01879 -12.1407422),436631995,391017391,908.0870000000001,,,,,,,459595827,678989831,770.488,318792235,2676305091,1276.679,5595075565,391018361,483.435,379598570,4344675721,1038.7849999999999
4271747840,-12.1414753,-77.0185295,1,,,POINT (-77.0185295 -12.1414753),4412525789,316757406,834.954,,,,,,,459595827,678989831,856.7840000000001,318792235,2676305091,1362.975,5595082445,678989830,926.3380000000001,379598570,4344675721,1125.0810000000001
4297316165,-12.153554,-77.0195538,3,,,POINT (-77.0195538 -12.153554),4412506991,434289102,1709.8870000000002,,,,,,,459595827,678989831,1753.6640000000002,430458076,459457260,,436464371,1815623571,2107.5170000000003,379598570,4344675721,1288.49
4343527370,-12.1535169,-77.0201747,3,,,POINT (-77.0201747 -12.1535169),4412506991,434289102,876.9029999999999,,,,,,,459595827,678989831,2197.708,430458076,459457260,,436464371,1815623571,654.721,379598570,4344675721,1624.163
4344532852,-12.1561788,-77.0228302,4,traffic_signals,,POINT (-77.0228302 -12.1561788),4412506991,434289102,898.7189999999999,,,,,,,459595827,678989831,2219.524,430458076,459457260,,436464371,1815623571,313.329,379598570,4344675721,1645.979
4344559504,-12.1534196,-77.0229382,3,,,POINT (-77.0229382 -12.1534196),4412506991,434289102,581.058,,,,,,,459595827,678989831,1901.8630000000003,430458076,459457260,,436464371,1815623571,459.47299999999996,379598570,4344675721,1328.318
4344559505,-12.1527459,-77.0226957,3,,,POINT (-77.0226957 -12.1527459),4412506991,434289102,501.643,,,,,,,459595827,678989831,1822.4480000000003,430458076,459457260,,5595086030,371265022,192.02999999999997,379598570,4344675721,1248.903
4344559506,-12.1524252,-77.0226573,3,,,POINT (-77.02265730000001 -12.1524252),4412506991,434289102,544.267,,,,,,,459595827,678989831,1865.0720000000001,430458076,459457260,,5595086030,371265022,234.654,379598570,4344675721,1291.527
4344600231,-12.141071,-77.0222311,3,,,POINT (-77.0222311 -12.141071),4344482235,391013653,961.0290000000001,,,,,,,4757036316,391017388,587.236,318792235,2676305091,861.321,421580799,1192969371,98.7,379598570,4344675721,506.67199999999997
4344675713,-12.1433114,-77.0221618,3,crossing,,POINT (-77.02216180000001 -12.1433114),4344482235,391013653,763.0640000000002,,,,,,,4757036316,391017388,837.0269999999998,318792235,2676305091,663.3560000000001,459259885,434289086,504.33099999999996,379598570,4344675721,33.391000000000005
4344675721,-12.1430951,-77.0221866,3,crossing,,POINT (-77.0221866 -12.1430951),4344482235,391013653,729.6730000000001,,,,,,,4757036316,391017388,1078.952,318792235,2676305091,629.965,459259885,434289086,470.94,379598570,4344675721,0.0
4344761205,-12.1424737,-77.0251727,3,,,POINT (-77.0251727 -12.1424737),4344482235,391013653,887.036,,,,,,,4757036316,391017388,1037.519,511806555,7546524260,,402968886,391010575,293.44399999999996,379598570,4344675721,434.143
4344837181,-12.1393854,-77.0190247,3,,,POINT (-77.0190247 -12.1393854),436631995,391017391,304.38,,,,,,,4757036316,391017388,408.28499999999997,318792235,2676305091,1414.7469999999998,5595075565,391018361,519.331,379598570,4344675721,1060.098
4344837187,-12.1392693,-77.01904,3,,,POINT (-77.01904 -12.1392693),436631995,391017391,451.179,,,,,,,4757036316,391017388,393.905,318792235,2676305091,1400.367,5595075565,391018361,666.13,379598570,4344675721,1045.7179999999998
4344855255,-12.1365036,-77.0247309,3,,,POINT (-77.02473089999999 -12.1365036),436631995,391017391,1570.4070000000002,,,,,,,4757036316,391017388,1098.341,511806555,7546524260,,657445334,391007955,833.2549999999999,437212067,263640435,1270.5829999999999
4344925246,-12.135027,-77.0201515,4,,,POINT (-77.0201515 -12.135027),436631995,391017391,364.61899999999997,,,,,,,4757036316,391017388,525.737,511806555,7546524260,,436732540,391018142,327.35900000000004,437212067,263640435,645.452
4344969017,-12.1363798,-77.0203457,3,,,POINT (-77.02034569999999 -12.1363798),436631995,391017391,341.308,,,,,,,4757036316,391017388,502.426,511806555,7546524260,,5595074952,391016290,326.21,437212067,263640435,530.519
4344969018,-12.1356653,-77.0205897,3,,,POINT (-77.0205897 -12.1356653),436631995,391017391,425.069,,,,,,,4757036316,391017388,586.187,511806555,7546524260,,436732540,391018142,128.66500000000002,437212067,263640435,446.75800000000004
4345055745,-12.1431761,-77.0139176,4,,,POINT (-77.0139176 -12.1431761),4412525789,316757406,271.303,,,,,,,459595827,678989831,384.274,318792235,2676305091,1404.2290000000003,415607447,678989864,148.249,379598570,4344675721,1545.8480000000002
4345080190,-12.1422259,-77.0134446,4,,,POINT (-77.0134446 -12.1422259),4412525789,316757406,577.655,,,,,,,459595827,678989831,266.769,318792235,2676305091,1493.324,5595082450,678989824,443.601,379598570,4344675721,1634.9430000000002
4345082541,-12.1389894,-77.0177656,3,,,POINT (-77.0177656 -12.1389894),436631995,391017391,386.20799999999997,,,,,,,4757036316,391017388,537.0659999999999,318792235,2676305091,1543.528,5595075565,391018361,220.577,437212067,263640435,1040.608
4345127084,-12.1375373,-77.0199017,1,,,POINT (-77.01990170000001 -12.1375373),436631995,391017391,587.5329999999999,,,,,,,4757036316,391017388,185.443,511806555,7546524260,,5595074952,391016290,503.46,437212067,263640435,707.769
4346082928,-12.1357623,-77.0208928,4,,,POINT (-77.0208928 -12.1357623),436631995,391017391,521.7450000000001,,,,,,,4757036316,391017388,642.792,511806555,7546524260,,436732540,391018142,93.995,437212067,263640435,412.08799999999997
4346146371,-12.146119,-77.0196453,4,,,POINT (-77.01964529999999 -12.146119),5693127722,1192945730,371.865,,,,,,,459595827,678989831,957.699,318792235,2676305091,446.02299999999997,436622704,316633871,200.884,379598570,4344675721,650.6779999999999
4346175440,-12.1366352,-77.0186223,4,,,POINT (-77.0186223 -12.1366352),436631995,391017391,104.882,,,,,,,4757036316,391017388,266.0,511806555,7546524260,,436732540,391018142,470.233,437212067,263640435,788.326
4346341384,-12.1453509,-77.0181051,4,,,POINT (-77.0181051 -12.1453509),4412525789,316757406,473.66599999999994,,,,,,,459595827,678989831,930.316,318792235,2676305091,742.28,495933226,391022922,303.12300000000005,379598570,4344675721,946.935
4381382084,-12.1544798,-77.0241774,3,,,POINT (-77.0241774 -12.1544798),4412506991,434289102,778.4029999999999,,,,,,,459595827,678989831,2099.208,430458076,459457260,,436464371,1815623571,480.794,379598570,4344675721,1525.6629999999998
4381382088,-12.1546852,-77.0242001,1,,,POINT (-77.0242001 -12.1546852),4412506991,434289102,801.38,,,,,,,459595827,678989831,2122.185,430458076,459457260,,436464371,1815623571,503.7710000000001,379598570,4344675721,1548.6399999999999
4381412243,-12.1518746,-77.0225656,3,,,POINT (-77.02256559999999 -12.1518746),4412506991,434289102,416.654,,,,,,,459595827,678989831,1737.4590000000003,430458076,459457260,,5595086030,371265022,107.041,379598570,4344675721,1163.914
4381412245,-12.1518265,-77.0224491,4,,,POINT (-77.0224491 -12.1518265),4412506991,434289102,402.906,,,,,,,459595827,678989831,1723.7110000000002,430458076,459457260,,5595086030,371265022,93.29299999999999,379598570,4344675721,1150.1660000000002
4381412246,-12.1518468,-77.0223928,3,,,POINT (-77.02239280000001 -12.1518468),4412506991,434289102,396.383,,,,,,,459595827,678989831,1717.188,430458076,459457260,,5595086030,371265022,86.77,379598570,4344675721,1143.6430000000003
4381412260,-12.1541065,-77.0232261,4,,,POINT (-77.0232261 -12.1541065),4412506991,434289102,666.955,,,,,,,459595827,678989831,1987.7600000000002,430458076,459457260,,436464371,1815623571,369.346,379598570,4344675721,1414.215
4381412261,-12.154082,-77.0231514,3,,,POINT (-77.0231514 -12.154082),4412506991,434289102,658.39,,,,,,,459595827,678989831,1979.1950000000002,430458076,459457260,,436464371,1815623571,377.91099999999994,379598570,4344675721,1405.6499999999999
4381412278,-12.1506112,-77.0233201,1,,,POINT (-77.02332010000001 -12.1506112),436474200,316634164,589.202,,,,,,,459595827,678989831,1853.4360000000001,318792235,2676305091,983.36,5595086030,371265022,223.01799999999997,379598570,4344675721,1279.891
4684389805,-12.1487387,-77.0233328,1,,,POINT (-77.02333280000001 -12.1487387),436474200,316634164,397.082,,,,,,,459595827,678989831,1773.1099999999997,318792235,2676305091,389.09200000000004,436570284,316634165,757.327,379598570,4344675721,815.0329999999999
4884495900,-12.1526133,-77.0183553,4,,,POINT (-77.0183553 -12.1526133),436464360,434289102,1759.0570000000002,,,,,,,459595827,678989831,1719.9539999999997,430458076,459457260,,430458075,678989705,91.441,379598570,4344675721,1337.66
5005642847,-12.1450986,-77.0253386,3,,,POINT (-77.0253386 -12.1450986),436575326,2676305092,2914.3850000000007,,,,,,,4757036316,391017388,2028.992,318792235,2676305091,2855.484000000001,440663309,391009544,2666.9100000000008,379598570,4344675721,2500.835000000001
5007673105,-12.1493898,-77.0216133,3,,,POINT (-77.0216133 -12.1493898),436474200,316634164,582.6700000000001,,,,,,,459595827,678989831,1846.904,318792235,2676305091,976.8280000000001,436570284,316634165,410.73800000000006,379598570,4344675721,1273.3590000000002
5524235598,-12.1525217,-77.0203764,3,,,POINT (-77.0203764 -12.1525217),4412506991,434289102,807.794,,,,,,,459595827,678989831,2128.599,430458076,459457260,,5595087687,678989669,1152.2350000000001,379598570,4344675721,1555.054
5667542274,-12.1395464,-77.02366,3,,,POINT (-77.02366000000001 -12.1395464),436631995,391017391,1201.7659999999998,,,,,,,4757036316,391017388,729.6999999999998,511806555,7546524260,,657445334,391007955,464.6139999999999,379598570,4344675721,578.3319999999999
5726583916,-12.1491361,-77.0216873,3,,,POINT (-77.0216873 -12.1491361),436474200,316634164,79.914,,,,,,,459595827,678989831,1728.6799999999998,318792235,2676305091,474.07200000000006,436570284,316634165,440.159,379598570,4344675721,770.603
5863766624,-12.1385551,-77.0224562,3,,,POINT (-77.02245619999999 -12.1385551),436631995,391017391,788.7610000000002,,,,,,,4757036316,391017388,316.695,511806555,7546524260,,657445335,391007955,195.24699999999999,437212067,263640435,488.937
6128880521,-12.1469196,-77.0249348,3,,,POINT (-77.0249348 -12.1469196),436575326,2676305092,3122.2530000000006,,,,,,,4757036316,391017388,2236.86,318792235,2676305091,3063.3520000000008,440663309,391009544,2874.7780000000007,379598570,4344675721,2708.703000000001
6128880536,-12.147092,-77.0249965,3,,,POINT (-77.0249965 -12.147092),436575326,2676305092,,,,,,,,4757036316,391017388,,318792235,2676305091,,440663309,391009544,,379598570,4344675721,
6128880544,-12.1444265,-77.0255317,3,,,POINT (-77.0255317 -12.1444265),436575326,2676305092,3103.8620000000005,,,,,,,4757036316,391017388,2218.469,318792235,2676305091,3044.9610000000007,440663309,391009544,2856.3870000000006,379598570,4344675721,2690.312000000001
7245129292,-12.1436137,-77.0153311,3,,,POINT (-77.0153311 -12.1436137),4412525789,316757406,20.523,,,,,,,459595827,678989831,465.58599999999996,318792235,2676305091,1174.2670000000003,5595082450,678989824,59.898,379598570,4344675721,1315.8860000000002
7546524260,-12.1413451,-77.0271654,3,,,POINT (-77.0271654 -12.1413451),4344482235,391013653,3534.175,,,,,,,4757036316,391017388,2607.975,511806555,7546524260,0.0,522148231,391008260,2857.1179999999995,379598570,4344675721,3079.8180000000007
7546524261,-12.1417156,-77.0276898,1,,,POINT (-77.0276898 -12.1417156),4344482235,391013653,3604.51,,,,,,,4757036316,391017388,2678.31,511806555,7546524260,70.335,522148231,391008260,2927.4529999999995,379598570,4344675721,3150.1530000000007
