source;target;wazeinfo0800_km;wazeinfo1400_km;wazeinfo0800_minutes;wazeinfo1400_minutes
1827770588;5946942220;3.543999999999999;3.543999999999999;6.916666666666666;6.916666666666666
8203602470;5946942220;3.7249999999999988;3.7249999999999988;7.450000000000001;7.633333333333333
1828805720;5946942220;3.5419999999999994;3.5419999999999994;7.133333333333333;7.116666666666665
1827770923;5946942220;4.043999999999999;4.043999999999999;8.15;8.366666666666667
4923229492;5946942220;1.5999999999999996;1.5999999999999996;4.283333333333333;4.133333333333333
9710425430;5946942220;1.6209999999999998;1.7779999999999994;9.883333333333335;12.216666666666669
914296867;5946942220;0.40700000000000003;0.40700000000000003;0.8333333333333333;0.85
4923229546;5946942220;2.2089999999999996;2.2089999999999996;7.0;6.866666666666665
11070563374;5946942220;3.032999999999999;3.032999999999999;10.133333333333333;9.183333333333334
1757612487;5946942220;0.707;0.707;2.8;2.683333333333333
11043504561;5946942220;0.713;0.713;2.0166666666666666;2.25
5364324671;5946942220;0.627;0.627;2.3;2.6
4286836411;5946942220;0.878;0.878;2.7;2.55
3743303475;5946942220;1.5649999999999995;1.5649999999999995;5.216666666666667;5.699999999999999
4286851694;5946942220;1.0510000000000002;1.0510000000000002;2.7333333333333334;2.7333333333333334
6162527064;5946942220;0.9760000000000001;0.9760000000000001;2.7;2.85
3743303306;5946942220;1.5299999999999998;1.5299999999999998;5.1;4.916666666666666
11070566309;5946942220;2.4519999999999986;2.4519999999999986;8.6;7.35
4286851488;5946942220;1.6649999999999996;1.6649999999999996;6.316666666666665;7.183333333333334
6484789351;5946942220;5.124999999999997;5.124999999999997;10.700000000000003;10.416666666666668
4990718307;5946942220;5.400999999999998;5.400999999999998;12.916666666666668;12.083333333333336
4741796484;5946942220;4.372999999999997;4.372999999999997;10.15;10.583333333333334
7030555937;5946942220;4.838999999999997;4.838999999999997;10.333333333333336;9.966666666666665
7030524667;5946942220;6.516999999999997;6.510999999999997;11.449999999999998;11.116666666666667
9736151310;5946942220;6.341999999999997;6.341999999999997;12.3;11.866666666666669
4939326002;5946942220;5.937999999999995;5.937999999999995;10.466666666666669;10.283333333333335
4978249015;5946942220;3.653999999999999;3.653999999999999;8.083333333333334;7.916666666666666
4337636854;5946942220;3.7819999999999987;3.7819999999999987;7.716666666666667;7.5
1828805397;5946942220;3.2199999999999993;3.2199999999999993;6.5;6.449999999999999
1828805526;5946942220;3.387999999999999;3.387999999999999;6.699999999999999;6.683333333333334
4978250778;5946942220;3.761999999999999;3.761999999999999;7.516666666666666;7.433333333333334
4990718317;5946942220;5.193999999999997;5.193999999999997;10.833333333333336;10.55
4741796414;5946942220;3.575999999999999;3.575999999999999;7.799999999999999;8.716666666666665
4791811311;5946942220;5.366999999999998;5.366999999999998;12.850000000000001;12.650000000000002
4978357053;5946942220;4.487999999999999;4.487999999999999;10.300000000000002;9.883333333333331
4610441786;5946942220;4.823999999999998;4.823999999999998;11.333333333333334;10.683333333333334
8231482488;5946942220;5.734999999999998;5.734999999999998;13.816666666666668;13.500000000000002
3056485835;5946942220;4.653999999999998;4.653999999999998;10.233333333333336;9.949999999999998
6255047557;5946942220;5.988999999999995;5.988999999999995;10.65;10.683333333333334
6255047525;5946942220;6.013999999999996;6.013999999999996;10.666666666666668;10.65
9193801669;5946942220;5.214999999999996;5.214999999999996;9.283333333333331;9.216666666666667
4741796481;5946942220;4.202999999999998;4.202999999999998;8.616666666666667;8.666666666666664
4506787960;5946942220;3.925999999999998;3.925999999999998;8.783333333333331;8.683333333333332
4224069728;5946942220;4.314999999999997;4.314999999999997;8.033333333333333;8.016666666666666
8142849356;5946942220;5.453999999999996;5.453999999999996;9.799999999999999;9.73333333333333
9736104393;5946942220;5.978999999999995;5.978999999999995;10.333333333333334;10.200000000000001
3792189838;5946942220;3.867999999999999;3.867999999999999;7.9833333333333325;8.133333333333333
11050631922;5946942220;2.112;2.112;5.950000000000001;5.616666666666667
4932675674;5946942220;2.6519999999999992;2.6519999999999992;4.816666666666666;4.816666666666666
10815677650;5946942220;11.680999999999997;9.698;28.38333333333333;24.033333333333324
4978141218;5946942220;2.6399999999999992;2.6399999999999992;6.283333333333333;6.033333333333333
1832710111;5946942220;5.248999999999999;5.248999999999999;10.083333333333334;10.783333333333335
4506935801;5946942220;3.0699999999999994;3.0699999999999994;6.133333333333333;6.133333333333333
4978182768;5946942220;0.6369999999999999;0.6369999999999999;1.4;1.3833333333333333
4506847642;5946942220;1.3639999999999999;1.3639999999999999;2.3833333333333333;2.333333333333333
8633894076;5946942220;2.122;2.1229999999999998;7.033333333333333;7.516666666666666
914296528;5946942220;0.222;0.222;0.6333333333333333;0.6333333333333333
4506712062;5946942220;1.3969999999999996;1.3969999999999996;3.3;3.25
5946942220;5946942220;0.0;0.0;0.0;0.0
9873150114;5946942220;3.7549999999999977;3.7549999999999977;11.000000000000002;12.850000000000003
513858708;5946942220;2.6469999999999994;2.6469999999999994;5.816666666666668;5.833333333333334
4932675500;5946942220;1.9969999999999999;1.9969999999999999;3.9;3.8833333333333333
9873214419;5946942220;3.096999999999999;3.096999999999999;8.5;7.6
4506788232;5946942220;2.867999999999999;2.867999999999999;6.666666666666666;6.216666666666667
4506787955;5946942220;3.5409999999999977;3.5409999999999977;7.799999999999999;7.883333333333333
4506712021;5946942220;1.9669999999999992;1.9759999999999993;4.433333333333334;4.75
4757548889;1524458694;5.426;5.426;11.13333333333334;10.916666666666671
5401301845;1524458694;5.653;5.653;12.283333333333339;12.016666666666671
8220965020;1524458694;5.068;5.068;10.150000000000004;9.933333333333335
5497424402;1524458694;6.930000000000001;6.930000000000001;10.95;10.700000000000003
8214037375;10733220291;1.0560000000000003;1.0560000000000003;2.2666666666666666;2.5
8142885263;10733220291;3.425999999999998;3.974999999999998;7.399999999999998;7.683333333333331
5079950754;1524458694;2.321999999999998;2.321999999999998;4.05;3.8
1524458676;1524458694;1.5779999999999998;1.5779999999999998;3.316666666666667;3.0
4757439957;1524458694;2.296;2.296;6.483333333333332;6.016666666666665
3048155841;1524458694;0.157;0.157;0.25;0.26666666666666666
8220727537;1524458694;2.2709999999999995;2.2709999999999995;3.683333333333333;3.8333333333333335
6353003780;1524458694;2.031999999999999;2.047999999999999;4.949999999999998;4.933333333333332
4755811984;1524458694;2.5889999999999995;2.5889999999999995;5.349999999999999;5.883333333333331
7639090463;1524458694;0.263;0.263;0.65;0.6166666666666667
1273474148;1524458694;0.094;0.094;0.23333333333333334;0.23333333333333334
4757713001;1524458694;0.17900000000000002;0.17900000000000002;0.8166666666666668;0.7833333333333333
7638993265;1524458694;0.7180000000000001;0.7180000000000001;2.233333333333333;2.2499999999999996
5079951157;10733220291;1.843999999999999;1.843999999999999;3.616666666666666;3.3499999999999996
1570070895;10733220291;1.6599999999999988;1.6599999999999988;3.166666666666666;3.333333333333333
1570070863;10733220291;0.5120000000000001;0.5120000000000001;0.9166666666666669;0.9333333333333335
11052003308;10733220291;0.7680000000000002;0.7680000000000002;1.8;1.8166666666666667
9834939015;10733220291;0.6170000000000001;0.6170000000000001;1.8666666666666665;1.8999999999999997
9029227367;10733220291;1.19;1.19;6.883333333333332;7.549999999999999
3268059901;10733220291;0.086;0.086;0.25;0.26666666666666666
8214041403;10733220291;0.8890000000000002;0.8890000000000002;1.7500000000000002;1.6333333333333333
10749523371;10733220291;2.8039999999999985;2.8039999999999985;5.2499999999999964;5.066666666666665
10749523371;1524458694;2.7229999999999985;2.7229999999999985;4.333333333333333;4.433333333333334
1273690384;10733220291;2.115999999999999;2.115999999999999;3.8666666666666663;3.4499999999999993
1273690384;1524458694;2.0029999999999992;2.0029999999999992;2.4;2.1166666666666667
10726667628;10733220291;2.7029999999999985;2.7029999999999985;5.7833333333333306;5.58333333333333
1273818987;10733220291;1.5629999999999988;1.5629999999999988;2.6166666666666663;2.533333333333333
5718685126;1524458694;1.9489999999999996;1.9489999999999996;5.499999999999999;5.516666666666667
5079950543;1524458694;1.7389999999999997;1.7389999999999997;2.9166666666666665;3.1166666666666667
11058034406;10733220291;2.6359999999999983;2.6359999999999983;6.383333333333331;6.766666666666665
5079950875;1524458694;2.5009999999999994;2.5009999999999994;6.000000000000001;6.166666666666667
5079950918;1524458694;3.0719999999999987;3.0719999999999987;7.883333333333334;7.666666666666667
3638030653;1524458694;1.5019999999999996;1.5019999999999996;2.083333333333333;2.1166666666666663
7053498364;10733220291;3.7409999999999983;3.7409999999999983;5.7499999999999964;5.549999999999997
4759952306;10733220291;0.54;0.54;1.6500000000000004;1.6000000000000003
5497506265;10733220291;3.741999999999998;3.741999999999998;8.450000000000001;8.116666666666667
11052232001;10733220291;2.2059999999999986;2.2059999999999986;4.449999999999998;4.249999999999999
5497530453;10733220291;4.295;4.295;9.433333333333337;9.166666666666671
9725801181;1524458694;8.527999999999999;8.533999999999999;15.850000000000007;16.95000000000001
4921437059;1524458694;7.349000000000001;7.355000000000001;13.016666666666675;13.600000000000007
10855443662;1524458694;8.075000000000001;8.075000000000001;13.683333333333342;14.200000000000008
1745766355;1524458694;5.303;5.303;12.983333333333338;11.200000000000005
5103405394;1524458694;4.767;4.767;9.5;9.633333333333335
8220930317;1524458694;2.744999999999999;2.744999999999999;5.249999999999998;5.066666666666665
1273691691;1524458694;2.1759999999999997;2.1759999999999997;3.6166666666666667;3.85
11059024321;1524458694;2.595999999999999;2.595999999999999;4.433333333333333;5.083333333333331
4793004549;1524458694;4.98;4.98;12.63333333333334;12.566666666666672
1847107877;1524458694;2.999999999999999;2.999999999999999;5.166666666666665;5.266666666666665
1273692045;1524458694;4.198;4.198;7.899999999999998;8.066666666666665
4759070043;1524458694;4.441;4.441;8.65;8.75
7897395549;1524458694;3.3989999999999987;3.3989999999999987;5.299999999999999;5.483333333333332
4792980184;1524458694;1.3669999999999998;1.3669999999999998;4.416666666666666;4.35
5148048318;1524458694;1.7119999999999995;1.7119999999999995;3.216666666666667;3.183333333333333
3640032981;1524458694;2.9779999999999984;2.9779999999999984;5.3166666666666655;5.033333333333332
3640032973;1524458694;2.6939999999999986;2.6939999999999986;4.883333333333333;5.2333333333333325
8220653416;1524458694;1.5759999999999994;1.5759999999999994;3.133333333333333;3.283333333333333
2910167401;1524458694;0.773;0.773;0.7333333333333333;0.7333333333333333
8163684280;1524458694;2.4409999999999994;2.4409999999999994;4.283333333333333;4.366666666666667
5079950598;1524458694;1.64;1.6239999999999999;4.166666666666667;3.9333333333333336
1575968007;1524458694;1.4429999999999996;1.4429999999999996;2.7666666666666666;2.666666666666666
4366950898;846536193;0.044000000000000004;0.021;0.05;0.05
1063807442;883962390;0.06400000000000002;0.06400000000000002;0.26666666666666666;0.23333333333333334
846782019;883962390;0.12100000000000004;0.12200000000000004;0.18333333333333335;0.21666666666666667
624670019;883962390;0.07600000000000001;0.07600000000000001;0.11666666666666667;0.11666666666666667
846503503;883962390;0.261;0.261;0.7000000000000001;0.7333333333333334
846503503;846536193;0.265;0.236;0.5833333333333334;0.6
7039563966;883962390;0.4450000000000002;0.4450000000000002;0.9833333333333335;1.0833333333333335
7039563966;846536193;0.4550000000000001;0.4260000000000001;1.0833333333333335;1.15
6046988698;883962390;0.007;0.007;0.0;0.0
421081383;883962390;0.14;0.14;0.38333333333333336;0.3333333333333333
847513935;883962390;0.07800000000000004;0.07800000000000004;0.06666666666666667;0.06666666666666667
624640867;883962390;0.066;0.066;0.3;0.25
10885531265;3374306426;0.44700000000000006;0.44700000000000006;1.5333333333333332;3.25
7788519701;3374306426;0.10800000000000001;0.10800000000000001;0.5;0.5833333333333334
7788519701;842548371;0.23500000000000004;0.23500000000000004;0.7166666666666669;0.8000000000000003
827015931;262577230;-0.849;-0.849;-0.7333333333333334;-0.7
827084396;262577230;-0.7109999999999999;-0.7109999999999999;-0.3833333333333333;-0.3666666666666665
1333065693;262577230;-0.35799999999999976;-0.35799999999999976;1.1499999999999995;1.5666666666666664
9382813433;262577230;0.2929999999999988;0.2929999999999988;1.8833333333333333;1.9833333333333334
848392003;883962390;0.059000000000000025;0.059000000000000025;0.05;0.05
1273787910;108064627;0.009000000000000001;0.009000000000000001;0.016666666666666666;0.016666666666666666
263115844;108064627;0.009000000000000001;0.009000000000000001;0.0;0.0
263110814;108064627;0.02600000000000001;0.02600000000000001;0.016666666666666666;0.016666666666666666
2974698167;108064627;0.14200000000000002;0.14200000000000002;0.2833333333333333;0.2833333333333333
263410646;108064627;0.020000000000000004;0.020000000000000004;0.0;0.0
1405227811;108064627;10.932999999999998;10.245999999999999;33.14999999999999;26.166666666666668
1405227811;259996518;10.899999999999997;10.212999999999997;33.133333333333326;26.150000000000002
263109823;108064627;0.017;0.017;0.0;0.0
3401130305;108064627;0.15200000000000008;0.15200000000000008;0.11666666666666665;0.11666666666666665
3401130305;259996518;0.12400000000000005;0.12400000000000005;0.09999999999999999;0.09999999999999999
419482961;108064627;0.10600000000000004;0.10600000000000004;0.03333333333333333;0.03333333333333333
419482961;259996518;0.07800000000000003;0.07800000000000003;0.016666666666666666;0.016666666666666666
262909424;108064627;0.07000000000000002;0.07000000000000002;0.05;0.03333333333333333
262909424;259996518;0.05700000000000002;0.05700000000000002;0.03333333333333333;0.016666666666666666
263936946;108064627;0.20000000000000007;0.20000000000000007;0.3833333333333333;0.41666666666666663
263936946;259996518;0.18100000000000005;0.18100000000000005;0.36666666666666664;0.39999999999999997
263936946;263935411;0.14300000000000002;0.14300000000000002;0.3833333333333333;0.3999999999999999
821403041;108064627;0.31400000000000006;0.31400000000000006;0.48333333333333334;0.43333333333333335
485616311;108064627;0.2540000000000001;0.2540000000000001;0.36666666666666664;0.5500000000000002
485616311;259996518;0.2260000000000001;0.2260000000000001;0.35;0.5333333333333334
411812741;108064627;0.054000000000000006;0.054000000000000006;0.0;0.0
263384644;108064627;0.08100000000000002;0.08100000000000002;0.016666666666666666;0.03333333333333333
262730044;108064627;0.14300000000000007;0.14300000000000007;0.18333333333333332;0.18333333333333332
262730044;259996518;0.09500000000000001;0.09500000000000001;0.16666666666666666;0.16666666666666666
263381115;108064627;0.20800000000000007;0.20800000000000007;0.24999999999999997;0.26666666666666666
10964552479;108064627;0.2370000000000001;0.2370000000000001;0.35;0.3333333333333333
263388738;108064627;0.05200000000000002;0.05200000000000002;0.0;0.0
263112383;108064627;0.06200000000000001;0.06200000000000001;0.016666666666666666;0.03333333333333333
638351759;108064627;0.058000000000000024;0.058000000000000024;0.016666666666666666;0.016666666666666666
108013939;108064627;0.07200000000000002;0.07200000000000002;0.016666666666666666;0.016666666666666666
108013939;259996518;0.033;0.033;0.0;0.0
262569014;108064627;0.049000000000000016;0.049000000000000016;0.016666666666666666;0.016666666666666666
262569014;259996518;0.022000000000000002;0.022000000000000002;0.0;0.0
4343202119;108064627;0.08500000000000003;0.08500000000000003;0.016666666666666666;0.016666666666666666
4343202119;259996518;0.020000000000000004;0.020000000000000004;0.0;0.0
262725566;108064627;0.06500000000000002;0.06500000000000002;0.016666666666666666;0.016666666666666666
262725566;259996518;0.006;0.006;0.0;0.0
6129253033;108064627;0.07400000000000002;0.07400000000000002;0.05;0.05
6129253033;259996518;0.061000000000000026;0.061000000000000026;0.03333333333333333;0.03333333333333333
262572274;108064627;0.04500000000000001;0.04500000000000001;0.016666666666666666;0.016666666666666666
262572274;259996518;0.026000000000000002;0.026000000000000002;0.0;0.0
108041437;108064627;0.06700000000000002;0.06700000000000002;0.016666666666666666;0.016666666666666666
108041437;259996518;0.05300000000000001;0.05300000000000001;0.0;0.0
1831676047;315564951;0.001;0.001;0.0;0.0
1831676047;1831666958;0.025;0.025;0.03333333333333333;0.03333333333333333
791159831;315564951;0.04100000000000001;0.04100000000000001;0.016666666666666666;0.016666666666666666
909271542;108064627;0.060000000000000026;0.060000000000000026;0.016666666666666666;0.016666666666666666
4115494081;108064627;0.07300000000000002;0.07300000000000002;0.1;0.1
257946653;888357854;0.05800000000000001;0.05800000000000001;0.06666666666666667;0.08333333333333333
257946653;4405129690;0.05900000000000001;0.05900000000000001;0.06666666666666667;0.09999999999999999
525904832;888357854;0.016;0.016;0.016666666666666666;0.0
525904832;4405129690;0.013000000000000001;0.013000000000000001;0.016666666666666666;0.016666666666666666
2055741227;108064627;0.04500000000000001;0.04500000000000001;0.0;0.0
263388533;108064627;0.037000000000000005;0.037000000000000005;0.0;0.0
874949793;108064627;0.05600000000000002;0.05600000000000002;0.0;0.0
528023636;108064627;0.034;0.034;0.0;0.0
1672764139;306533716;0.6480000000000001;0.6480000000000001;2.05;2.666666666666666
1672764139;632072770;0.6950000000000002;0.6950000000000002;2.0666666666666664;2.6999999999999993
1672764150;306533716;0.21800000000000008;0.21800000000000008;0.6000000000000001;0.5333333333333333
1672764150;632072770;0.26500000000000007;0.26500000000000007;0.6166666666666668;0.5666666666666667
5120134218;883962390;1.5069999999999975;1.5069999999999975;3.716666666666666;3.416666666666666
4112702970;883962390;1.0229999999999995;1.0229999999999995;2.9666666666666655;2.749999999999999
1670123735;883962390;0.21700000000000005;0.21700000000000005;0.26666666666666666;0.24999999999999997
450335313;4337488133;-0.838;-0.838;-0.6;-0.5666666666666667
838085508;306533716;0.08500000000000002;0.08500000000000002;0.13333333333333333;0.11666666666666665
838085508;632072770;0.13200000000000003;0.13200000000000003;0.15;0.15
306763146;883962390;0.3330000000000001;0.3330000000000001;0.49999999999999994;0.5166666666666666
306763146;473905036;0.19100000000000003;0.19100000000000003;0.3333333333333333;0.26666666666666666
306763146;306533716;0.2750000000000001;0.2750000000000001;0.48333333333333334;0.39999999999999997
306763146;632072770;0.3310000000000001;0.3310000000000001;0.5166666666666667;0.4333333333333333
1359845418;883962390;0.19000000000000003;0.19000000000000003;0.4333333333333333;0.3833333333333333
304904752;4337488133;-0.884;-0.884;-0.7166666666666667;-0.7
415835451;883962390;0.19300000000000003;0.19300000000000003;0.3333333333333333;0.36666666666666664
9146870067;473905036;0.18700000000000006;0.18700000000000006;0.21666666666666667;0.2
9146870067;306533716;0.04900000000000001;0.04900000000000001;0.03333333333333333;0.03333333333333333
9146870067;632072770;0.033;0.033;0.0;0.0
632362802;473905036;0.277;0.277;0.5166666666666667;0.48333333333333334
632362802;306533716;0.15300000000000002;0.15300000000000002;0.3333333333333333;0.31666666666666665
632362802;632072770;0.20900000000000005;0.20900000000000005;0.36666666666666664;0.35
4240137782;473905036;0.3300000000000001;0.3300000000000001;0.5166666666666667;0.5000000000000001
4240137782;306533716;0.19200000000000003;0.19200000000000003;0.33333333333333337;0.33333333333333337
4240137782;632072770;0.14500000000000002;0.14500000000000002;0.30000000000000004;0.30000000000000004
10978266528;473905036;0.4340000000000001;0.4340000000000001;0.6666666666666667;0.6666666666666666
10978266528;306533716;0.29600000000000004;0.29600000000000004;0.48333333333333334;0.49999999999999994
10978266528;632072770;0.24900000000000003;0.24900000000000003;0.45;0.4666666666666666
1672811523;306533716;0.07100000000000001;0.07100000000000001;0.08333333333333334;0.06666666666666667
1273731497;473905036;0.15900000000000006;0.15900000000000006;0.19999999999999998;0.18333333333333332
1273731497;306533716;0.031;0.031;0.016666666666666666;0.016666666666666666
1273731497;632072770;0.09100000000000003;0.09100000000000003;0.05;0.05
632068846;473905036;0.19200000000000006;0.19200000000000006;0.21666666666666667;0.2
632068846;306533716;0.054000000000000006;0.054000000000000006;0.03333333333333333;0.03333333333333333
632068846;632072770;0.01;0.01;0.0;0.0
5120134223;883962390;2.0879999999999983;2.0879999999999983;6.316666666666664;6.049999999999997
4115446197;883962390;1.5629999999999975;1.5629999999999975;3.8499999999999988;3.5499999999999994
5120132353;883962390;1.6679999999999977;1.6679999999999977;4.383333333333332;3.966666666666666
5605507444;883962390;2.974999999999998;2.974999999999998;9.216666666666672;8.783333333333337
6980956375;883962390;1.4039999999999975;1.4039999999999975;3.8833333333333324;3.466666666666666
7792325687;108064627;0.4450000000000001;0.4450000000000001;0.5833333333333333;0.5666666666666665
593898339;108064627;0.12800000000000006;0.12800000000000006;0.06666666666666668;0.06666666666666668
10941378518;108064627;0.14600000000000007;0.14600000000000007;0.11666666666666668;0.11666666666666668
10705247420;108064627;0.5090000000000001;0.5090000000000001;0.6833333333333333;0.7166666666666667
4331776155;108064627;0.13400000000000006;0.13400000000000006;0.06666666666666668;0.06666666666666668
442360065;4337488133;-0.722;-0.722;-0.3833333333333334;-0.2666666666666663
606937347;108064627;0.09000000000000005;0.09000000000000005;0.016666666666666666;0.016666666666666666
380945451;108064627;0.12500000000000006;0.12500000000000006;0.06666666666666668;0.06666666666666668
624448602;473905036;0.035;0.035;0.016666666666666666;0.016666666666666666
624448602;306533716;0.11300000000000003;0.11300000000000003;0.16666666666666666;0.15
624448602;632072770;0.16900000000000007;0.16900000000000007;0.19999999999999998;0.18333333333333332
5728804496;473905036;0.294;0.294;0.7000000000000003;0.6500000000000002
5728804496;306533716;0.38100000000000006;0.38100000000000006;0.8500000000000003;0.7833333333333335
628082363;473905036;0.30400000000000005;0.30400000000000005;0.49999999999999994;0.4666666666666667
628082363;306533716;0.21400000000000002;0.21400000000000002;0.4833333333333332;0.48333333333333334
628082363;632072770;0.27;0.27;0.5166666666666666;0.5166666666666667
4041917123;473905036;0.053;0.053;0.08333333333333333;0.03333333333333333
4041917123;306533716;0.15700000000000003;0.15700000000000003;0.23333333333333334;0.16666666666666669
4041917123;632072770;0.21300000000000005;0.21300000000000005;0.26666666666666666;0.2
2078112540;473905036;0.065;0.065;0.09999999999999999;0.09999999999999999
2078112540;306533716;0.15600000000000003;0.15600000000000003;0.25;0.23333333333333334
628054035;473905036;0.044000000000000004;0.044000000000000004;0.016666666666666666;0.016666666666666666
628054035;306533716;0.11200000000000003;0.11200000000000003;0.16666666666666666;0.15
628054035;632072770;0.16800000000000007;0.16800000000000007;0.19999999999999998;0.18333333333333332
1330684883;3374306426;0.21500000000000005;0.21500000000000005;0.4666666666666667;0.4499999999999999
1330684883;842548371;0.3420000000000001;0.3420000000000001;0.6833333333333335;0.6666666666666666
1331929966;3374306426;0.3700000000000001;0.3700000000000001;0.5333333333333333;0.5333333333333334
1331929966;842548371;0.49700000000000016;0.49700000000000016;0.7500000000000002;0.7500000000000003
1330495373;3374306426;0.29400000000000004;0.29400000000000004;0.7833333333333335;0.8000000000000002
1330621620;3374306426;0.10700000000000001;0.10700000000000001;0.08333333333333333;0.08333333333333333
1756757009;3374306426;0.40800000000000014;0.23000000000000007;1.8166666666666664;0.3
1273867859;3374306426;0.47200000000000014;0.47200000000000014;1.399999999999999;1.6333333333333329
8227303584;3374306426;0.559;0.559;1.3166666666666662;1.2499999999999998
3736732137;3374306426;0.013000000000000001;0.013000000000000001;0.0;0.0
843016833;3374306426;0.064;0.064;0.15;0.15
844402502;3374306426;0.271;0.271;0.2;0.2
5610421427;3374306426;1.0949999999999998;1.0949999999999998;5.316666666666667;5.183333333333334
5610421427;842548371;1.2039999999999995;1.2039999999999995;5.500000000000001;5.366666666666667
1332116493;3374306426;1.19;1.16;3.6833333333333327;3.5166666666666657
1332116493;842548371;1.1159999999999997;1.086;3.75;3.6166666666666663
842510847;3374306426;0.038000000000000006;0.038000000000000006;0.05;0.05
842510847;842548371;0.08900000000000001;0.08900000000000001;0.16666666666666666;0.16666666666666666
4493352663;3374306426;0.28900000000000003;0.28900000000000003;0.33333333333333326;0.3
4493352663;842548371;0.21500000000000002;0.21500000000000002;0.4;0.4
9136687368;3374306426;0.403;0.403;1.8833333333333329;1.6666666666666665
9136687368;842548371;0.512;0.512;2.066666666666666;1.8499999999999996
6394939470;3374306426;0.5340000000000001;0.5340000000000001;1.916666666666666;2.1666666666666665
6394939470;842548371;0.6430000000000001;0.6430000000000001;2.099999999999999;2.3499999999999996
1330494705;3374306426;0.37100000000000005;0.37100000000000005;0.9;1.7166666666666666
5840123556;824299223;2.1529999999999982;2.1529999999999982;4.649999999999999;5.449999999999998
5840123556;4315098988;2.2219999999999964;2.2219999999999964;4.766666666666665;5.549999999999998
8232678846;824299223;0.7590000000000002;0.7590000000000002;2.5166666666666666;2.7999999999999994
8232678846;4315098988;0.8280000000000003;0.8280000000000003;2.6333333333333337;2.8999999999999995
5177227255;3374306426;1.2789999999999975;1.2789999999999975;4.900000000000001;3.9833333333333334
9996650080;824299223;0.47800000000000015;0.47800000000000015;1.7833333333333337;2.0166666666666666
9996650080;4315098988;0.5470000000000002;0.5470000000000002;1.9000000000000001;2.1166666666666667
10759663140;3374306426;0.232;0.232;0.35000000000000003;0.35000000000000003
1273121864;3374306426;0.29100000000000004;0.29100000000000004;0.5166666666666667;0.5333333333333334
822559650;821687856;0.07100000000000001;0.10800000000000001;0.2333333333333333;0.2333333333333333
4270646799;821687856;0.022;0.022;0.15;0.18333333333333332
8943500582;1577564129;0.22000000000000003;0.22000000000000003;0.41666666666666663;0.4333333333333333
3063501916;821623991;0.139;0.139;0.6166666666666666;0.8333333333333333
6131077806;1577564129;0.01;0.01;0.03333333333333333;0.016666666666666666
6131077806;4368197142;0.06400000000000003;0.06400000000000003;0.08333333333333334;0.06666666666666667
1754974056;262577230;-0.746;-0.746;-0.3666666666666667;-0.43333333333333335
885811897;262577230;-0.982;-0.982;-0.9833333333333333;-0.95
885831092;262577230;-0.97;-0.97;-0.9833333333333333;-0.95
582805035;888357854;0.031000000000000003;0.031000000000000003;0.05;0.06666666666666667
582805035;4405129690;0.032;0.032;0.05;0.08333333333333333
1273702619;262577230;-0.845;-0.845;-0.85;-0.8333333333333334
1325975479;262577230;-0.5999999999999999;-0.5999999999999999;0.44999999999999973;0.4999999999999998
885930861;262577230;-0.941;-0.941;-0.9833333333333333;-0.95
1273675209;821623991;0.23;0.23;0.6000000000000001;0.6000000000000001
1778344877;821623991;0.305;0.305;0.9333333333333333;0.95
1775778051;821623991;0.32400000000000007;0.32400000000000007;0.8833333333333333;0.8500000000000001
1324512479;262577230;-0.35399999999999987;0.1049999999999991;0.9333333333333331;4.999999999999998
1324512682;262577230;-0.7669999999999999;-0.7669999999999999;-0.6333333333333333;-0.6166666666666667
10991189953;1273464986;3.4649999999999963;3.4649999999999963;11.883333333333338;14.733333333333341
8899766873;1273464986;2.213999999999995;1.9389999999999963;10.48333333333334;9.383333333333342
5067534355;1273464986;2.1649999999999956;2.1649999999999956;7.566666666666665;8.383333333333336
4447921030;1273464986;0.5750000000000001;0.5750000000000001;1.1666666666666667;1.1500000000000001
5067535113;1273464986;1.7759999999999962;1.7759999999999962;6.23333333333333;5.9499999999999975
5977251956;1273464986;3.4049999999999963;3.4049999999999963;8.76666666666667;10.5
4441491397;1273464986;2.8609999999999953;2.8639999999999954;10.35;11.483333333333338
5497126084;1273464986;1.9949999999999972;1.9949999999999972;6.716666666666666;8.450000000000001
5977251736;1273464986;7.021;7.021;21.55;21.7
6966946260;1273464986;4.3720000000000026;4.3720000000000026;14.616666666666672;14.766666666666673
1273741469;1273464986;0.2790000000000001;0.2790000000000001;0.7166666666666668;0.6333333333333333
5497613255;1273464986;0.3100000000000001;0.3100000000000001;0.5833333333333334;0.5666666666666667
4134193455;1273464986;0.06600000000000003;0.06600000000000003;0.08333333333333334;0.08333333333333334
1752729177;1273464986;0.058000000000000024;0.058000000000000024;0.08333333333333334;0.08333333333333334
10691468194;1273464986;1.7379999999999984;1.7379999999999984;8.550000000000002;5.933333333333331
4441537799;1273464986;1.8329999999999982;1.8329999999999982;6.85;6.899999999999999
1273723895;1273464986;0.5780000000000001;0.5780000000000001;1.4000000000000001;1.4666666666666668
10249169848;1273464986;2.5729999999999955;2.5729999999999955;11.983333333333343;11.800000000000011
5067176160;1273464986;0.8890000000000001;0.8890000000000001;3.2333333333333325;3.4499999999999997
8149709767;1273464986;3.112999999999996;3.112999999999996;10.783333333333335;12.516666666666667
390683423;108064627;0.19200000000000012;0.19200000000000012;0.16666666666666666;0.18333333333333332
390683423;259996518;0.15900000000000009;0.15900000000000009;0.15;0.16666666666666666
1273622846;108064627;0.3050000000000002;0.3050000000000002;0.21666666666666665;0.21666666666666665
1273622846;259996518;0.2720000000000002;0.2720000000000002;0.19999999999999998;0.19999999999999998
387445523;108064627;0.19800000000000006;0.19800000000000006;0.2333333333333333;0.21666666666666665
387445523;259996518;0.16500000000000006;0.16500000000000006;0.21666666666666665;0.19999999999999998
440189871;108064627;0.3850000000000001;0.3850000000000001;0.5833333333333335;0.5666666666666668
440189871;259996518;0.3520000000000001;0.3520000000000001;0.5666666666666668;0.55
4540617618;108064627;0.2390000000000001;0.2390000000000001;0.2;0.2
4540617618;259996518;0.2060000000000001;0.2060000000000001;0.18333333333333335;0.18333333333333335
440918237;108064627;0.2690000000000002;0.2690000000000002;0.2333333333333333;0.2333333333333333
440918237;259996518;0.23600000000000015;0.23600000000000015;0.21666666666666665;0.21666666666666665
377067586;108064627;0.21200000000000008;0.21200000000000008;0.3;0.31666666666666665
377067586;259996518;0.17900000000000008;0.17900000000000008;0.2833333333333333;0.3
1753159122;108064627;0.3080000000000002;0.3080000000000002;0.41666666666666663;0.35
1753159122;259996518;0.2750000000000002;0.2750000000000002;0.39999999999999997;0.3333333333333333
1414370363;108064627;0.25600000000000017;0.25600000000000017;0.13333333333333333;0.15
1414370363;259996518;0.22300000000000014;0.22300000000000014;0.11666666666666667;0.13333333333333333
434288204;108064627;0.37300000000000016;0.37300000000000016;0.5333333333333333;0.5333333333333333
434288204;259996518;0.34000000000000014;0.34000000000000014;0.5166666666666666;0.5166666666666666
8813588518;108064627;0.3890000000000001;0.3890000000000001;0.5333333333333333;0.5333333333333333
8813588518;259996518;0.3560000000000001;0.3560000000000001;0.5166666666666666;0.5166666666666666
7546524261;108064627;0.7920000000000001;0.7920000000000001;0.7000000000000001;0.7333333333333333
7546524261;259996518;0.7530000000000001;0.7530000000000001;0.6833333333333333;0.7166666666666666
678989668;108064627;0.5070000000000001;0.5070000000000001;2.316666666666666;1.6499999999999992
678989668;259996518;0.47400000000000014;0.47400000000000014;2.2999999999999994;1.6333333333333326
386151985;108064627;0.504;0.504;1.0;1.0666666666666664
386151985;259996518;0.47100000000000003;0.47100000000000003;0.9833333333333334;1.0499999999999998
4346164179;108064627;0.5720000000000001;0.5720000000000001;1.2333333333333332;1.2166666666666663
4346164179;259996518;0.539;0.539;1.2166666666666666;1.1999999999999997
114615167;108064627;0.11400000000000005;0.11400000000000005;0.016666666666666666;0.016666666666666666
114615167;259996518;0.07500000000000002;0.07500000000000002;0.0;0.0
4040883637;108064627;0.41900000000000015;0.41900000000000015;0.6166666666666669;0.7333333333333336
4040883637;259996518;0.3860000000000001;0.3860000000000001;0.6000000000000002;0.7166666666666669
4041042896;108064627;1.0659999999999985;1.0659999999999985;2.1166666666666663;2.016666666666666
4041042896;259996518;1.032999999999999;1.032999999999999;2.0999999999999996;1.9999999999999993
3150149353;108064627;0.4830000000000002;0.4830000000000002;0.5833333333333335;0.6000000000000001
3150149353;259996518;0.4500000000000002;0.4500000000000002;0.5666666666666668;0.5833333333333334
5023023104;108064627;0.5530000000000002;0.5530000000000002;1.0833333333333335;1.0333333333333334
5023023104;259996518;0.5200000000000001;0.5200000000000001;1.0666666666666669;1.0166666666666668
9890962282;108064627;0.37300000000000016;0.37300000000000016;0.5666666666666669;0.55
9890962282;259996518;0.34500000000000014;0.34500000000000014;0.5500000000000002;0.5333333333333333
3454210197;108064627;0.2230000000000001;0.2230000000000001;0.13333333333333333;0.13333333333333333
3454210197;259996518;0.19000000000000009;0.19000000000000009;0.11666666666666667;0.11666666666666665
6277866193;108064627;0.13700000000000004;0.13700000000000004;0.03333333333333333;0.03333333333333333
6277866193;259996518;0.10900000000000006;0.10900000000000006;0.016666666666666666;0.016666666666666666
464000006;108064627;0.1890000000000001;0.1890000000000001;0.16666666666666666;0.18333333333333332
464000006;259996518;0.15600000000000008;0.15600000000000008;0.15;0.16666666666666666
391037978;108064627;0.2280000000000001;0.2280000000000001;0.16666666666666666;0.16666666666666666
391037978;259996518;0.20000000000000007;0.20000000000000007;0.15;0.15
392148563;108064627;0.2570000000000002;0.2570000000000002;0.13333333333333333;0.13333333333333333
392148563;259996518;0.22400000000000014;0.22400000000000014;0.11666666666666667;0.11666666666666665
4510814611;108064627;0.14800000000000008;0.14800000000000008;0.05;0.05
4510814611;259996518;0.12000000000000005;0.12000000000000005;0.03333333333333333;0.03333333333333333
671080603;108064627;0.6610000000000003;0.6610000000000003;1.1499999999999997;1.0833333333333333
671080603;259996518;0.6280000000000002;0.6280000000000002;1.133333333333333;1.0666666666666667
386851763;108064627;0.2230000000000001;0.2230000000000001;0.13333333333333333;0.13333333333333333
386851763;259996518;0.19000000000000009;0.19000000000000009;0.11666666666666667;0.11666666666666665
1412884982;108064627;0.2330000000000001;0.2330000000000001;0.11666666666666665;0.11666666666666665
1412884982;259996518;0.2000000000000001;0.2000000000000001;0.09999999999999999;0.09999999999999999
414231295;108064627;0.2520000000000001;0.2520000000000001;0.18333333333333332;0.18333333333333332
414231295;259996518;0.2190000000000001;0.2190000000000001;0.16666666666666666;0.16666666666666666
262574097;108064627;0.07200000000000004;0.07200000000000004;0.016666666666666666;0.016666666666666666
262574097;259996518;0.03900000000000002;0.03900000000000002;0.0;0.0
263923195;108064627;0.10400000000000005;0.10400000000000005;0.016666666666666666;0.016666666666666666
263923195;259996518;0.07100000000000004;0.07100000000000004;0.0;0.0
114612795;108064627;0.06500000000000002;0.06500000000000002;0.06666666666666667;0.06666666666666667
114612795;259996518;0.03200000000000001;0.03200000000000001;0.05;0.05
2833179741;108064627;0.11500000000000005;0.11500000000000005;0.03333333333333333;0.03333333333333333
2833179741;259996518;0.08200000000000003;0.08200000000000003;0.016666666666666666;0.016666666666666666
263926099;108064627;0.07300000000000002;0.07300000000000002;0.016666666666666666;0.016666666666666666
263926099;259996518;0.04500000000000001;0.04500000000000001;0.0;0.0
263923815;108064627;0.14200000000000007;0.14200000000000007;0.05;0.05
263923815;259996518;0.10900000000000006;0.10900000000000006;0.03333333333333333;0.03333333333333333
262573576;108064627;0.07200000000000002;0.07200000000000002;0.016666666666666666;0.016666666666666666
262573576;259996518;0.047000000000000014;0.047000000000000014;0.0;0.0
1273903422;1273464986;0.11500000000000002;0.11500000000000002;0.26666666666666666;0.25
1273884968;1273464986;0.097;0.097;0.23333333333333334;0.23333333333333334
1715185289;1273464986;0.18200000000000005;0.18200000000000005;0.45;0.4333333333333333
10738673457;1273464986;1.4089999999999978;1.224999999999998;6.15;3.899999999999999
7231836094;1273464986;0.655;0.655;3.133333333333333;2.9499999999999997
1273889291;1273464986;0.16;0.16;0.35;0.35
10687085396;1024451887;0.3340000000000001;0.3340000000000001;0.5333333333333333;0.5333333333333333
10687085396;1577564129;0.4960000000000002;0.4960000000000002;0.8833333333333334;0.8833333333333335
10687085396;4368197142;0.4760000000000002;0.4760000000000002;0.9;0.9000000000000001
7189286457;4357846734;12.911999999999995;12.917999999999996;37.99999999999998;34.39999999999999
10687056646;1024451887;1.3149999999999973;1.3289999999999973;4.466666666666667;4.283333333333333
10687056646;1577564129;1.4769999999999952;1.4909999999999952;4.8166666666666655;4.633333333333332
10687056646;4368197142;1.4569999999999959;1.4709999999999959;4.833333333333332;4.649999999999999
7189286684;4357846734;0.9760000000000003;0.9760000000000003;3.5333333333333323;2.883333333333333
7189286467;4357846734;1.5789999999999986;1.5789999999999986;6.65;5.816666666666667
10910505528;1024451887;0.8160000000000001;0.8160000000000001;2.283333333333333;2.3499999999999996
10910505528;1577564129;0.9780000000000002;0.9780000000000002;2.633333333333333;2.6999999999999993
10910505528;4368197142;0.9580000000000002;0.9580000000000002;2.6499999999999995;2.716666666666666
7189278076;4357846734;1.3859999999999992;1.3859999999999992;5.4;4.75
1726147157;4357846734;0.5630000000000001;0.5630000000000001;1.1;1.0333333333333334
393867584;1024451887;0.21800000000000003;0.21800000000000003;0.3666666666666666;0.35
4214639806;1024451887;0.35800000000000004;0.35800000000000004;1.2666666666666666;1.1666666666666667
4214639806;1577564129;0.7820000000000003;0.7820000000000003;2.1166666666666667;2.0166666666666666
4214639806;4368197142;0.7620000000000002;0.7620000000000002;2.1333333333333333;2.033333333333333
1305343412;1306113324;0.17200000000000004;0.17200000000000004;0.4;0.43333333333333324
5380610921;1024451887;0.43500000000000005;0.43500000000000005;0.6833333333333332;0.65
5380610921;108064627;0.8430000000000002;0.8430000000000002;1.1499999999999997;1.0000000000000002
5380610921;259996518;0.8150000000000002;0.8150000000000002;1.133333333333333;0.9833333333333335
3954509364;1024451887;0.14100000000000001;0.14100000000000001;0.25;0.25
3954509364;1577564129;0.2830000000000001;0.2830000000000001;0.6;0.6
3954509364;4368197142;0.26300000000000007;0.26300000000000007;0.6166666666666666;0.6166666666666666
1024472533;1024451887;0.01;0.01;0.0;0.0
1024472533;1577564129;0.43400000000000016;0.43400000000000016;0.8500000000000001;0.8500000000000001
1024472533;4368197142;0.41400000000000015;0.41400000000000015;0.8666666666666667;0.8666666666666667
419484776;1024451887;1.5379999999999991;1.5369999999999986;3.5500000000000003;3.1333333333333333
791160064;108064627;0.31000000000000016;0.31000000000000016;0.5500000000000002;0.5166666666666667
791160064;259996518;0.28200000000000014;0.28200000000000014;0.5333333333333334;0.5
416660481;108064627;0.18900000000000006;0.18900000000000006;0.05;0.05
416660481;259996518;0.16100000000000006;0.16100000000000006;0.03333333333333333;0.03333333333333333
4022717915;259996518;0.16600000000000006;0.16600000000000006;0.18333333333333335;0.18333333333333335
485619262;108064627;0.2270000000000001;0.2270000000000001;0.21666666666666665;0.21666666666666665
485619262;259996518;0.1990000000000001;0.1990000000000001;0.19999999999999998;0.19999999999999998
1641248418;108064627;0.4470000000000002;0.4470000000000002;0.7833333333333334;0.6000000000000003
1641248418;259996518;0.41900000000000015;0.41900000000000015;0.7666666666666667;0.5833333333333336
4352887161;1024451887;0.6170000000000001;0.6120000000000001;1.2000000000000002;1.05
1273878060;108064627;0.37100000000000016;0.37100000000000016;0.35;0.35
1273878060;259996518;0.34300000000000014;0.34300000000000014;0.3333333333333333;0.3333333333333333
419484660;1024451887;0.4090000000000001;0.4040000000000001;0.7999999999999999;0.65
419483423;1024451887;1.0210000000000004;1.0160000000000002;2.4333333333333327;2.2833333333333337
315561768;108064627;1.0599999999999983;1.0599999999999983;1.0666666666666664;0.9500000000000002
315561768;259996518;1.0319999999999987;1.0319999999999987;1.0499999999999998;0.9333333333333335
1746791739;1577564129;0.11800000000000004;0.11800000000000004;0.23333333333333334;0.23333333333333334
1746791739;4368197142;0.09800000000000002;0.09800000000000002;0.25;0.25
1577492005;4368197142;0.30500000000000005;0.30500000000000005;0.7;0.6833333333333333
4321946405;1024451887;0.49;0.49;1.2833333333333337;1.1333333333333333
4321946405;1577564129;0.5800000000000001;0.5800000000000001;1.5000000000000002;1.35
4321946405;4368197142;0.56;0.56;1.516666666666667;1.366666666666667
471049676;1024451887;0.179;0.179;0.31666666666666665;0.31666666666666665
471049676;1577564129;0.2830000000000001;0.2830000000000001;0.5333333333333333;0.5333333333333333
471049676;4368197142;0.26300000000000007;0.26300000000000007;0.5499999999999999;0.5499999999999999
4356571368;1577564129;0.17100000000000004;0.17100000000000004;0.6833333333333335;0.9500000000000002
4356571368;4368197142;0.13400000000000004;0.13400000000000004;0.6833333333333333;0.9500000000000001
4320363830;4368197142;0.16799999999999998;0.16799999999999998;0.23333333333333334;0.25
1746791581;1577564129;0.11400000000000002;0.11400000000000002;0.16666666666666666;0.16666666666666666
1746791581;4368197142;0.17000000000000007;0.17000000000000007;0.21666666666666665;0.21666666666666665
471063001;1024451887;0.17500000000000002;0.17500000000000002;0.2833333333333333;0.30000000000000004
471063001;1577564129;0.3370000000000001;0.3370000000000001;0.6333333333333333;0.65
471063001;4368197142;0.31700000000000006;0.31700000000000006;0.6499999999999999;0.6666666666666666
411672138;1024451887;0.544;0.544;0.9333333333333335;0.9500000000000002
411672138;1577564129;0.7060000000000003;0.7060000000000003;1.2833333333333334;1.3000000000000003
411672138;4368197142;0.6860000000000003;0.6860000000000003;1.3000000000000003;1.316666666666667
1273804870;1024451887;0.221;0.221;0.44999999999999996;0.44999999999999996
1273804870;1577564129;0.3830000000000001;0.3830000000000001;0.8000000000000002;0.8000000000000002
1273804870;4368197142;0.3630000000000001;0.3630000000000001;0.8166666666666668;0.8166666666666668
411672155;1024451887;0.18600000000000003;0.18600000000000003;0.28333333333333327;0.33333333333333337
411672155;1577564129;0.40400000000000014;0.40400000000000014;0.7333333333333333;0.7666666666666668
411672155;4368197142;0.3840000000000001;0.3840000000000001;0.7499999999999999;0.7833333333333334
4475341518;1024451887;0.31800000000000006;0.31800000000000006;0.5333333333333333;0.7833333333333333
1273965948;1024451887;0.41400000000000003;0.41400000000000003;0.9333333333333333;0.9500000000000001
1273965948;1577564129;0.5760000000000002;0.5760000000000002;1.2833333333333332;1.3
1273965948;4368197142;0.5560000000000002;0.5560000000000002;1.3;1.3166666666666669
1746768966;1024451887;0.3650000000000001;0.3650000000000001;0.9166666666666667;0.8833333333333335
1746768966;4368197142;0.4060000000000001;0.4060000000000001;1.1333333333333333;1.0999999999999999
9960896303;1024451887;0.8390000000000001;0.8390000000000001;2.883333333333333;2.566666666666666
9960896303;1577564129;0.9290000000000002;0.9290000000000002;3.0999999999999996;2.7833333333333328
9960896303;4368197142;0.9090000000000001;0.9090000000000001;3.1166666666666663;2.7999999999999994
632178130;473905036;0.35200000000000015;0.35200000000000015;0.45;0.4333333333333333
632178130;306533716;0.21400000000000005;0.21400000000000005;0.26666666666666666;0.26666666666666666
632178130;632072770;0.16700000000000004;0.16700000000000004;0.23333333333333334;0.23333333333333334
632132503;473905036;0.3200000000000001;0.3200000000000001;0.4166666666666667;0.39999999999999997
632132503;306533716;0.18200000000000002;0.18200000000000002;0.23333333333333334;0.23333333333333334
632132503;632072770;0.13500000000000004;0.13500000000000004;0.2;0.2
10684434890;473905036;0.3240000000000001;0.3240000000000001;0.4166666666666667;0.39999999999999997
10684434890;306533716;0.18600000000000003;0.18600000000000003;0.23333333333333334;0.23333333333333334
10684434890;632072770;0.13900000000000004;0.13900000000000004;0.2;0.2
262729274;108064627;0.1770000000000001;0.1770000000000001;0.21666666666666665;0.24999999999999997
262729274;259996518;0.12800000000000006;0.12800000000000006;0.19999999999999998;0.2333333333333333
10748661761;108064627;0.871;0.871;1.0499999999999998;0.8166666666666668
10748661761;259996518;0.7999999999999999;0.7999999999999999;1.0333333333333332;0.8
5005516420;108064627;0.8390000000000001;0.8390000000000001;1.5166666666666664;1.5666666666666664
5005516420;259996518;0.8;0.8;1.4999999999999998;1.5499999999999998
138853239;108064627;0.05500000000000001;0.05500000000000001;0.016666666666666666;0.016666666666666666
138853239;259996518;0.016;0.016;0.0;0.0
133928358;108064627;0.07400000000000002;0.07400000000000002;0.016666666666666666;0.016666666666666666
133928358;259996518;0.035;0.035;0.0;0.0
4344656891;108064627;1.621999999999997;1.621999999999997;1.7333333333333332;1.4833333333333334
4344656891;259996518;1.5509999999999995;1.5509999999999995;1.7166666666666666;1.4666666666666668
1813624324;108064627;0.5440000000000002;0.5440000000000002;0.9166666666666671;0.9333333333333339
1813624324;259996518;0.5110000000000001;0.5110000000000001;0.9000000000000004;0.9166666666666672
3762096911;108064627;0.5430000000000001;0.5430000000000001;0.9166666666666671;0.9333333333333339
3762096911;259996518;0.5100000000000001;0.5100000000000001;0.9000000000000004;0.9166666666666672
3974728986;108064627;0.6600000000000003;0.6600000000000003;1.2166666666666666;1.2499999999999998
3974728986;259996518;0.6270000000000002;0.6270000000000002;1.2;1.2333333333333332
4226124310;108064627;0.8110000000000003;0.8110000000000003;1.4999999999999998;1.9999999999999991
4226124310;259996518;0.7780000000000002;0.7780000000000002;1.4833333333333332;1.9833333333333325
10170932630;108064627;0.4540000000000001;0.4540000000000001;0.7166666666666669;0.7000000000000003
10170932630;259996518;0.4210000000000001;0.4210000000000001;0.7000000000000002;0.6833333333333336
258310049;108064627;0.8060000000000002;0.8060000000000002;1.3499999999999999;1.3499999999999996
258310049;259996518;0.7730000000000001;0.7730000000000001;1.3333333333333333;1.333333333333333
347935337;108064627;1.2199999999999966;1.2199999999999966;2.1833333333333327;2.1999999999999993
347935337;259996518;1.1869999999999972;1.1869999999999972;2.166666666666666;2.1833333333333327
1814820957;4335734842;0.623;-0.379;1.7333333333333334;1.1166666666666663
1767758546;1767758546;0.0;0.0;0.0;0.0
1768676148;1767758546;0.297;0.297;0.8166666666666667;0.9666666666666667
5724259715;1767758546;1.6949999999999983;1.6879999999999982;6.083333333333332;4.616666666666665
1767758644;2875497297;0.182;0.182;0.35;0.3333333333333333
1767758644;2902138382;0.185;0.185;0.35;0.3333333333333333
1767758644;2875497291;0.186;0.186;0.36666666666666664;0.35
4904992666;1767758546;0.8109999999999999;0.869;2.633333333333333;3.283333333333333
1768675249;1767758546;0.41200000000000003;0.41200000000000003;0.9166666666666666;0.8833333333333333
10748618736;1767758546;0.14300000000000002;0.14300000000000002;0.21666666666666667;0.21666666666666667
1768676679;1767758546;0.6280000000000001;0.6280000000000001;1.416666666666667;1.4000000000000001
1768676824;1767758546;1.075;1.075;2.483333333333333;2.6499999999999995
8209509737;1767758546;1.048;1.048;4.516666666666667;3.0500000000000003
4024376449;2875497297;2.0229999999999992;2.0229999999999992;5.566666666666666;6.233333333333333
4024376449;2902138382;2.027999999999999;2.027999999999999;5.566666666666666;6.233333333333333
4024376449;2875497291;2.0339999999999994;2.0339999999999994;5.583333333333333;6.25
8141135820;1767758546;0.801;0.801;2.5666666666666664;2.8
1768676538;1767758546;0.8920000000000001;0.8920000000000001;1.8833333333333333;2.95
9049328669;1767758546;0.747;0.747;2.4999999999999996;2.016666666666666
2144201910;2875497297;0.717;0.717;1.6666666666666667;1.6166666666666667
2144201910;2902138382;0.72;0.72;1.6666666666666667;1.6166666666666667
2144201910;2875497291;0.733;0.733;1.6833333333333333;1.6333333333333333
8220077345;2875497297;1.102;1.102;2.4333333333333336;2.55
8220077345;2902138382;1.1050000000000002;1.1050000000000002;2.4333333333333336;2.55
8220077345;2875497291;1.118;1.118;2.45;2.5666666666666664
2876484745;2875497297;0.434;0.434;2.85;2.9
2876484745;2902138382;0.439;0.439;2.85;2.9
2876484745;2875497291;0.44499999999999995;0.44499999999999995;2.8666666666666667;2.9166666666666665
2875497840;2875497297;0.748;0.748;1.85;1.9499999999999997
2875497840;2902138382;0.753;0.753;1.85;1.9499999999999997
2875497840;2875497291;0.759;0.759;1.8666666666666667;1.9666666666666663
1767758131;1767758546;0.20600000000000004;0.20600000000000004;0.6;0.6
8128586348;1767758546;1.1079999999999999;1.1079999999999999;3.983333333333333;3.6166666666666667
8129083210;1767758546;1.044;1.7729999999999988;3.2499999999999996;4.999999999999999
8128970983;1767758546;0.729;0.729;1.7000000000000002;1.8499999999999996
9917935446;2875497297;4.174;4.174;10.21666666666667;11.5
9917935446;2902138382;4.179;4.179;10.21666666666667;11.5
9917935446;2875497291;4.185;4.185;10.233333333333338;11.516666666666667
9914865979;2875497297;4.656000000000001;4.656000000000001;11.083333333333337;12.366666666666665
9914865979;2902138382;4.6610000000000005;4.6610000000000005;11.083333333333337;12.366666666666665
9914865979;2875497291;4.667;4.667;11.100000000000005;12.383333333333333
8153758919;2875497297;5.479000000000002;5.479000000000002;12.816666666666668;14.1
8153758919;2902138382;5.484000000000002;5.484000000000002;12.816666666666668;14.1
8153758919;2875497291;5.490000000000001;5.490000000000001;12.833333333333336;14.116666666666667
1771012093;2875497297;3.82;3.82;9.533333333333335;10.816666666666668
1771012093;2902138382;3.8249999999999997;3.8249999999999997;9.533333333333335;10.816666666666668
1771012093;2875497291;3.831;3.831;9.550000000000002;10.833333333333336
8153770330;2875497297;6.105000000000001;6.105000000000001;14.583333333333337;15.500000000000002
8153770330;2902138382;6.110000000000001;6.110000000000001;14.583333333333337;15.500000000000002
8153770330;2875497291;6.1160000000000005;6.1160000000000005;14.600000000000005;15.51666666666667
5099278708;2875497297;4.464;4.464;10.633333333333335;11.983333333333333
5099278708;2902138382;4.469;4.469;10.633333333333335;11.983333333333333
5099278708;2875497291;4.475;4.475;10.650000000000002;12.0
4288636859;4335734842;1.3259999999999972;0.25399999999999734;3.666666666666667;2.716666666666667
9258358994;4335734842;2.679999999999997;1.6199999999999974;6.866666666666665;5.9499999999999975
10910185860;4335734842;0.7660000000000002;-0.23599999999999977;2.066666666666667;1.1
1814939572;4335734842;0.13300000000000003;-0.869;0.23333333333333334;-0.75
9131097248;4335734842;0.6380000000000001;-0.3639999999999999;1.9500000000000002;1.9333333333333331
1814939679;4335734842;0.07500000000000002;-0.9269999999999999;0.13333333333333336;-0.85
1814195185;4335734842;0.022000000000000006;-0.98;0.06666666666666668;-0.9
2469924521;4335734842;0.522;-0.48;1.416666666666667;0.5333333333333334
4336171207;4335734842;0.15900000000000006;-0.843;0.43333333333333335;-0.44999999999999996
1814820676;4335734842;0.8120000000000002;-0.18999999999999984;2.533333333333333;1.2166666666666663
8141983889;4335734842;0.9050000000000001;-0.05699999999999961;2.35;1.0666666666666669
10040121774;4335734842;0.275;-0.727;0.7000000000000001;-0.33333333333333337
1814821369;4335734842;1.1409999999999987;0.13899999999999868;2.1166666666666667;0.9833333333333334
10039973368;4335734842;1.1229999999999987;0.12099999999999866;2.75;1.4333333333333331
8211703303;4335734842;0.7140000000000001;-0.2879999999999999;1.3000000000000003;0.43333333333333357
8230386419;4335734842;1.5669999999999986;0.6269999999999984;4.5666666666666655;5.966666666666666
5022517836;821623991;3.7809999999999966;3.7659999999999973;7.266666666666663;7.016666666666663
4286720153;821623991;3.806999999999996;3.7919999999999967;9.100000000000001;8.733333333333334
4037163768;821623991;3.938999999999997;3.929999999999998;9.2;9.216666666666669
3738206185;821623991;3.5349999999999966;3.5359999999999974;7.899999999999997;7.599999999999997
4029476729;821623991;3.6879999999999966;3.6729999999999974;8.466666666666667;8.116666666666664
4751976345;821623991;4.287999999999997;4.272999999999998;10.083333333333337;10.250000000000005
10735894747;821623991;4.777999999999999;4.769;10.533333333333331;10.733333333333334
1571275827;821623991;3.5199999999999965;3.5049999999999972;6.93333333333333;6.683333333333329
5022497645;821623991;3.395999999999997;3.3809999999999976;6.749999999999997;6.48333333333333
2147960954;821623991;3.5169999999999964;3.501999999999997;7.0333333333333306;6.949999999999995
4022413219;821623991;3.6689999999999965;3.6539999999999973;7.099999999999997;6.849999999999995
5022517207;821623991;5.408000000000001;5.3930000000000025;12.166666666666668;11.866666666666669
8273030205;821623991;4.568999999999998;4.553999999999999;9.716666666666667;9.066666666666668
11038570134;821623991;3.2909999999999973;3.275999999999998;8.466666666666667;7.916666666666663
10735445379;821623991;2.7929999999999966;2.7779999999999974;6.266666666666664;5.883333333333329
5016834802;821623991;3.754999999999997;3.7399999999999975;10.933333333333337;10.300000000000004
5016788981;821623991;3.147999999999997;3.132999999999998;7.28333333333333;7.199999999999997
3738206325;821623991;3.4109999999999974;3.395999999999998;8.833333333333336;8.716666666666667
8230714390;821623991;3.3759999999999977;3.3609999999999984;8.6;8.216666666666667
3738206354;821623991;3.6239999999999966;3.6089999999999973;9.76666666666667;9.466666666666672
11028966748;821623991;3.7419999999999964;3.726999999999997;7.299999999999996;7.116666666666663
9029227394;10733220291;1.1729999999999998;1.1729999999999998;3.4833333333333334;3.466666666666667
10958660252;821623991;1.5369999999999981;1.5219999999999982;3.2833333333333345;3.200000000000001
3268059950;10733220291;0.44900000000000007;0.44900000000000007;0.8500000000000001;0.7666666666666667
4375948503;10733220291;0.8610000000000002;0.8610000000000002;1.366666666666667;1.366666666666667
5079535357;821623991;2.952999999999997;2.977999999999998;6.133333333333331;5.73333333333333
1746054506;821623991;2.386999999999997;2.3719999999999977;5.683333333333331;5.3333333333333295
1745790632;821623991;1.5479999999999983;1.5729999999999982;3.100000000000001;2.783333333333334
4738151311;821623991;3.264999999999997;3.255999999999998;7.683333333333331;7.516666666666663
1273675325;821623991;3.465999999999997;3.4439999999999977;7.766666666666663;7.2833333333333306
1342820005;824299223;0.20400000000000001;0.20400000000000001;0.6666666666666667;0.7666666666666668
1342820005;4315098988;0.198;0.198;0.6166666666666667;0.7
5723732939;824299223;0.7370000000000002;0.7370000000000002;3.883333333333333;4.166666666666666
5723732939;4315098988;0.7310000000000002;0.7310000000000002;3.833333333333333;4.1
4351779148;824299223;0.065;0.065;0.15;0.15
4351779148;4315098988;0.056;0.056;0.09999999999999999;0.08333333333333334
1342750038;824299223;0.20200000000000007;0.20200000000000007;0.5833333333333334;0.5833333333333335
1342750038;4315098988;0.21200000000000002;0.21200000000000002;0.5333333333333333;0.55
1343053277;824299223;0.19900000000000007;0.19900000000000007;0.7666666666666668;0.6833333333333336
1343053277;4315098988;0.193;0.193;0.7166666666666668;0.6166666666666667
1343054072;824299223;0.636;0.636;1.6333333333333333;1.3833333333333333
1343054072;4315098988;0.63;0.63;1.5833333333333333;1.3166666666666667
1342139133;824299223;0.09900000000000005;0.09900000000000005;0.15;0.13333333333333333
1342139133;4315098988;0.14900000000000002;0.14900000000000002;0.26666666666666666;0.23333333333333336
11070724969;824299223;24.600000000000012;25.091000000000008;69.71666666666661;66.04999999999995
11070724969;4315098988;24.59400000000001;25.085000000000004;69.66666666666661;65.98333333333329
5723884331;824299223;1.1089999999999993;1.1089999999999993;2.1666666666666665;2.133333333333333
5723884331;4315098988;1.1189999999999993;1.1189999999999993;2.1166666666666667;2.1
1975412626;824299223;1.035;1.0919999999999994;3.750000000000001;3.7
1975412626;4315098988;1.0450000000000002;1.1019999999999994;3.700000000000001;3.6666666666666674
8164433564;824299223;2.0049999999999986;1.9589999999999985;6.266666666666663;5.83333333333333
8164433564;4315098988;1.998999999999999;1.952999999999999;6.216666666666663;5.766666666666664
10056848900;824299223;24.43900000000001;24.930000000000007;69.53333333333329;65.86666666666662
10056848900;4315098988;24.433000000000007;24.924000000000003;69.48333333333329;65.79999999999995
10056844422;824299223;1.1929999999999992;1.1929999999999992;3.966666666666667;3.4833333333333334
10056844422;4315098988;1.1869999999999996;1.1869999999999996;3.916666666666667;3.4166666666666674
824153677;824299223;0.07300000000000001;0.07300000000000001;0.15;0.15
824153677;4315098988;0.14200000000000002;0.14200000000000002;0.26666666666666666;0.25
10991575109;824299223;0.12000000000000002;0.12000000000000002;0.25;0.23333333333333334
10991575109;4315098988;0.13;0.13;0.2;0.2
824298798;824299223;0.024;0.024;0.05;0.06666666666666667
824298798;4315098988;0.10300000000000001;0.10300000000000001;0.16666666666666669;0.16666666666666669
4356273453;824299223;0.19500000000000006;0.19500000000000006;0.49999999999999994;0.49999999999999994
4356273453;4315098988;0.20500000000000002;0.20500000000000002;0.44999999999999996;0.4666666666666667
1317288766;824299223;0.08100000000000003;0.08100000000000003;0.16666666666666666;0.18333333333333332
1317288766;4315098988;0.15000000000000002;0.15000000000000002;0.2833333333333333;0.2833333333333333
10061655996;824299223;2.245999999999998;2.245999999999998;5.8500000000000005;5.749999999999999
10061655996;4315098988;2.255999999999997;2.255999999999997;5.800000000000001;5.716666666666666
1968682298;824299223;0.6170000000000001;0.6170000000000001;1.4833333333333332;1.9666666666666668
1968682298;4315098988;0.6270000000000001;0.6270000000000001;1.4333333333333331;1.9333333333333333
1342912365;824299223;0.2760000000000001;0.2760000000000001;0.5500000000000002;0.5833333333333335
1342912365;4315098988;0.28600000000000003;0.28600000000000003;0.5000000000000001;0.55
10059831482;824299223;1.4099999999999981;1.466999999999998;3.1000000000000005;3.466666666666667
10059831482;4315098988;1.4199999999999982;1.476999999999998;3.0500000000000007;3.433333333333334
1342138710;824299223;0.35500000000000004;0.35500000000000004;1.4333333333333333;1.3833333333333335
1342138710;4315098988;0.365;0.365;1.3833333333333333;1.35
8164032286;824299223;5.387000000000001;5.387000000000001;17.933333333333334;17.4
8164032286;4315098988;5.381000000000002;5.381000000000002;17.883333333333333;17.333333333333332
8164263411;824299223;9.391;9.391;21.400000000000006;21.083333333333332
8164263411;4315098988;9.385000000000002;9.385000000000002;21.350000000000005;21.016666666666666
8164233804;824299223;0.8810000000000003;0.8810000000000003;2.8333333333333335;2.483333333333333
8164233804;4315098988;0.8750000000000003;0.8750000000000003;2.7833333333333337;2.416666666666667
5723856945;824299223;6.363000000000002;6.387000000000001;25.799999999999997;20.449999999999996
5723856945;4315098988;6.357000000000003;6.381000000000002;25.749999999999996;20.38333333333333
1755018085;824299223;0.3250000000000001;0.3250000000000001;0.8166666666666668;0.6666666666666666
1755018085;4315098988;0.39600000000000013;0.39600000000000013;0.9333333333333335;0.7666666666666667
3700155805;824299223;0.20600000000000007;0.20600000000000007;0.3333333333333333;0.31666666666666665
3700155805;4315098988;0.25100000000000006;0.25100000000000006;0.44999999999999996;0.41666666666666663
7264390999;824299223;0.6190000000000002;0.5970000000000002;1.4666666666666668;1.3166666666666667
7264390999;4315098988;0.6900000000000003;0.6680000000000003;1.5833333333333333;1.4166666666666665
1978321855;824299223;0.25300000000000006;0.25300000000000006;0.6333333333333334;0.6333333333333334
1978321855;4315098988;0.32400000000000007;0.32400000000000007;0.7500000000000001;0.7333333333333335
1344314134;824299223;0.29200000000000004;0.29200000000000004;0.8666666666666668;0.9166666666666666
1344314134;4315098988;0.29200000000000004;0.29200000000000004;0.8833333333333335;0.9166666666666666
7264410358;824299223;0.8150000000000003;0.7930000000000003;2.3666666666666663;2.016666666666666
7264410358;4315098988;0.8860000000000003;0.8640000000000003;2.4833333333333334;2.1166666666666663
826000596;821623991;0.6520000000000002;0.6370000000000002;1.3000000000000003;1.0499999999999998
1746054667;821623991;0.32200000000000006;0.30700000000000005;1.0833333333333335;0.8333333333333335
5049798099;4368197142;0.332;0.332;0.75;0.7833333333333333
9725634044;821623991;0.8930000000000003;0.8780000000000003;2.083333333333333;1.6666666666666663
826000675;821623991;0.8040000000000002;0.7890000000000001;1.5666666666666667;1.3166666666666664
1747285995;821623991;0.9050000000000002;0.8900000000000002;4.283333333333333;2.633333333333334
10733488609;821623991;1.7379999999999987;1.7229999999999988;3.1666666666666674;3.033333333333334
5421589620;1577564129;0.10800000000000003;0.10800000000000003;0.15;0.13333333333333333
5421589620;4368197142;0.07600000000000001;0.07600000000000001;0.16666666666666666;0.15
1940315150;821623991;0.396;0.381;1.85;2.6500000000000004
3035972000;1577564129;0.14600000000000002;0.14600000000000002;0.38333333333333325;0.48333333333333334
3035972000;4368197142;0.15000000000000002;0.15000000000000002;0.3999999999999999;0.5
825421837;821623991;0.23800000000000002;0.22300000000000003;0.5499999999999999;0.4666666666666666
5460984931;1577564129;0.41100000000000003;0.41100000000000003;1.0999999999999999;1.1333333333333335
5460984931;4368197142;0.381;0.381;1.1166666666666667;1.1500000000000004
825421960;821623991;0.402;0.387;1.1666666666666667;0.9833333333333333
10011760546;1577564129;0.08100000000000003;0.08100000000000003;0.13333333333333333;0.08333333333333333
10011760546;4368197142;0.017;0.017;0.08333333333333333;0.03333333333333333
3626044190;4368197142;0.08099999999999999;0.08099999999999999;0.13333333333333333;0.13333333333333333
5560001605;821623991;3.7789999999999964;3.763999999999997;8.499999999999998;8.066666666666663
6481934997;821623991;3.304999999999997;3.289999999999998;6.866666666666664;6.966666666666662
5560075525;821623991;4.430999999999998;4.4159999999999995;10.133333333333336;9.833333333333337
5016835035;821623991;3.4609999999999967;3.4459999999999975;7.13333333333333;6.899999999999996
10897852077;821623991;3.330999999999997;3.3159999999999976;6.766666666666664;6.549999999999996
1273578478;821623991;2.283999999999998;2.268999999999999;5.333333333333331;4.633333333333332
826000498;821623991;1.2939999999999985;1.2789999999999986;2.3333333333333335;2.1166666666666663
8223187490;821623991;1.5009999999999981;1.4859999999999982;2.9166666666666674;2.6833333333333345
8223187482;821623991;1.1769999999999994;1.1619999999999995;2.0;1.7666666666666664
5016802420;821623991;2.889999999999997;2.874999999999998;6.4499999999999975;6.116666666666663
10724526656;821623991;1.700999999999998;1.6859999999999982;3.616666666666667;3.2166666666666677
1571275764;821623991;2.684999999999997;2.6699999999999977;6.049999999999997;5.9166666666666625
6481881662;821623991;0.9840000000000002;1.0619999999999998;3.0500000000000007;3.4666666666666672
825427936;821623991;0.33100000000000007;0.31600000000000006;1.25;1.0833333333333333
6389932553;821623991;0.43500000000000005;0.43500000000000005;1.4666666666666668;1.25
1941200716;821623991;0.6250000000000001;0.6100000000000001;1.5666666666666669;2.05
5059003068;821623991;6.8919999999999995;6.877000000000001;16.91666666666667;16.8
9124416892;821623991;1.2539999999999993;1.2389999999999994;3.133333333333334;2.933333333333334
9906955931;821623991;7.202999999999999;7.188000000000001;17.833333333333336;17.71666666666667
8215228537;10733220291;4.746999999999998;4.746999999999998;10.700000000000005;10.633333333333338
5497506086;10733220291;4.167;4.192;9.41666666666667;9.36666666666667
11054194577;10733220291;5.528999999999999;5.528999999999999;14.566666666666663;14.266666666666666
5079950175;10733220291;4.317;4.317;9.783333333333337;9.683333333333335
5079898549;10733220291;4.3420000000000005;4.3420000000000005;9.46666666666667;9.183333333333339
5560017478;4335734842;2.0269999999999975;1.0249999999999977;4.116666666666666;2.7999999999999994
9555478243;4335734842;2.358999999999997;1.2869999999999973;6.233333333333332;5.216666666666665
9451806182;4335734842;2.2759999999999967;1.2039999999999975;6.016666666666664;5.099999999999999
4373130104;4335734842;2.481999999999997;1.4099999999999975;6.183333333333332;5.249999999999998
7940793864;4335734842;1.4249999999999972;0.3529999999999973;3.7833333333333337;2.8333333333333335
9906352160;4335734842;3.3109999999999955;2.2389999999999954;7.283333333333331;6.349999999999998
